#2026 06 19 13:09:29.026#Z#INFO#1ab74262-6be0-11f1-9c60-eeee0a944cb1.OPERATION#http-nio-0.0.0.0-8080-exec-6#
[XS2StartProcessListener] Operation ID: 1ab74262-6be0-11f1-9c60-eeee0a944cb1#
#2026 06 19 13:09:29.053#Z#DEBUG#1ab74262-6be0-11f1-9c60-eeee0a944cb1.OPERATION#http-nio-0.0.0.0-8080-exec-6#
[XS2StartProcessListener] Process environment: {
  "SKIP_SSL_VALIDATION" : "false",
  "FLOWABLE_JOB_EXECUTOR_MAX_THREADS" : "32",
  "VERSION" : "2.47.0",
  "BASIC_AUTH_ENABLED" : "true",
  "FLOWABLE_JOB_EXECUTOR_QUEUE_CAPACITY" : "16",
  "FLOWABLE_JOB_EXECUTOR_CORE_THREADS" : "8"
}#
#2026 06 19 13:09:29.053#Z#DEBUG#1ab74262-6be0-11f1-9c60-eeee0a944cb1.OPERATION#http-nio-0.0.0.0-8080-exec-6#
[XS2StartProcessListener] Current user: anderson.leme@copacol.com.br#
#2026 06 19 13:09:29.053#Z#DEBUG#1ab74262-6be0-11f1-9c60-eeee0a944cb1.OPERATION#http-nio-0.0.0.0-8080-exec-6#
[XS2StartProcessListener] Client space: dev#
#2026 06 19 13:09:29.053#Z#DEBUG#1ab74262-6be0-11f1-9c60-eeee0a944cb1.OPERATION#http-nio-0.0.0.0-8080-exec-6#
[XS2StartProcessListener] Client organization: ba813a92trial#
#2026 06 19 13:09:29.053#Z#INFO#1ab74262-6be0-11f1-9c60-eeee0a944cb1.OPERATION#http-nio-0.0.0.0-8080-exec-6#
[XS2StartProcessListener] Process variables: {
  "keepFiles" : false,
  "skipAppDigestCalculation" : false,
  "abortOnError" : false,
  "mtaId" : "sales-order-backend",
  "noFailOnMissingPermissions" : false,
  "isSecurityEnabled" : false,
  "apiRequestPath" : "https://deploy-service.cf.us10-001.hana.ondemand.com/api/v1/spaces/ae9342aa-7336-4acd-84c5-ad75d5846c01/operations",
  "deleteServiceBrokers" : false,
  "appArchiveId" : "99e62ec1-825d-42a9-9347-b2e5a0b846d0",
  "isDisposableUserProvidedServiceEnabled" : false,
  "deleteServiceKeys" : false,
  "noRestartSubscribedApps" : false,
  "noStart" : false,
  "deleteServices" : false
}#
#2026 06 19 13:09:29.110#Z#DEBUG#1ab74262-6be0-11f1-9c60-eeee0a944cb1.OPERATION#flowable-async-job-executor-thread-6690#
[ValidateDeployParametersStep] Executing task "validateParametersTask" of process "1ab74288-6be0-11f1-9c60-eeee0a944cb1"...#
#2026 06 19 13:09:29.111#Z#DEBUG#1ab74262-6be0-11f1-9c60-eeee0a944cb1.OPERATION#flowable-async-job-executor-thread-6690#
[ValidateDeployParametersStep] Validating parameters...#
#2026 06 19 13:09:29.113#Z#INFO#1ab74262-6be0-11f1-9c60-eeee0a944cb1.OPERATION#flowable-async-job-executor-thread-6690#
[ValidateDeployParametersStep] Size of mtars is 410,100 and size of extension descriptors is 0#
#2026 06 19 13:09:29.176#Z#INFO#1ab74262-6be0-11f1-9c60-eeee0a944cb1.OPERATION#flowable-async-job-executor-thread-6690#
[ValidateDeployParametersStep] Archive was not split! Total size in bytes: 410,100#
#2026 06 19 13:09:29.176#Z#INFO#1ab74262-6be0-11f1-9c60-eeee0a944cb1.OPERATION#flowable-async-job-executor-thread-6690#
[ValidateDeployParametersStep] Deploying in org "ba813a92trial" and space "dev"#
#2026 06 19 13:09:29.188#Z#DEBUG#1ab74262-6be0-11f1-9c60-eeee0a944cb1.OPERATION#flowable-async-job-executor-thread-6690#
[ValidateDeployParametersStep] Parameters validated#
#2026 06 19 13:09:29.188#Z#DEBUG#1ab74262-6be0-11f1-9c60-eeee0a944cb1.OPERATION#flowable-async-job-executor-thread-6690#
Step "Validate Parameters" finished#
#2026 06 19 13:09:29.232#Z#DEBUG#1ab74262-6be0-11f1-9c60-eeee0a944cb1.OPERATION#flowable-async-job-executor-thread-6691#
[DeleteRemainingFileParts] Executing task "deleteRemainingFileParts" of process "1ab74288-6be0-11f1-9c60-eeee0a944cb1"...#
#2026 06 19 13:09:29.233#Z#DEBUG#1ab74262-6be0-11f1-9c60-eeee0a944cb1.OPERATION#flowable-async-job-executor-thread-6691#
Step "Delete Remaining File Parts" finished#
#2026 06 19 13:09:29.273#Z#DEBUG#1ab74262-6be0-11f1-9c60-eeee0a944cb1.OPERATION#flowable-async-job-executor-thread-6692#
[XS2ProcessMtaArchiveStep] Executing task "processArchiveTask" of process "1ab74288-6be0-11f1-9c60-eeee0a944cb1"...#
#2026 06 19 13:09:29.274#Z#DEBUG#1ab74262-6be0-11f1-9c60-eeee0a944cb1.OPERATION#flowable-async-job-executor-thread-6692#
[XS2ProcessMtaArchiveStep] Processing MTA archive...#
#2026 06 19 13:09:29.274#Z#DEBUG#1ab74262-6be0-11f1-9c60-eeee0a944cb1.OPERATION#flowable-async-job-executor-thread-6692#
[XS2ProcessMtaArchiveStep] MTA Archive ID: 99e62ec1-825d-42a9-9347-b2e5a0b846d0#
#2026 06 19 13:09:29.442#Z#DEBUG#1ab74262-6be0-11f1-9c60-eeee0a944cb1.OPERATION#flowable-async-job-executor-thread-6692#
[XS2ProcessMtaArchiveStep] MTA Descriptor length: 1,721#
#2026 06 19 13:09:29.442#Z#DEBUG#1ab74262-6be0-11f1-9c60-eeee0a944cb1.OPERATION#flowable-async-job-executor-thread-6692#
[XS2ProcessMtaArchiveStep] MTA Archive Modules: [sales-order-backend-db-deployer, sales-order-backend-service, sales-order-backend-app-router]#
#2026 06 19 13:09:29.442#Z#DEBUG#1ab74262-6be0-11f1-9c60-eeee0a944cb1.OPERATION#flowable-async-job-executor-thread-6692#
[XS2ProcessMtaArchiveStep] MTA Archive Requires: []#
#2026 06 19 13:09:29.442#Z#DEBUG#1ab74262-6be0-11f1-9c60-eeee0a944cb1.OPERATION#flowable-async-job-executor-thread-6692#
[XS2ProcessMtaArchiveStep] MTA Archive Resources: [sales-order-backend-uaa]#
#2026 06 19 13:09:29.453#Z#DEBUG#1ab74262-6be0-11f1-9c60-eeee0a944cb1.OPERATION#flowable-async-job-executor-thread-6692#
[XS2ProcessMtaArchiveStep] MTA archive processed#
#2026 06 19 13:09:29.453#Z#DEBUG#1ab74262-6be0-11f1-9c60-eeee0a944cb1.OPERATION#flowable-async-job-executor-thread-6692#
Step "Process Archive" finished#
#2026 06 19 13:09:29.499#Z#DEBUG#1ab74262-6be0-11f1-9c60-eeee0a944cb1.OPERATION#flowable-async-job-executor-thread-6693#
[ProcessMtaExtensionDescriptorsStep] Executing task "processExtensionDescriptorsTask" of process "1ab74288-6be0-11f1-9c60-eeee0a944cb1"...#
#2026 06 19 13:09:29.500#Z#DEBUG#1ab74262-6be0-11f1-9c60-eeee0a944cb1.OPERATION#flowable-async-job-executor-thread-6693#
[ProcessMtaExtensionDescriptorsStep] Processing MTA extension descriptors...#
#2026 06 19 13:09:29.500#Z#DEBUG#1ab74262-6be0-11f1-9c60-eeee0a944cb1.OPERATION#flowable-async-job-executor-thread-6693#
[ProcessMtaExtensionDescriptorsStep] Provided extension descriptors: [ ]#
#2026 06 19 13:09:29.500#Z#DEBUG#1ab74262-6be0-11f1-9c60-eeee0a944cb1.OPERATION#flowable-async-job-executor-thread-6693#
[ProcessMtaExtensionDescriptorsStep] No extension descriptors in use#
#2026 06 19 13:09:29.500#Z#DEBUG#1ab74262-6be0-11f1-9c60-eeee0a944cb1.OPERATION#flowable-async-job-executor-thread-6693#
[ProcessMtaExtensionDescriptorsStep] MTA extension descriptors processed#
#2026 06 19 13:09:29.500#Z#DEBUG#1ab74262-6be0-11f1-9c60-eeee0a944cb1.OPERATION#flowable-async-job-executor-thread-6693#
Step "Process Extension Descriptors" finished#
#2026 06 19 13:09:29.545#Z#DEBUG#1ab74262-6be0-11f1-9c60-eeee0a944cb1.OPERATION#flowable-async-job-executor-thread-6694#
[XS2DetectMtaSchemaVersionStep] Executing task "detectSchemaVersionTask" of process "1ab74288-6be0-11f1-9c60-eeee0a944cb1"...#
#2026 06 19 13:09:29.546#Z#DEBUG#1ab74262-6be0-11f1-9c60-eeee0a944cb1.OPERATION#flowable-async-job-executor-thread-6694#
[XS2DetectMtaSchemaVersionStep] Detecting MTA major schema version...#
#2026 06 19 13:09:29.548#Z#INFO#1ab74262-6be0-11f1-9c60-eeee0a944cb1.OPERATION#flowable-async-job-executor-thread-6694#
[XS2DetectMtaSchemaVersionStep] Detected MTA schema version: "3"#
#2026 06 19 13:09:29.553#Z#DEBUG#1ab74262-6be0-11f1-9c60-eeee0a944cb1.OPERATION#flowable-async-job-executor-thread-6694#
Step "Detect Schema Version" finished#
#2026 06 19 13:09:29.595#Z#DEBUG#1ab74262-6be0-11f1-9c60-eeee0a944cb1.OPERATION#flowable-async-job-executor-thread-6695#
[MergeDescriptorsStep] Executing task "mergeDescriptorsTask" of process "1ab74288-6be0-11f1-9c60-eeee0a944cb1"...#
#2026 06 19 13:09:29.596#Z#DEBUG#1ab74262-6be0-11f1-9c60-eeee0a944cb1.OPERATION#flowable-async-job-executor-thread-6695#
[MergeDescriptorsStep] Validating and merging descriptors...#
#2026 06 19 13:09:29.598#Z#DEBUG#1ab74262-6be0-11f1-9c60-eeee0a944cb1.OPERATION#flowable-async-job-executor-thread-6695#
[MergeDescriptorsStep] Merged deployment descriptor: {
  "majorSchemaVersion" : 3,
  "schemaVersion" : "3.3.0",
  "id" : "sales-order-backend",
  "version" : "1.0.0",
  "modules" : [ {
    "majorSchemaVersion" : 3,
    "name" : "sales-order-backend-service",
    "type" : "javascript.nodejs",
    "path" : "sales-order-backend-service",
    "properties" : {
      "OPTIMIZE_MEMORY" : true
    },
    "parameters" : {
      "buildpack" : "nodejs_buildpack",
      "disk-quota" : "256M",
      "memory" : "512M"
    },
    "requiredDependencies" : [ {
      "majorSchemaVersion" : 3,
      "name" : "sales-order-backend-db",
      "properties" : { },
      "parameters" : { },
      "propertiesMetadata" : {
        "metadata" : { }
      },
      "parametersMetadata" : {
        "metadata" : { }
      }
    }, {
      "majorSchemaVersion" : 3,
      "name" : "sales-order-backend-uaa",
      "properties" : { },
      "parameters" : { },
      "propertiesMetadata" : {
        "metadata" : { }
      },
      "parametersMetadata" : {
        "metadata" : { }
      }
    } ],
    "providedDependencies" : [ {
      "majorSchemaVersion" : 3,
      "name" : "srv-api",
      "isPublic" : false,
      "properties" : {
        "srv-url" : "${default-url}"
      },
      "parameters" : { },
      "propertiesMetadata" : {
        "metadata" : { }
      },
      "parametersMetadata" : {
        "metadata" : { }
      }
    }, {
      "majorSchemaVersion" : 3,
      "name" : "sales-order-backend-service",
      "isPublic" : false,
      "properties" : { },
      "parameters" : { },
      "propertiesMetadata" : {
        "metadata" : { }
      },
      "parametersMetadata" : {
        "metadata" : { }
      }
    } ],
    "propertiesMetadata" : {
      "metadata" : { }
    },
    "parametersMetadata" : {
      "metadata" : { }
    },
    "hooks" : [ ]
  }, {
    "majorSchemaVersion" : 3,
    "name" : "sales-order-backend-db-deployer",
    "type" : "com.sap.xs.hdi",
    "path" : "sales-order-backend-db-deployer",
    "properties" : {
      "EXIT" : 1
    },
    "parameters" : {
      "memory" : "256M",
      "buildpack" : "nodejs_buildpack",
      "no-route" : true,
      "dependency-type" : "hard",
      "tasks" : [ {
        "name" : "deploy",
        "memory" : "256M",
        "command" : "npm start"
      } ],
      "no-start" : true
    },
    "requiredDependencies" : [ {
      "majorSchemaVersion" : 3,
      "name" : "sales-order-backend-db",
      "properties" : { },
      "parameters" : { },
      "propertiesMetadata" : {
        "metadata" : { }
      },
      "parametersMetadata" : {
        "metadata" : { }
      }
    } ],
    "providedDependencies" : [ {
      "majorSchemaVersion" : 3,
      "name" : "sales-order-backend-db-deployer",
      "isPublic" : false,
      "properties" : { },
      "parameters" : { },
      "propertiesMetadata" : {
        "metadata" : { }
      },
      "parametersMetadata" : {
        "metadata" : { }
      }
    } ],
    "propertiesMetadata" : {
      "metadata" : { }
    },
    "parametersMetadata" : {
      "metadata" : { }
    },
    "hooks" : [ ]
  }, {
    "majorSchemaVersion" : 3,
    "name" : "sales-order-backend-app-router",
    "type" : "javascript.nodejs",
    "path" : "sales-order-backend-app-router",
    "properties" : { },
    "parameters" : {
      "disk-quota" : "256M",
      "memory" : "256M"
    },
    "requiredDependencies" : [ {
      "majorSchemaVersion" : 3,
      "name" : "sales-order-backend-uaa",
      "properties" : { },
      "parameters" : { },
      "propertiesMetadata" : {
        "metadata" : { }
      },
      "parametersMetadata" : {
        "metadata" : { }
      }
    }, {
      "majorSchemaVersion" : 3,
      "name" : "srv-api",
      "group" : "destinations",
      "properties" : {
        "name" : "srv-api",
        "forwardAuthToken" : "********",
        "url" : "~{srv-url}"
      },
      "parameters" : { },
      "propertiesMetadata" : {
        "metadata" : { }
      },
      "parametersMetadata" : {
        "metadata" : { }
      }
    } ],
    "providedDependencies" : [ {
      "majorSchemaVersion" : 3,
      "name" : "sales-order-backend-app-router",
      "isPublic" : false,
      "properties" : { },
      "parameters" : { },
      "propertiesMetadata" : {
        "metadata" : { }
      },
      "parametersMetadata" : {
        "metadata" : { }
      }
    } ],
    "propertiesMetadata" : {
      "metadata" : { }
    },
    "parametersMetadata" : {
      "metadata" : { }
    },
    "hooks" : [ ]
  } ],
  "resources" : [ {
    "majorSchemaVersion" : 3,
    "name" : "sales-order-backend-db",
    "type" : "com.sap.xs.hdi-container",
    "properties" : {
      "hdi-service-name" : "${service-name}",
      "hdi-container-name" : "${service-name}"
    },
    "parameters" : {
      "service-plan" : "hdi-shared",
      "type" : "managed-service",
      "config" : {
        "makeUniqueName" : false,
        "schema" : "SALESORDERDB"
      },
      "service" : "hana"
    },
    "isActive" : true,
    "isOptional" : false,
    "propertiesMetadata" : {
      "metadata" : { }
    },
    "parametersMetadata" : {
      "metadata" : { }
    },
    "requiredDependencies" : [ ],
    "processedAfter" : [ ]
  }, {
    "majorSchemaVersion" : 3,
    "name" : "sales-order-backend-uaa",
    "type" : "org.cloudfoundry.managed-service",
    "properties" : { },
    "parameters" : {
      "path" : "./xs-security.json",
      "service-plan" : "application",
      "type" : "managed-service",
      "config" : {
        "tenant-mode" : "dedicated",
        "xsappname" : "sales-order-backend-uaa"
      },
      "service" : "xsuaa"
    },
    "isActive" : true,
    "isOptional" : false,
    "propertiesMetadata" : {
      "metadata" : { }
    },
    "parametersMetadata" : {
      "metadata" : { }
    },
    "requiredDependencies" : [ ],
    "processedAfter" : [ ]
  } ],
  "parameters" : {
    "enable-parallel-deployments" : true
  },
  "parametersMetadata" : {
    "metadata" : { }
  }
}#
#2026 06 19 13:09:29.600#Z#DEBUG#1ab74262-6be0-11f1-9c60-eeee0a944cb1.OPERATION#flowable-async-job-executor-thread-6695#
[MergeDescriptorsStep] Descriptors validated and merged#
#2026 06 19 13:09:29.600#Z#DEBUG#1ab74262-6be0-11f1-9c60-eeee0a944cb1.OPERATION#flowable-async-job-executor-thread-6695#
Step "Merge Descriptors" finished#
#2026 06 19 13:09:29.648#Z#DEBUG#1ab74262-6be0-11f1-9c60-eeee0a944cb1.OPERATION#flowable-async-job-executor-thread-6696#
[DetectDeployedMtaStep] Executing task "detectDeployedMtaTask" of process "1ab74288-6be0-11f1-9c60-eeee0a944cb1"...#
#2026 06 19 13:09:29.650#Z#DEBUG#1ab74262-6be0-11f1-9c60-eeee0a944cb1.OPERATION#flowable-async-job-executor-thread-6696#
[DetectDeployedMtaStep] Detecting deployed MTA...#
#2026 06 19 13:09:29.651#Z#DEBUG#1ab74262-6be0-11f1-9c60-eeee0a944cb1.OPERATION#flowable-async-job-executor-thread-6696#
[DetectDeployedMtaStep] Detecting MTA by id sales-order-backend and namespace null#
#2026 06 19 13:09:29.651#Z#DEBUG#1ab74262-6be0-11f1-9c60-eeee0a944cb1.OPERATION#flowable-async-job-executor-thread-6696#
[DetectDeployedMtaStep] Getting applications by metadata label selector "mta_id=afa3e87696611616578a505bbc9aa757,!mta_namespace"...#
#2026 06 19 13:09:29.695#Z#DEBUG#1ab74262-6be0-11f1-9c60-eeee0a944cb1.OPERATION#flowable-async-job-executor-thread-6696#
[DetectDeployedMtaStep] Getting service instances by metadata label selector "mta_id=afa3e87696611616578a505bbc9aa757,!mta_namespace"...#
#2026 06 19 13:09:29.838#Z#DEBUG#1ab74262-6be0-11f1-9c60-eeee0a944cb1.OPERATION#flowable-async-job-executor-thread-6696#
[DetectDeployedMtaStep] Deployed MTA: {
  "metadata" : {
    "id" : "sales-order-backend",
    "version" : "1.0.0"
  },
  "applications" : [ {
    "name" : "sales-order-backend-db-deployer",
    "metadata" : {
      "guid" : "282d6190-5c64-4101-ab50-6e41f87acfff",
      "createdAt" : [ 2026, 6, 19, 12, 41, 12 ],
      "updatedAt" : [ 2026, 6, 19, 12, 56, 22 ]
    },
    "v3Metadata" : {
      "annotations" : {
        "mta_id" : "sales-order-backend",
        "mta_version" : "1.0.0",
        "mta_module" : "{\"name\":\"sales-order-backend-db-deployer\"}",
        "mta_module_provided_dependencies" : "[]",
        "mta_bound_services" : "[\"sales-order-backend-db\"]"
      },
      "labels" : {
        "mta_id" : "afa3e87696611616578a505bbc9aa757"
      }
    },
    "state" : "STOPPED",
    "lifecycle" : {
      "type" : "BUILDPACK",
      "data" : {
        "stack" : "cflinuxfs4",
        "buildpacks" : [ "nodejs_buildpack" ]
      }
    },
    "space" : {
      "name" : "dev",
      "metadata" : {
        "guid" : "ae9342aa-7336-4acd-84c5-ad75d5846c01",
        "createdAt" : [ 2026, 6, 19, 11, 7, 48 ],
        "updatedAt" : [ 2026, 6, 19, 11, 7, 48 ]
      },
      "organization" : {
        "name" : "ba813a92trial",
        "metadata" : {
          "guid" : "5683c6b1-027a-4743-a93d-743ab59a3c04",
          "createdAt" : [ 2026, 6, 19, 11, 7, 46 ],
          "updatedAt" : [ 2026, 6, 19, 11, 7, 47 ]
        }
      }
    },
    "moduleName" : "sales-order-backend-db-deployer",
    "boundMtaServices" : [ "sales-order-backend-db" ],
    "providedDependencyNames" : [ ],
    "productizationState" : "LIVE"
  }, {
    "name" : "sales-order-backend-service",
    "metadata" : {
      "guid" : "9003f0e5-6bcf-4d09-9c8c-7e9f95590466",
      "createdAt" : [ 2026, 6, 19, 12, 41, 12 ],
      "updatedAt" : [ 2026, 6, 19, 12, 57, 33 ]
    },
    "v3Metadata" : {
      "annotations" : {
        "mta_id" : "sales-order-backend",
        "mta_version" : "1.0.0",
        "mta_module" : "{\"name\":\"sales-order-backend-service\"}",
        "mta_module_provided_dependencies" : "[]",
        "mta_bound_services" : "[\"sales-order-backend-db\",\"sales-order-backend-uaa\"]"
      },
      "labels" : {
        "mta_id" : "afa3e87696611616578a505bbc9aa757"
      }
    },
    "state" : "STARTED",
    "lifecycle" : {
      "type" : "BUILDPACK",
      "data" : {
        "stack" : "cflinuxfs4",
        "buildpacks" : [ "nodejs_buildpack" ]
      }
    },
    "space" : {
      "name" : "dev",
      "metadata" : {
        "guid" : "ae9342aa-7336-4acd-84c5-ad75d5846c01",
        "createdAt" : [ 2026, 6, 19, 11, 7, 48 ],
        "updatedAt" : [ 2026, 6, 19, 11, 7, 48 ]
      },
      "organization" : {
        "name" : "ba813a92trial",
        "metadata" : {
          "guid" : "5683c6b1-027a-4743-a93d-743ab59a3c04",
          "createdAt" : [ 2026, 6, 19, 11, 7, 46 ],
          "updatedAt" : [ 2026, 6, 19, 11, 7, 47 ]
        }
      }
    },
    "moduleName" : "sales-order-backend-service",
    "boundMtaServices" : [ "sales-order-backend-db", "sales-order-backend-uaa" ],
    "providedDependencyNames" : [ ],
    "productizationState" : "LIVE"
  }, {
    "name" : "sales-order-backend-app-router",
    "metadata" : {
      "guid" : "d4422378-c609-4f4e-b8f5-34906345cc41",
      "createdAt" : [ 2026, 6, 19, 12, 41, 14 ],
      "updatedAt" : [ 2026, 6, 19, 12, 55, 33 ]
    },
    "v3Metadata" : {
      "annotations" : {
        "mta_id" : "sales-order-backend",
        "mta_version" : "1.0.0",
        "mta_module" : "{\"name\":\"sales-order-backend-app-router\"}",
        "mta_module_provided_dependencies" : "[]",
        "mta_bound_services" : "[\"sales-order-backend-uaa\"]"
      },
      "labels" : {
        "mta_id" : "afa3e87696611616578a505bbc9aa757"
      }
    },
    "state" : "STOPPED",
    "lifecycle" : {
      "type" : "BUILDPACK",
      "data" : {
        "stack" : "cflinuxfs4",
        "buildpacks" : [ ]
      }
    },
    "space" : {
      "name" : "dev",
      "metadata" : {
        "guid" : "ae9342aa-7336-4acd-84c5-ad75d5846c01",
        "createdAt" : [ 2026, 6, 19, 11, 7, 48 ],
        "updatedAt" : [ 2026, 6, 19, 11, 7, 48 ]
      },
      "organization" : {
        "name" : "ba813a92trial",
        "metadata" : {
          "guid" : "5683c6b1-027a-4743-a93d-743ab59a3c04",
          "createdAt" : [ 2026, 6, 19, 11, 7, 46 ],
          "updatedAt" : [ 2026, 6, 19, 11, 7, 47 ]
        }
      }
    },
    "moduleName" : "sales-order-backend-app-router",
    "boundMtaServices" : [ "sales-order-backend-uaa" ],
    "providedDependencyNames" : [ ],
    "productizationState" : "LIVE"
  } ],
  "services" : [ {
    "name" : "sales-order-backend-db",
    "metadata" : {
      "guid" : "dd998d3f-3cd9-4448-9326-dd0e4b04c971",
      "createdAt" : [ 2026, 6, 19, 12, 41 ],
      "updatedAt" : [ 2026, 6, 19, 12, 41 ]
    },
    "v3Metadata" : {
      "annotations" : {
        "mta_id" : "sales-order-backend",
        "mta_version" : "1.0.0",
        "mta_resource" : "{\"name\":\"sales-order-backend-db\"}"
      },
      "labels" : {
        "mta_id" : "afa3e87696611616578a505bbc9aa757"
      }
    },
    "label" : "hana",
    "plan" : "hdi-shared",
    "credentials" : "********",
    "tags" : [ ],
    "type" : "managed",
    "lastOperation" : {
      "type" : "UPDATE",
      "state" : "SUCCEEDED"
    },
    "resourceName" : "sales-order-backend-db"
  }, {
    "name" : "sales-order-backend-uaa",
    "metadata" : {
      "guid" : "61b16f55-fec2-4f7c-bada-eaabafc53adc",
      "createdAt" : [ 2026, 6, 19, 12, 37, 17 ],
      "updatedAt" : [ 2026, 6, 19, 12, 37, 20 ]
    },
    "v3Metadata" : {
      "annotations" : {
        "mta_id" : "sales-order-backend",
        "mta_version" : "1.0.0",
        "mta_resource" : "{\"name\":\"sales-order-backend-uaa\"}"
      },
      "labels" : {
        "mta_id" : "afa3e87696611616578a505bbc9aa757"
      }
    },
    "label" : "xsuaa",
    "plan" : "application",
    "credentials" : "********",
    "tags" : [ ],
    "type" : "managed",
    "lastOperation" : {
      "type" : "UPDATE",
      "description" : "",
      "state" : "SUCCEEDED"
    },
    "resourceName" : "sales-order-backend-uaa"
  } ]
}#
#2026 06 19 13:09:29.838#Z#INFO#1ab74262-6be0-11f1-9c60-eeee0a944cb1.OPERATION#flowable-async-job-executor-thread-6696#
[DetectDeployedMtaStep] Detected deployed MTA with ID "sales-order-backend" and version "1.0.0"#
#2026 06 19 13:09:29.846#Z#DEBUG#1ab74262-6be0-11f1-9c60-eeee0a944cb1.OPERATION#flowable-async-job-executor-thread-6696#
[DetectDeployedMtaStep] Detecting backup mta by id "sales-order-backend" and namespace "null"#
#2026 06 19 13:09:29.846#Z#DEBUG#1ab74262-6be0-11f1-9c60-eeee0a944cb1.OPERATION#flowable-async-job-executor-thread-6696#
[DetectDeployedMtaStep] Getting applications by metadata label selector "mta_id=afa3e87696611616578a505bbc9aa757,mta_namespace=b698114a0995e936895b9598a6c19a2c"...#
#2026 06 19 13:09:29.881#Z#DEBUG#1ab74262-6be0-11f1-9c60-eeee0a944cb1.OPERATION#flowable-async-job-executor-thread-6696#
[DetectDeployedMtaStep] Getting service instances by metadata label selector "mta_id=afa3e87696611616578a505bbc9aa757,mta_namespace=b698114a0995e936895b9598a6c19a2c"...#
#2026 06 19 13:09:29.944#Z#DEBUG#1ab74262-6be0-11f1-9c60-eeee0a944cb1.OPERATION#flowable-async-job-executor-thread-6696#
[DetectDeployedMtaStep] Deployed MTA service keys: [ ]#
#2026 06 19 13:09:29.944#Z#DEBUG#1ab74262-6be0-11f1-9c60-eeee0a944cb1.OPERATION#flowable-async-job-executor-thread-6696#
Step "Detect Deployed MTA" finished#
#2026 06 19 13:09:29.990#Z#DEBUG#1ab74262-6be0-11f1-9c60-eeee0a944cb1.OPERATION#flowable-async-job-executor-thread-6697#
[XS2CollectSystemParametersStep] Executing task "collectSystemParametersTask" of process "1ab74288-6be0-11f1-9c60-eeee0a944cb1"...#
#2026 06 19 13:09:29.991#Z#DEBUG#1ab74262-6be0-11f1-9c60-eeee0a944cb1.OPERATION#flowable-async-job-executor-thread-6697#
[XS2CollectSystemParametersStep] Collecting system parameters...#
#2026 06 19 13:09:29.992#Z#DEBUG#1ab74262-6be0-11f1-9c60-eeee0a944cb1.OPERATION#flowable-async-job-executor-thread-6697#
[XS2CollectSystemParametersStep] Getting default domain...#
#2026 06 19 13:09:30.024#Z#DEBUG#1ab74262-6be0-11f1-9c60-eeee0a944cb1.OPERATION#flowable-async-job-executor-thread-6697#
[XS2CollectSystemParametersStep] Default domain: cfapps.us10-001.hana.ondemand.com#
#2026 06 19 13:09:30.024#Z#DEBUG#1ab74262-6be0-11f1-9c60-eeee0a944cb1.OPERATION#flowable-async-job-executor-thread-6697#
[XS2CollectSystemParametersStep] Checking for overwriting read-only parameters for mta with id: "sales-order-backend"#
#2026 06 19 13:09:30.024#Z#DEBUG#1ab74262-6be0-11f1-9c60-eeee0a944cb1.OPERATION#flowable-async-job-executor-thread-6697#
[XS2CollectSystemParametersStep] No read-only parameters are overwritten#
#2026 06 19 13:09:30.043#Z#DEBUG#1ab74262-6be0-11f1-9c60-eeee0a944cb1.OPERATION#flowable-async-job-executor-thread-6697#
[XS2CollectSystemParametersStep] Descriptor with system parameters: {
  "majorSchemaVersion" : 3,
  "schemaVersion" : "3.3.0",
  "id" : "sales-order-backend",
  "version" : "1.0.0",
  "modules" : [ {
    "majorSchemaVersion" : 3,
    "name" : "sales-order-backend-service",
    "type" : "javascript.nodejs",
    "path" : "sales-order-backend-service",
    "properties" : {
      "OPTIMIZE_MEMORY" : true
    },
    "parameters" : {
      "default-url" : "${protocol}://${default-uri}",
      "default-app-name" : "sales-order-backend-service",
      "generated-password" : "********",
      "default-live-url" : "${protocol}://${default-live-uri}",
      "default-uri" : "${host}.${domain}",
      "memory" : "512M",
      "default-instances" : 1,
      "default-live-host" : "ba813a92trial-dev-sales-order-backend-service",
      "instances" : "${default-instances}",
      "buildpack" : "nodejs_buildpack",
      "default-host" : "ba813a92trial-dev-sales-order-backend-service",
      "app-name" : "${default-app-name}",
      "default-live-uri" : "ba813a92trial-dev-sales-order-backend-service.${domain}",
      "protocol" : "https",
      "default-live-app-name" : "sales-order-backend-service",
      "default-live-domain" : "cfapps.us10-001.hana.ondemand.com",
      "disk-quota" : "256M",
      "domain" : "${default-domain}",
      "host" : "${default-host}",
      "generated-user" : "********"
    },
    "requiredDependencies" : [ {
      "majorSchemaVersion" : 3,
      "name" : "sales-order-backend-db",
      "properties" : { },
      "parameters" : { },
      "propertiesMetadata" : {
        "metadata" : { }
      },
      "parametersMetadata" : {
        "metadata" : { }
      }
    }, {
      "majorSchemaVersion" : 3,
      "name" : "sales-order-backend-uaa",
      "properties" : { },
      "parameters" : { },
      "propertiesMetadata" : {
        "metadata" : { }
      },
      "parametersMetadata" : {
        "metadata" : { }
      }
    } ],
    "providedDependencies" : [ {
      "majorSchemaVersion" : 3,
      "name" : "srv-api",
      "isPublic" : false,
      "properties" : {
        "srv-url" : "${default-url}"
      },
      "parameters" : { },
      "propertiesMetadata" : {
        "metadata" : { }
      },
      "parametersMetadata" : {
        "metadata" : { }
      }
    }, {
      "majorSchemaVersion" : 3,
      "name" : "sales-order-backend-service",
      "isPublic" : false,
      "properties" : { },
      "parameters" : { },
      "propertiesMetadata" : {
        "metadata" : { }
      },
      "parametersMetadata" : {
        "metadata" : { }
      }
    } ],
    "propertiesMetadata" : {
      "metadata" : { }
    },
    "parametersMetadata" : {
      "metadata" : { }
    },
    "hooks" : [ ]
  }, {
    "majorSchemaVersion" : 3,
    "name" : "sales-order-backend-db-deployer",
    "type" : "com.sap.xs.hdi",
    "path" : "sales-order-backend-db-deployer",
    "properties" : {
      "EXIT" : 1
    },
    "parameters" : {
      "default-url" : "${protocol}://${default-uri}",
      "default-app-name" : "sales-order-backend-db-deployer",
      "generated-password" : "********",
      "default-live-url" : "${protocol}://${default-live-uri}",
      "default-uri" : "${host}.${domain}",
      "memory" : "256M",
      "default-instances" : 1,
      "no-route" : true,
      "default-live-host" : "ba813a92trial-dev-sales-order-backend-db-deployer",
      "instances" : "${default-instances}",
      "buildpack" : "nodejs_buildpack",
      "default-host" : "ba813a92trial-dev-sales-order-backend-db-deployer",
      "app-name" : "${default-app-name}",
      "default-live-uri" : "ba813a92trial-dev-sales-order-backend-db-deployer.${domain}",
      "protocol" : "https",
      "default-live-app-name" : "sales-order-backend-db-deployer",
      "default-live-domain" : "cfapps.us10-001.hana.ondemand.com",
      "dependency-type" : "hard",
      "domain" : "${default-domain}",
      "host" : "${default-host}",
      "generated-user" : "********",
      "tasks" : [ {
        "name" : "deploy",
        "memory" : "256M",
        "command" : "npm start"
      } ],
      "no-start" : true
    },
    "requiredDependencies" : [ {
      "majorSchemaVersion" : 3,
      "name" : "sales-order-backend-db",
      "properties" : { },
      "parameters" : { },
      "propertiesMetadata" : {
        "metadata" : { }
      },
      "parametersMetadata" : {
        "metadata" : { }
      }
    } ],
    "providedDependencies" : [ {
      "majorSchemaVersion" : 3,
      "name" : "sales-order-backend-db-deployer",
      "isPublic" : false,
      "properties" : { },
      "parameters" : { },
      "propertiesMetadata" : {
        "metadata" : { }
      },
      "parametersMetadata" : {
        "metadata" : { }
      }
    } ],
    "propertiesMetadata" : {
      "metadata" : { }
    },
    "parametersMetadata" : {
      "metadata" : { }
    },
    "hooks" : [ ]
  }, {
    "majorSchemaVersion" : 3,
    "name" : "sales-order-backend-app-router",
    "type" : "javascript.nodejs",
    "path" : "sales-order-backend-app-router",
    "properties" : { },
    "parameters" : {
      "default-url" : "${protocol}://${default-uri}",
      "default-app-name" : "sales-order-backend-app-router",
      "generated-password" : "********",
      "default-live-url" : "${protocol}://${default-live-uri}",
      "default-uri" : "${host}.${domain}",
      "memory" : "256M",
      "default-instances" : 1,
      "default-live-host" : "ba813a92trial-dev-sales-order-backend-app-router",
      "instances" : "${default-instances}",
      "default-host" : "ba813a92trial-dev-sales-order-backend-app-router",
      "app-name" : "${default-app-name}",
      "default-live-uri" : "ba813a92trial-dev-sales-order-backend-app-router.${domain}",
      "protocol" : "https",
      "default-live-app-name" : "sales-order-backend-app-router",
      "default-live-domain" : "cfapps.us10-001.hana.ondemand.com",
      "disk-quota" : "256M",
      "domain" : "${default-domain}",
      "host" : "${default-host}",
      "generated-user" : "********"
    },
    "requiredDependencies" : [ {
      "majorSchemaVersion" : 3,
      "name" : "sales-order-backend-uaa",
      "properties" : { },
      "parameters" : { },
      "propertiesMetadata" : {
        "metadata" : { }
      },
      "parametersMetadata" : {
        "metadata" : { }
      }
    }, {
      "majorSchemaVersion" : 3,
      "name" : "srv-api",
      "group" : "destinations",
      "properties" : {
        "name" : "srv-api",
        "forwardAuthToken" : "********",
        "url" : "~{srv-url}"
      },
      "parameters" : { },
      "propertiesMetadata" : {
        "metadata" : { }
      },
      "parametersMetadata" : {
        "metadata" : { }
      }
    } ],
    "providedDependencies" : [ {
      "majorSchemaVersion" : 3,
      "name" : "sales-order-backend-app-router",
      "isPublic" : false,
      "properties" : { },
      "parameters" : { },
      "propertiesMetadata" : {
        "metadata" : { }
      },
      "parametersMetadata" : {
        "metadata" : { }
      }
    } ],
    "propertiesMetadata" : {
      "metadata" : { }
    },
    "parametersMetadata" : {
      "metadata" : { }
    },
    "hooks" : [ ]
  } ],
  "resources" : [ {
    "majorSchemaVersion" : 3,
    "name" : "sales-order-backend-db",
    "type" : "com.sap.xs.hdi-container",
    "properties" : {
      "hdi-service-name" : "${service-name}",
      "hdi-container-name" : "${service-name}"
    },
    "parameters" : {
      "generated-password" : "********",
      "service-name" : "${default-service-name}",
      "service-plan" : "hdi-shared",
      "service" : "hana",
      "generated-user" : "********",
      "default-xsappname" : "sales-order-backend-db",
      "type" : "managed-service",
      "config" : {
        "makeUniqueName" : false,
        "schema" : "SALESORDERDB"
      },
      "default-service-name" : "sales-order-backend-db",
      "default-container-name" : "BA813A92TRIAL_DEV_SALES_ORDER_BACKEND_DB"
    },
    "isActive" : true,
    "isOptional" : false,
    "propertiesMetadata" : {
      "metadata" : { }
    },
    "parametersMetadata" : {
      "metadata" : { }
    },
    "requiredDependencies" : [ ],
    "processedAfter" : [ ]
  }, {
    "majorSchemaVersion" : 3,
    "name" : "sales-order-backend-uaa",
    "type" : "org.cloudfoundry.managed-service",
    "properties" : { },
    "parameters" : {
      "generated-password" : "********",
      "path" : "./xs-security.json",
      "service-name" : "${default-service-name}",
      "service-plan" : "application",
      "service" : "xsuaa",
      "generated-user" : "********",
      "default-xsappname" : "sales-order-backend-uaa",
      "type" : "managed-service",
      "config" : {
        "tenant-mode" : "dedicated",
        "xsappname" : "sales-order-backend-uaa"
      },
      "default-service-name" : "sales-order-backend-uaa",
      "default-container-name" : "BA813A92TRIAL_DEV_SALES_ORDER_BACKEND_UAA"
    },
    "isActive" : true,
    "isOptional" : false,
    "propertiesMetadata" : {
      "metadata" : { }
    },
    "parametersMetadata" : {
      "metadata" : { }
    },
    "requiredDependencies" : [ ],
    "processedAfter" : [ ]
  } ],
  "parameters" : {
    "mta-id" : "sales-order-backend",
    "authorization-url" : "********",
    "org-guid" : "5683c6b1-027a-4743-a93d-743ab59a3c04",
    "org" : "ba813a92trial",
    "deploy-target" : "ba813a92trial dev",
    "enable-parallel-deployments" : true,
    "space" : "dev",
    "xs-api-url" : "https://api.cf.us10-001.hana.ondemand.com",
    "deploy-url" : "deploy-service.cfapps.us10-001.hana.ondemand.com",
    "xs-type" : "CF",
    "default-domain" : "cfapps.us10-001.hana.ondemand.com",
    "mta-version" : "1.0.0",
    "xs-auth-url" : "********",
    "space-guid" : "ae9342aa-7336-4acd-84c5-ad75d5846c01",
    "user" : "********",
    "controller-url" : "https://api.cf.us10-001.hana.ondemand.com",
    "timestamp" : "20260619130929"
  },
  "parametersMetadata" : {
    "metadata" : { }
  }
}#
#2026 06 19 13:09:30.045#Z#DEBUG#1ab74262-6be0-11f1-9c60-eeee0a944cb1.OPERATION#flowable-async-job-executor-thread-6697#
[XS2CollectSystemParametersStep] Version rule: SAME_HIGHER#
#2026 06 19 13:09:30.045#Z#INFO#1ab74262-6be0-11f1-9c60-eeee0a944cb1.OPERATION#flowable-async-job-executor-thread-6697#
[XS2CollectSystemParametersStep] Detected new MTA version: "1.0.0"#
#2026 06 19 13:09:30.051#Z#INFO#1ab74262-6be0-11f1-9c60-eeee0a944cb1.OPERATION#flowable-async-job-executor-thread-6697#
[XS2CollectSystemParametersStep] Deployed MTA version: "1.0.0"#
#2026 06 19 13:09:30.058#Z#DEBUG#1ab74262-6be0-11f1-9c60-eeee0a944cb1.OPERATION#flowable-async-job-executor-thread-6697#
[XS2CollectSystemParametersStep] MTA accepted for deployment#
#2026 06 19 13:09:30.058#Z#DEBUG#1ab74262-6be0-11f1-9c60-eeee0a944cb1.OPERATION#flowable-async-job-executor-thread-6697#
[XS2CollectSystemParametersStep] System parameters collected#
#2026 06 19 13:09:30.058#Z#DEBUG#1ab74262-6be0-11f1-9c60-eeee0a944cb1.OPERATION#flowable-async-job-executor-thread-6697#
Step "Collect System Parameters" finished#
#2026 06 19 13:09:30.104#Z#DEBUG#1ab74262-6be0-11f1-9c60-eeee0a944cb1.OPERATION#flowable-async-job-executor-thread-6690#
[ProcessDescriptorStep] Executing task "processDescriptorTask" of process "1ab74288-6be0-11f1-9c60-eeee0a944cb1"...#
#2026 06 19 13:09:30.105#Z#DEBUG#1ab74262-6be0-11f1-9c60-eeee0a944cb1.OPERATION#flowable-async-job-executor-thread-6690#
[ProcessDescriptorStep] Resolving properties and parameters in merged descriptor...#
#2026 06 19 13:09:30.110#Z#DEBUG#1ab74262-6be0-11f1-9c60-eeee0a944cb1.OPERATION#flowable-async-job-executor-thread-6690#
[ProcessDescriptorStep] Subscriptions: [ ]#
#2026 06 19 13:09:30.110#Z#DEBUG#1ab74262-6be0-11f1-9c60-eeee0a944cb1.OPERATION#flowable-async-job-executor-thread-6690#
[ProcessDescriptorStep] MTA modules: [sales-order-backend-db-deployer, sales-order-backend-service, sales-order-backend-app-router]#
#2026 06 19 13:09:30.111#Z#DEBUG#1ab74262-6be0-11f1-9c60-eeee0a944cb1.OPERATION#flowable-async-job-executor-thread-6690#
[ProcessDescriptorStep] Resolved deployment descriptor: {
  "majorSchemaVersion" : 3,
  "schemaVersion" : "3.3.0",
  "id" : "sales-order-backend",
  "version" : "1.0.0",
  "modules" : [ {
    "majorSchemaVersion" : 3,
    "name" : "sales-order-backend-service",
    "type" : "javascript.nodejs",
    "path" : "sales-order-backend-service",
    "properties" : {
      "OPTIMIZE_MEMORY" : true
    },
    "parameters" : {
      "default-url" : "https://ba813a92trial-dev-sales-order-backend-service.cfapps.us10-001.hana.ondemand.com",
      "default-app-name" : "sales-order-backend-service",
      "generated-password" : "********",
      "default-live-url" : "https://ba813a92trial-dev-sales-order-backend-service.cfapps.us10-001.hana.ondemand.com",
      "default-uri" : "ba813a92trial-dev-sales-order-backend-service.cfapps.us10-001.hana.ondemand.com",
      "memory" : "512M",
      "default-instances" : 1,
      "default-live-host" : "ba813a92trial-dev-sales-order-backend-service",
      "instances" : 1,
      "buildpack" : "nodejs_buildpack",
      "default-host" : "ba813a92trial-dev-sales-order-backend-service",
      "app-name" : "sales-order-backend-service",
      "default-live-uri" : "ba813a92trial-dev-sales-order-backend-service.cfapps.us10-001.hana.ondemand.com",
      "protocol" : "https",
      "default-live-app-name" : "sales-order-backend-service",
      "default-live-domain" : "cfapps.us10-001.hana.ondemand.com",
      "disk-quota" : "256M",
      "domain" : "cfapps.us10-001.hana.ondemand.com",
      "host" : "ba813a92trial-dev-sales-order-backend-service",
      "generated-user" : "********"
    },
    "requiredDependencies" : [ {
      "majorSchemaVersion" : 3,
      "name" : "sales-order-backend-db",
      "properties" : { },
      "parameters" : { },
      "propertiesMetadata" : {
        "metadata" : { }
      },
      "parametersMetadata" : {
        "metadata" : { }
      }
    }, {
      "majorSchemaVersion" : 3,
      "name" : "sales-order-backend-uaa",
      "properties" : { },
      "parameters" : { },
      "propertiesMetadata" : {
        "metadata" : { }
      },
      "parametersMetadata" : {
        "metadata" : { }
      }
    } ],
    "providedDependencies" : [ {
      "majorSchemaVersion" : 3,
      "name" : "srv-api",
      "isPublic" : false,
      "properties" : {
        "srv-url" : "https://ba813a92trial-dev-sales-order-backend-service.cfapps.us10-001.hana.ondemand.com"
      },
      "parameters" : { },
      "propertiesMetadata" : {
        "metadata" : { }
      },
      "parametersMetadata" : {
        "metadata" : { }
      }
    }, {
      "majorSchemaVersion" : 3,
      "name" : "sales-order-backend-service",
      "isPublic" : false,
      "properties" : { },
      "parameters" : { },
      "propertiesMetadata" : {
        "metadata" : { }
      },
      "parametersMetadata" : {
        "metadata" : { }
      }
    } ],
    "propertiesMetadata" : {
      "metadata" : { }
    },
    "parametersMetadata" : {
      "metadata" : { }
    },
    "hooks" : [ ]
  }, {
    "majorSchemaVersion" : 3,
    "name" : "sales-order-backend-db-deployer",
    "type" : "com.sap.xs.hdi",
    "path" : "sales-order-backend-db-deployer",
    "properties" : {
      "EXIT" : 1
    },
    "parameters" : {
      "default-url" : "https://ba813a92trial-dev-sales-order-backend-db-deployer.cfapps.us10-001.hana.ondemand.com",
      "default-app-name" : "sales-order-backend-db-deployer",
      "generated-password" : "********",
      "default-live-url" : "https://ba813a92trial-dev-sales-order-backend-db-deployer.cfapps.us10-001.hana.ondemand.com",
      "default-uri" : "ba813a92trial-dev-sales-order-backend-db-deployer.cfapps.us10-001.hana.ondemand.com",
      "memory" : "256M",
      "default-instances" : 1,
      "no-route" : true,
      "default-live-host" : "ba813a92trial-dev-sales-order-backend-db-deployer",
      "instances" : 1,
      "buildpack" : "nodejs_buildpack",
      "default-host" : "ba813a92trial-dev-sales-order-backend-db-deployer",
      "app-name" : "sales-order-backend-db-deployer",
      "default-live-uri" : "ba813a92trial-dev-sales-order-backend-db-deployer.cfapps.us10-001.hana.ondemand.com",
      "protocol" : "https",
      "default-live-app-name" : "sales-order-backend-db-deployer",
      "default-live-domain" : "cfapps.us10-001.hana.ondemand.com",
      "dependency-type" : "hard",
      "domain" : "cfapps.us10-001.hana.ondemand.com",
      "host" : "ba813a92trial-dev-sales-order-backend-db-deployer",
      "generated-user" : "********",
      "tasks" : [ {
        "command" : "npm start",
        "memory" : "256M",
        "name" : "deploy"
      } ],
      "no-start" : true
    },
    "requiredDependencies" : [ {
      "majorSchemaVersion" : 3,
      "name" : "sales-order-backend-db",
      "properties" : { },
      "parameters" : { },
      "propertiesMetadata" : {
        "metadata" : { }
      },
      "parametersMetadata" : {
        "metadata" : { }
      }
    } ],
    "providedDependencies" : [ {
      "majorSchemaVersion" : 3,
      "name" : "sales-order-backend-db-deployer",
      "isPublic" : false,
      "properties" : { },
      "parameters" : { },
      "propertiesMetadata" : {
        "metadata" : { }
      },
      "parametersMetadata" : {
        "metadata" : { }
      }
    } ],
    "propertiesMetadata" : {
      "metadata" : { }
    },
    "parametersMetadata" : {
      "metadata" : { }
    },
    "hooks" : [ ]
  }, {
    "majorSchemaVersion" : 3,
    "name" : "sales-order-backend-app-router",
    "type" : "javascript.nodejs",
    "path" : "sales-order-backend-app-router",
    "properties" : { },
    "parameters" : {
      "default-url" : "https://ba813a92trial-dev-sales-order-backend-app-router.cfapps.us10-001.hana.ondemand.com",
      "default-app-name" : "sales-order-backend-app-router",
      "generated-password" : "********",
      "default-live-url" : "https://ba813a92trial-dev-sales-order-backend-app-router.cfapps.us10-001.hana.ondemand.com",
      "default-uri" : "ba813a92trial-dev-sales-order-backend-app-router.cfapps.us10-001.hana.ondemand.com",
      "memory" : "256M",
      "default-instances" : 1,
      "default-live-host" : "ba813a92trial-dev-sales-order-backend-app-router",
      "instances" : 1,
      "default-host" : "ba813a92trial-dev-sales-order-backend-app-router",
      "app-name" : "sales-order-backend-app-router",
      "default-live-uri" : "ba813a92trial-dev-sales-order-backend-app-router.cfapps.us10-001.hana.ondemand.com",
      "protocol" : "https",
      "default-live-app-name" : "sales-order-backend-app-router",
      "default-live-domain" : "cfapps.us10-001.hana.ondemand.com",
      "disk-quota" : "256M",
      "domain" : "cfapps.us10-001.hana.ondemand.com",
      "host" : "ba813a92trial-dev-sales-order-backend-app-router",
      "generated-user" : "********"
    },
    "requiredDependencies" : [ {
      "majorSchemaVersion" : 3,
      "name" : "sales-order-backend-uaa",
      "properties" : { },
      "parameters" : { },
      "propertiesMetadata" : {
        "metadata" : { }
      },
      "parametersMetadata" : {
        "metadata" : { }
      }
    }, {
      "majorSchemaVersion" : 3,
      "name" : "srv-api",
      "group" : "destinations",
      "properties" : {
        "name" : "srv-api",
        "forwardAuthToken" : "********",
        "url" : "https://ba813a92trial-dev-sales-order-backend-service.cfapps.us10-001.hana.ondemand.com"
      },
      "parameters" : { },
      "propertiesMetadata" : {
        "metadata" : { }
      },
      "parametersMetadata" : {
        "metadata" : { }
      }
    } ],
    "providedDependencies" : [ {
      "majorSchemaVersion" : 3,
      "name" : "sales-order-backend-app-router",
      "isPublic" : false,
      "properties" : { },
      "parameters" : { },
      "propertiesMetadata" : {
        "metadata" : { }
      },
      "parametersMetadata" : {
        "metadata" : { }
      }
    } ],
    "propertiesMetadata" : {
      "metadata" : { }
    },
    "parametersMetadata" : {
      "metadata" : { }
    },
    "hooks" : [ ]
  } ],
  "resources" : [ {
    "majorSchemaVersion" : 3,
    "name" : "sales-order-backend-db",
    "type" : "com.sap.xs.hdi-container",
    "properties" : {
      "hdi-service-name" : "sales-order-backend-db",
      "hdi-container-name" : "sales-order-backend-db"
    },
    "parameters" : {
      "generated-password" : "********",
      "service-name" : "sales-order-backend-db",
      "service-plan" : "hdi-shared",
      "service" : "hana",
      "generated-user" : "********",
      "default-xsappname" : "sales-order-backend-db",
      "type" : "managed-service",
      "config" : {
        "makeUniqueName" : false,
        "schema" : "SALESORDERDB"
      },
      "default-service-name" : "sales-order-backend-db",
      "default-container-name" : "BA813A92TRIAL_DEV_SALES_ORDER_BACKEND_DB"
    },
    "isActive" : true,
    "isOptional" : false,
    "propertiesMetadata" : {
      "metadata" : { }
    },
    "parametersMetadata" : {
      "metadata" : { }
    },
    "requiredDependencies" : [ ],
    "processedAfter" : [ ]
  }, {
    "majorSchemaVersion" : 3,
    "name" : "sales-order-backend-uaa",
    "type" : "org.cloudfoundry.managed-service",
    "properties" : { },
    "parameters" : {
      "generated-password" : "********",
      "path" : "./xs-security.json",
      "service-name" : "sales-order-backend-uaa",
      "service-plan" : "application",
      "service" : "xsuaa",
      "generated-user" : "********",
      "default-xsappname" : "sales-order-backend-uaa",
      "type" : "managed-service",
      "config" : {
        "tenant-mode" : "dedicated",
        "xsappname" : "sales-order-backend-uaa"
      },
      "default-service-name" : "sales-order-backend-uaa",
      "default-container-name" : "BA813A92TRIAL_DEV_SALES_ORDER_BACKEND_UAA"
    },
    "isActive" : true,
    "isOptional" : false,
    "propertiesMetadata" : {
      "metadata" : { }
    },
    "parametersMetadata" : {
      "metadata" : { }
    },
    "requiredDependencies" : [ ],
    "processedAfter" : [ ]
  } ],
  "parameters" : {
    "mta-id" : "sales-order-backend",
    "authorization-url" : "********",
    "org-guid" : "5683c6b1-027a-4743-a93d-743ab59a3c04",
    "org" : "ba813a92trial",
    "deploy-target" : "ba813a92trial dev",
    "enable-parallel-deployments" : true,
    "region-primary-domain" : "us10.hana.ondemand.com",
    "space" : "dev",
    "region-domain" : "us10-001.hana.ondemand.com",
    "xs-api-url" : "https://api.cf.us10-001.hana.ondemand.com",
    "deploy-url" : "deploy-service.cfapps.us10-001.hana.ondemand.com",
    "xs-type" : "CF",
    "default-domain" : "cfapps.us10-001.hana.ondemand.com",
    "mta-version" : "1.0.0",
    "xs-auth-url" : "********",
    "space-guid" : "ae9342aa-7336-4acd-84c5-ad75d5846c01",
    "user" : "********",
    "controller-url" : "https://api.cf.us10-001.hana.ondemand.com",
    "timestamp" : "20260619130929"
  },
  "parametersMetadata" : {
    "metadata" : { }
  }
}#
#2026 06 19 13:09:30.111#Z#DEBUG#1ab74262-6be0-11f1-9c60-eeee0a944cb1.OPERATION#flowable-async-job-executor-thread-6690#
[ProcessDescriptorStep] Merged descriptor properties and parameters resolved#
#2026 06 19 13:09:30.111#Z#DEBUG#1ab74262-6be0-11f1-9c60-eeee0a944cb1.OPERATION#flowable-async-job-executor-thread-6690#
Step "Process Descriptor Step" finished#
#2026 06 19 13:09:30.156#Z#DEBUG#1ab74262-6be0-11f1-9c60-eeee0a944cb1.OPERATION#flowable-async-job-executor-thread-6691#
[XS2BuildCloudDeployModelStep] Executing task "buildDeployModelTask" of process "1ab74288-6be0-11f1-9c60-eeee0a944cb1"...#
#2026 06 19 13:09:30.160#Z#DEBUG#1ab74262-6be0-11f1-9c60-eeee0a944cb1.OPERATION#flowable-async-job-executor-thread-6691#
[XS2BuildCloudDeployModelStep] Service keys defined for content deployment grouped by service name: { }#
#2026 06 19 13:09:30.160#Z#DEBUG#1ab74262-6be0-11f1-9c60-eeee0a944cb1.OPERATION#flowable-async-job-executor-thread-6691#
[XS2BuildCloudDeployModelStep] Building cloud deployment model...#
#2026 06 19 13:09:30.163#Z#DEBUG#1ab74262-6be0-11f1-9c60-eeee0a944cb1.OPERATION#flowable-async-job-executor-thread-6691#
[XS2BuildCloudDeployModelStep] MTA archive modules: [sales-order-backend-db-deployer, sales-order-backend-service, sales-order-backend-app-router]#
#2026 06 19 13:09:30.163#Z#DEBUG#1ab74262-6be0-11f1-9c60-eeee0a944cb1.OPERATION#flowable-async-job-executor-thread-6691#
[XS2BuildCloudDeployModelStep] Deployed modules: [sales-order-backend-app-router, sales-order-backend-db-deployer, sales-order-backend-service]#
#2026 06 19 13:09:30.164#Z#DEBUG#1ab74262-6be0-11f1-9c60-eeee0a944cb1.OPERATION#flowable-async-job-executor-thread-6691#
[XS2BuildCloudDeployModelStep] MTA modules: [sales-order-backend-db-deployer, sales-order-backend-service, sales-order-backend-app-router]#
#2026 06 19 13:09:30.164#Z#DEBUG#1ab74262-6be0-11f1-9c60-eeee0a944cb1.OPERATION#flowable-async-job-executor-thread-6691#
[XS2BuildCloudDeployModelStep] Service keys to create: {
  "sales-order-backend-uaa" : [ ],
  "sales-order-backend-db" : [ ]
}#
#2026 06 19 13:09:30.165#Z#DEBUG#1ab74262-6be0-11f1-9c60-eeee0a944cb1.OPERATION#flowable-async-job-executor-thread-6691#
[XS2BuildCloudDeployModelStep] Modules to deploy: [{
  "majorSchemaVersion" : 3,
  "name" : "sales-order-backend-service",
  "type" : "javascript.nodejs",
  "path" : "sales-order-backend-service",
  "properties" : {
    "OPTIMIZE_MEMORY" : true
  },
  "parameters" : {
    "default-url" : "https://ba813a92trial-dev-sales-order-backend-service.cfapps.us10-001.hana.ondemand.com",
    "default-app-name" : "sales-order-backend-service",
    "generated-password" : "********",
    "default-live-url" : "https://ba813a92trial-dev-sales-order-backend-service.cfapps.us10-001.hana.ondemand.com",
    "default-uri" : "ba813a92trial-dev-sales-order-backend-service.cfapps.us10-001.hana.ondemand.com",
    "memory" : "512M",
    "default-instances" : 1,
    "default-live-host" : "ba813a92trial-dev-sales-order-backend-service",
    "instances" : 1,
    "buildpack" : "nodejs_buildpack",
    "default-host" : "ba813a92trial-dev-sales-order-backend-service",
    "app-name" : "sales-order-backend-service",
    "default-live-uri" : "ba813a92trial-dev-sales-order-backend-service.cfapps.us10-001.hana.ondemand.com",
    "protocol" : "https",
    "default-live-app-name" : "sales-order-backend-service",
    "default-live-domain" : "cfapps.us10-001.hana.ondemand.com",
    "disk-quota" : "256M",
    "dependency-type" : "soft",
    "domain" : "cfapps.us10-001.hana.ondemand.com",
    "host" : "ba813a92trial-dev-sales-order-backend-service",
    "generated-user" : "********"
  },
  "requiredDependencies" : [ {
    "majorSchemaVersion" : 3,
    "name" : "sales-order-backend-db",
    "properties" : { },
    "parameters" : { },
    "propertiesMetadata" : {
      "metadata" : { }
    },
    "parametersMetadata" : {
      "metadata" : { }
    }
  }, {
    "majorSchemaVersion" : 3,
    "name" : "sales-order-backend-uaa",
    "properties" : { },
    "parameters" : { },
    "propertiesMetadata" : {
      "metadata" : { }
    },
    "parametersMetadata" : {
      "metadata" : { }
    }
  } ],
  "providedDependencies" : [ {
    "majorSchemaVersion" : 3,
    "name" : "srv-api",
    "isPublic" : false,
    "properties" : {
      "srv-url" : "https://ba813a92trial-dev-sales-order-backend-service.cfapps.us10-001.hana.ondemand.com"
    },
    "parameters" : { },
    "propertiesMetadata" : {
      "metadata" : { }
    },
    "parametersMetadata" : {
      "metadata" : { }
    }
  }, {
    "majorSchemaVersion" : 3,
    "name" : "sales-order-backend-service",
    "isPublic" : false,
    "properties" : { },
    "parameters" : { },
    "propertiesMetadata" : {
      "metadata" : { }
    },
    "parametersMetadata" : {
      "metadata" : { }
    }
  } ],
  "propertiesMetadata" : {
    "metadata" : { }
  },
  "parametersMetadata" : {
    "metadata" : { }
  },
  "deployedAfter" : [ ],
  "hooks" : [ ]
}, {
  "majorSchemaVersion" : 3,
  "name" : "sales-order-backend-db-deployer",
  "type" : "com.sap.xs.hdi",
  "path" : "sales-order-backend-db-deployer",
  "properties" : {
    "EXIT" : 1
  },
  "parameters" : {
    "default-url" : "https://ba813a92trial-dev-sales-order-backend-db-deployer.cfapps.us10-001.hana.ondemand.com",
    "default-app-name" : "sales-order-backend-db-deployer",
    "generated-password" : "********",
    "default-live-url" : "https://ba813a92trial-dev-sales-order-backend-db-deployer.cfapps.us10-001.hana.ondemand.com",
    "default-uri" : "ba813a92trial-dev-sales-order-backend-db-deployer.cfapps.us10-001.hana.ondemand.com",
    "memory" : "256M",
    "default-instances" : 1,
    "no-route" : true,
    "default-live-host" : "ba813a92trial-dev-sales-order-backend-db-deployer",
    "instances" : 1,
    "buildpack" : "nodejs_buildpack",
    "default-host" : "ba813a92trial-dev-sales-order-backend-db-deployer",
    "app-name" : "sales-order-backend-db-deployer",
    "default-live-uri" : "ba813a92trial-dev-sales-order-backend-db-deployer.cfapps.us10-001.hana.ondemand.com",
    "protocol" : "https",
    "default-live-app-name" : "sales-order-backend-db-deployer",
    "default-live-domain" : "cfapps.us10-001.hana.ondemand.com",
    "dependency-type" : "hard",
    "domain" : "cfapps.us10-001.hana.ondemand.com",
    "host" : "ba813a92trial-dev-sales-order-backend-db-deployer",
    "generated-user" : "********",
    "tasks" : [ {
      "command" : "npm start",
      "memory" : "256M",
      "name" : "deploy"
    } ],
    "no-start" : true
  },
  "requiredDependencies" : [ {
    "majorSchemaVersion" : 3,
    "name" : "sales-order-backend-db",
    "properties" : { },
    "parameters" : { },
    "propertiesMetadata" : {
      "metadata" : { }
    },
    "parametersMetadata" : {
      "metadata" : { }
    }
  } ],
  "providedDependencies" : [ {
    "majorSchemaVersion" : 3,
    "name" : "sales-order-backend-db-deployer",
    "isPublic" : false,
    "properties" : { },
    "parameters" : { },
    "propertiesMetadata" : {
      "metadata" : { }
    },
    "parametersMetadata" : {
      "metadata" : { }
    }
  } ],
  "propertiesMetadata" : {
    "metadata" : { }
  },
  "parametersMetadata" : {
    "metadata" : { }
  },
  "deployedAfter" : [ ],
  "hooks" : [ ]
}, {
  "majorSchemaVersion" : 3,
  "name" : "sales-order-backend-app-router",
  "type" : "javascript.nodejs",
  "path" : "sales-order-backend-app-router",
  "properties" : { },
  "parameters" : {
    "default-url" : "https://ba813a92trial-dev-sales-order-backend-app-router.cfapps.us10-001.hana.ondemand.com",
    "default-app-name" : "sales-order-backend-app-router",
    "generated-password" : "********",
    "default-live-url" : "https://ba813a92trial-dev-sales-order-backend-app-router.cfapps.us10-001.hana.ondemand.com",
    "default-uri" : "ba813a92trial-dev-sales-order-backend-app-router.cfapps.us10-001.hana.ondemand.com",
    "memory" : "256M",
    "default-instances" : 1,
    "default-live-host" : "ba813a92trial-dev-sales-order-backend-app-router",
    "instances" : 1,
    "default-host" : "ba813a92trial-dev-sales-order-backend-app-router",
    "app-name" : "sales-order-backend-app-router",
    "default-live-uri" : "ba813a92trial-dev-sales-order-backend-app-router.cfapps.us10-001.hana.ondemand.com",
    "protocol" : "https",
    "default-live-app-name" : "sales-order-backend-app-router",
    "default-live-domain" : "cfapps.us10-001.hana.ondemand.com",
    "disk-quota" : "256M",
    "dependency-type" : "soft",
    "domain" : "cfapps.us10-001.hana.ondemand.com",
    "host" : "ba813a92trial-dev-sales-order-backend-app-router",
    "generated-user" : "********"
  },
  "requiredDependencies" : [ {
    "majorSchemaVersion" : 3,
    "name" : "sales-order-backend-uaa",
    "properties" : { },
    "parameters" : { },
    "propertiesMetadata" : {
      "metadata" : { }
    },
    "parametersMetadata" : {
      "metadata" : { }
    }
  }, {
    "majorSchemaVersion" : 3,
    "name" : "srv-api",
    "group" : "destinations",
    "properties" : {
      "name" : "srv-api",
      "forwardAuthToken" : "********",
      "url" : "https://ba813a92trial-dev-sales-order-backend-service.cfapps.us10-001.hana.ondemand.com"
    },
    "parameters" : { },
    "propertiesMetadata" : {
      "metadata" : { }
    },
    "parametersMetadata" : {
      "metadata" : { }
    }
  } ],
  "providedDependencies" : [ {
    "majorSchemaVersion" : 3,
    "name" : "sales-order-backend-app-router",
    "isPublic" : false,
    "properties" : { },
    "parameters" : { },
    "propertiesMetadata" : {
      "metadata" : { }
    },
    "parametersMetadata" : {
      "metadata" : { }
    }
  } ],
  "propertiesMetadata" : {
    "metadata" : { }
  },
  "parametersMetadata" : {
    "metadata" : { }
  },
  "deployedAfter" : [ ],
  "hooks" : [ ]
}]#
#2026 06 19 13:09:30.166#Z#DEBUG#1ab74262-6be0-11f1-9c60-eeee0a944cb1.OPERATION#flowable-async-job-executor-thread-6691#
[XS2BuildCloudDeployModelStep] Custom domains: []#
#2026 06 19 13:09:30.168#Z#DEBUG#1ab74262-6be0-11f1-9c60-eeee0a944cb1.OPERATION#flowable-async-job-executor-thread-6691#
[XS2BuildCloudDeployModelStep] Calculating resource batches...#
#2026 06 19 13:09:30.168#Z#DEBUG#1ab74262-6be0-11f1-9c60-eeee0a944cb1.OPERATION#flowable-async-job-executor-thread-6691#
[XS2BuildCloudDeployModelStep] Calculating resource batches completed.#
#2026 06 19 13:09:30.168#Z#DEBUG#1ab74262-6be0-11f1-9c60-eeee0a944cb1.OPERATION#flowable-async-job-executor-thread-6691#
[XS2BuildCloudDeployModelStep] Cloud deployment model built#
#2026 06 19 13:09:30.168#Z#DEBUG#1ab74262-6be0-11f1-9c60-eeee0a944cb1.OPERATION#flowable-async-job-executor-thread-6691#
Step "Build Deploy Model" finished#
#2026 06 19 13:09:30.222#Z#DEBUG#1ab74262-6be0-11f1-9c60-eeee0a944cb1.OPERATION#flowable-async-job-executor-thread-6692#
[BuildCloudUndeployModelStep] Executing task "buildUndeployModelTask" of process "1ab74288-6be0-11f1-9c60-eeee0a944cb1"...#
#2026 06 19 13:09:30.224#Z#DEBUG#1ab74262-6be0-11f1-9c60-eeee0a944cb1.OPERATION#flowable-async-job-executor-thread-6692#
[BuildCloudUndeployModelStep] Building cloud undeployment model...#
#2026 06 19 13:09:30.227#Z#DEBUG#1ab74262-6be0-11f1-9c60-eeee0a944cb1.OPERATION#flowable-async-job-executor-thread-6692#
[BuildCloudUndeployModelStep] Detecting service keys to delete.#
#2026 06 19 13:09:30.228#Z#DEBUG#1ab74262-6be0-11f1-9c60-eeee0a944cb1.OPERATION#flowable-async-job-executor-thread-6692#
[BuildCloudUndeployModelStep] No deployed service keys detected!#
#2026 06 19 13:09:30.228#Z#DEBUG#1ab74262-6be0-11f1-9c60-eeee0a944cb1.OPERATION#flowable-async-job-executor-thread-6692#
[BuildCloudUndeployModelStep] Detected service keys to delete "[]"#
#2026 06 19 13:09:30.235#Z#DEBUG#1ab74262-6be0-11f1-9c60-eeee0a944cb1.OPERATION#flowable-async-job-executor-thread-6692#
[BuildCloudUndeployModelStep] MTA modules: [sales-order-backend-db-deployer, sales-order-backend-service, sales-order-backend-app-router]#
#2026 06 19 13:09:30.235#Z#DEBUG#1ab74262-6be0-11f1-9c60-eeee0a944cb1.OPERATION#flowable-async-job-executor-thread-6692#
[BuildCloudUndeployModelStep] Modules to undeploy: [ ]#
#2026 06 19 13:09:30.235#Z#DEBUG#1ab74262-6be0-11f1-9c60-eeee0a944cb1.OPERATION#flowable-async-job-executor-thread-6692#
[BuildCloudUndeployModelStep] Modules that won't be changed: [ ]#
#2026 06 19 13:09:30.237#Z#DEBUG#1ab74262-6be0-11f1-9c60-eeee0a944cb1.OPERATION#flowable-async-job-executor-thread-6692#
[BuildCloudUndeployModelStep] Subscriptions to delete: [ ]#
#2026 06 19 13:09:30.239#Z#DEBUG#1ab74262-6be0-11f1-9c60-eeee0a944cb1.OPERATION#flowable-async-job-executor-thread-6692#
[BuildCloudUndeployModelStep] Cloud services to delete: []#
#2026 06 19 13:09:30.239#Z#DEBUG#1ab74262-6be0-11f1-9c60-eeee0a944cb1.OPERATION#flowable-async-job-executor-thread-6692#
[BuildCloudUndeployModelStep] Cloud applications to undeploy: [ ]#
#2026 06 19 13:09:30.242#Z#DEBUG#1ab74262-6be0-11f1-9c60-eeee0a944cb1.OPERATION#flowable-async-job-executor-thread-6692#
[BuildCloudUndeployModelStep] Cloud undeployment model built#
#2026 06 19 13:09:30.242#Z#DEBUG#1ab74262-6be0-11f1-9c60-eeee0a944cb1.OPERATION#flowable-async-job-executor-thread-6692#
Step "Build Undeploy Model" finished#
#2026 06 19 13:09:30.287#Z#DEBUG#1ab74262-6be0-11f1-9c60-eeee0a944cb1.OPERATION#flowable-async-job-executor-thread-6693#
[AddDomainsStep] Executing task "addDomainsTask" of process "1ab74288-6be0-11f1-9c60-eeee0a944cb1"...#
#2026 06 19 13:09:30.289#Z#DEBUG#1ab74262-6be0-11f1-9c60-eeee0a944cb1.OPERATION#flowable-async-job-executor-thread-6693#
[AddDomainsStep] Custom domains: []#
#2026 06 19 13:09:30.289#Z#DEBUG#1ab74262-6be0-11f1-9c60-eeee0a944cb1.OPERATION#flowable-async-job-executor-thread-6693#
Step "Add Domains" finished#
#2026 06 19 13:09:30.461#Z#DEBUG#1ab74262-6be0-11f1-9c60-eeee0a944cb1.OPERATION#flowable-async-job-executor-thread-6695#
[ExtractBatchedServicesWithResolvedDynamicParametersStep] Executing task "prepareModulesDeploymentTask" of process "1b84f3d4-6be0-11f1-9c60-eeee0a944cb1"...#
#2026 06 19 13:09:30.463#Z#DEBUG#1ab74262-6be0-11f1-9c60-eeee0a944cb1.OPERATION#flowable-async-job-executor-thread-6695#
[ExtractBatchedServicesWithResolvedDynamicParametersStep] Extracting services and resolving dynamic parameters from batch#
#2026 06 19 13:09:30.464#Z#DEBUG#1ab74262-6be0-11f1-9c60-eeee0a944cb1.OPERATION#flowable-async-job-executor-thread-6695#
[ExtractBatchedServicesWithResolvedDynamicParametersStep] Services to create: [ {
  "isOptional" : false,
  "isManaged" : true,
  "name" : "sales-order-backend-db",
  "v3Metadata" : {
    "annotations" : {
      "mta_id" : "sales-order-backend",
      "mta_version" : "1.0.0",
      "mta_resource" : "{\"name\":\"sales-order-backend-db\"}"
    },
    "labels" : {
      "mta_id" : "afa3e87696611616578a505bbc9aa757"
    }
  },
  "label" : "hana",
  "plan" : "hdi-shared",
  "credentials" : "********",
  "tags" : [ ],
  "type" : "managed",
  "resourceName" : "sales-order-backend-db",
  "shouldSkipParametersUpdate" : false,
  "shouldSkipPlanUpdate" : false,
  "shouldSkipTagsUpdate" : false,
  "shouldSkipSyslogUrlUpdate" : false
}, {
  "isOptional" : false,
  "isManaged" : true,
  "name" : "sales-order-backend-uaa",
  "v3Metadata" : {
    "annotations" : {
      "mta_id" : "sales-order-backend",
      "mta_version" : "1.0.0",
      "mta_resource" : "{\"name\":\"sales-order-backend-uaa\"}"
    },
    "labels" : {
      "mta_id" : "afa3e87696611616578a505bbc9aa757"
    }
  },
  "label" : "xsuaa",
  "plan" : "application",
  "credentials" : "********",
  "tags" : [ ],
  "type" : "managed",
  "resourceName" : "sales-order-backend-uaa",
  "shouldSkipParametersUpdate" : false,
  "shouldSkipPlanUpdate" : false,
  "shouldSkipTagsUpdate" : false,
  "shouldSkipSyslogUrlUpdate" : false
} ]#
#2026 06 19 13:09:30.466#Z#DEBUG#1ab74262-6be0-11f1-9c60-eeee0a944cb1.OPERATION#flowable-async-job-executor-thread-6695#
Step "Extract Services with Resolved Dynamic parameters from batch" finished#
#2026 06 19 13:09:30.586#Z#DEBUG#1ab74262-6be0-11f1-9c60-eeee0a944cb1.OPERATION#flowable-async-job-executor-thread-6690#
[CheckServiceOperationStateStep] Executing task "CheckServiceOperationStateTask" of process "1b9d0ef2-6be0-11f1-9c60-eeee0a944cb1"...#
#2026 06 19 13:09:30.588#Z#DEBUG#1ab74262-6be0-11f1-9c60-eeee0a944cb1.OPERATION#flowable-async-job-executor-thread-6690#
[CheckServiceOperationStateStep] Getting service instance "sales-order-backend-db"...#
#2026 06 19 13:09:30.710#Z#DEBUG#1ab74262-6be0-11f1-9c60-eeee0a944cb1.OPERATION#flowable-async-job-executor-thread-6690#
Step "Check for service operations in Progress" finished#
#2026 06 19 13:09:30.748#Z#DEBUG#1ab74262-6be0-11f1-9c60-eeee0a944cb1.OPERATION#flowable-async-job-executor-thread-6690#
[DetermineServiceCreateUpdateServiceActionsStep] Executing task "DetermineServiceCreateUpdateActionsTask" of process "1b9d0ef2-6be0-11f1-9c60-eeee0a944cb1"...#
#2026 06 19 13:09:30.751#Z#INFO#1ab74262-6be0-11f1-9c60-eeee0a944cb1.OPERATION#flowable-async-job-executor-thread-6690#
[DetermineServiceCreateUpdateServiceActionsStep] Processing service "sales-order-backend-db"...#
#2026 06 19 13:09:30.757#Z#DEBUG#1ab74262-6be0-11f1-9c60-eeee0a944cb1.OPERATION#flowable-async-job-executor-thread-6690#
[DetermineServiceCreateUpdateServiceActionsStep] Getting service instance "sales-order-backend-db"...#
#2026 06 19 13:09:30.879#Z#DEBUG#1ab74262-6be0-11f1-9c60-eeee0a944cb1.OPERATION#flowable-async-job-executor-thread-6690#
[DetermineServiceCreateUpdateServiceActionsStep] Existing service: {
  "name" : "sales-order-backend-db",
  "metadata" : {
    "guid" : "dd998d3f-3cd9-4448-9326-dd0e4b04c971",
    "createdAt" : [ 2026, 6, 19, 12, 41 ],
    "updatedAt" : [ 2026, 6, 19, 12, 41 ]
  },
  "v3Metadata" : {
    "annotations" : {
      "mta_id" : "sales-order-backend",
      "mta_version" : "1.0.0",
      "mta_resource" : "{\"name\":\"sales-order-backend-db\"}"
    },
    "labels" : {
      "mta_id" : "afa3e87696611616578a505bbc9aa757"
    }
  },
  "label" : "hana",
  "plan" : "hdi-shared",
  "credentials" : "********",
  "tags" : [ ],
  "type" : "managed",
  "lastOperation" : {
    "type" : "UPDATE",
    "state" : "SUCCEEDED"
  }
}#
#2026 06 19 13:09:30.879#Z#DEBUG#1ab74262-6be0-11f1-9c60-eeee0a944cb1.OPERATION#flowable-async-job-executor-thread-6690#
[DetermineServiceCreateUpdateServiceActionsStep] Service parameters will be updated#
#2026 06 19 13:09:30.879#Z#DEBUG#1ab74262-6be0-11f1-9c60-eeee0a944cb1.OPERATION#flowable-async-job-executor-thread-6690#
[DetermineServiceCreateUpdateServiceActionsStep] New parameters: {
  "makeUniqueName" : false,
  "schema" : "SALESORDERDB"
}#
#2026 06 19 13:09:30.879#Z#DEBUG#1ab74262-6be0-11f1-9c60-eeee0a944cb1.OPERATION#flowable-async-job-executor-thread-6690#
Step "Determine update actions" finished#
#2026 06 19 13:09:30.946#Z#DEBUG#1ab74262-6be0-11f1-9c60-eeee0a944cb1.OPERATION#flowable-async-job-executor-thread-6690#
[CheckForServiceBindingOrKeyOperationStep] Executing task "CheckForServiceBindingOrKeyCreation" of process "1b9d0ef2-6be0-11f1-9c60-eeee0a944cb1"...#
#2026 06 19 13:09:30.948#Z#DEBUG#1ab74262-6be0-11f1-9c60-eeee0a944cb1.OPERATION#flowable-async-job-executor-thread-6690#
Step "Check for service binding or key creation" finished#
#2026 06 19 13:09:30.828#Z#DEBUG#1ab74262-6be0-11f1-9c60-eeee0a944cb1.OPERATION#flowable-async-job-executor-thread-7108#
[CheckServiceOperationStateStep] Executing task "CheckServiceOperationStateTask" of process "1bc2e677-6be0-11f1-820a-eeee0a9e7842"...#
#2026 06 19 13:09:30.886#Z#DEBUG#1ab74262-6be0-11f1-9c60-eeee0a944cb1.OPERATION#flowable-async-job-executor-thread-7108#
[CheckServiceOperationStateStep] Getting service instance "sales-order-backend-uaa"...#
#2026 06 19 13:09:31.043#Z#DEBUG#1ab74262-6be0-11f1-9c60-eeee0a944cb1.OPERATION#flowable-async-job-executor-thread-7108#
Step "Check for service operations in Progress" finished#
#2026 06 19 13:09:31.004#Z#DEBUG#1ab74262-6be0-11f1-9c60-eeee0a944cb1.OPERATION#flowable-async-job-executor-thread-6694#
[UpdateServiceParametersStep] Executing task "UpdateServiceParametersTask" of process "1b9d0ef2-6be0-11f1-9c60-eeee0a944cb1"...#
#2026 06 19 13:09:31.008#Z#INFO#1ab74262-6be0-11f1-9c60-eeee0a944cb1.OPERATION#flowable-async-job-executor-thread-6694#
[UpdateServiceParametersStep] Updating service "sales-order-backend-db"...#
#2026 06 19 13:09:31.014#Z#DEBUG#1ab74262-6be0-11f1-9c60-eeee0a944cb1.OPERATION#flowable-async-job-executor-thread-6694#
[UpdateServiceParametersStep] Updating service parameters for service "sales-order-backend-db"...#
#2026 06 19 13:09:31.102#Z#DEBUG#1ab74262-6be0-11f1-9c60-eeee0a944cb1.OPERATION#flowable-async-job-executor-thread-6694#
[UpdateServiceParametersStep] Service "sales-order-backend-db" updated#
#2026 06 19 13:09:31.103#Z#DEBUG#1ab74262-6be0-11f1-9c60-eeee0a944cb1.OPERATION#flowable-async-job-executor-thread-6694#
[UpdateServiceParametersStep] Triggered service operations: {
  "sales-order-backend-db" : "UPDATE"
}#
#2026 06 19 13:09:31.105#Z#DEBUG#1ab74262-6be0-11f1-9c60-eeee0a944cb1.OPERATION#flowable-async-job-executor-thread-6694#
Step "Update parameters" finished#
#2026 06 19 13:09:31.078#Z#DEBUG#1ab74262-6be0-11f1-9c60-eeee0a944cb1.OPERATION#flowable-async-job-executor-thread-7109#
[DetermineServiceCreateUpdateServiceActionsStep] Executing task "DetermineServiceCreateUpdateActionsTask" of process "1bc2e677-6be0-11f1-820a-eeee0a9e7842"...#
#2026 06 19 13:09:31.080#Z#INFO#1ab74262-6be0-11f1-9c60-eeee0a944cb1.OPERATION#flowable-async-job-executor-thread-7109#
[DetermineServiceCreateUpdateServiceActionsStep] Processing service "sales-order-backend-uaa"...#
#2026 06 19 13:09:31.088#Z#DEBUG#1ab74262-6be0-11f1-9c60-eeee0a944cb1.OPERATION#flowable-async-job-executor-thread-7109#
[DetermineServiceCreateUpdateServiceActionsStep] Getting service instance "sales-order-backend-uaa"...#
#2026 06 19 13:09:31.224#Z#INFO#1ab74262-6be0-11f1-9c60-eeee0a944cb1.OPERATION#flowable-async-job-executor-thread-7109#
[DetermineServiceCreateUpdateServiceActionsStep] Setting service "sales-order-backend-uaa" parameters from "xs-security.json"#
#2026 06 19 13:09:31.267#Z#DEBUG#1ab74262-6be0-11f1-9c60-eeee0a944cb1.OPERATION#flowable-async-job-executor-thread-7109#
[DetermineServiceCreateUpdateServiceActionsStep] Existing service: {
  "name" : "sales-order-backend-uaa",
  "metadata" : {
    "guid" : "61b16f55-fec2-4f7c-bada-eaabafc53adc",
    "createdAt" : [ 2026, 6, 19, 12, 37, 17 ],
    "updatedAt" : [ 2026, 6, 19, 12, 37, 20 ]
  },
  "v3Metadata" : {
    "annotations" : {
      "mta_id" : "sales-order-backend",
      "mta_version" : "1.0.0",
      "mta_resource" : "{\"name\":\"sales-order-backend-uaa\"}"
    },
    "labels" : {
      "mta_id" : "afa3e87696611616578a505bbc9aa757"
    }
  },
  "label" : "xsuaa",
  "plan" : "application",
  "credentials" : "********",
  "tags" : [ ],
  "type" : "managed",
  "lastOperation" : {
    "type" : "UPDATE",
    "description" : "",
    "state" : "SUCCEEDED"
  }
}#
#2026 06 19 13:09:31.267#Z#DEBUG#1ab74262-6be0-11f1-9c60-eeee0a944cb1.OPERATION#flowable-async-job-executor-thread-7109#
[DetermineServiceCreateUpdateServiceActionsStep] Service parameters will be updated#
#2026 06 19 13:09:31.268#Z#DEBUG#1ab74262-6be0-11f1-9c60-eeee0a944cb1.OPERATION#flowable-async-job-executor-thread-7109#
[DetermineServiceCreateUpdateServiceActionsStep] New parameters: {
  "attributes" : [ {
    "name" : "id",
    "description" : "********",
    "valueType" : "string",
    "valueRequired" : false
  }, {
    "name" : "groups",
    "description" : "********",
    "valueType" : "string",
    "valueRequired" : false
  } ],
  "description" : "Security profile of Sales Order Backend App",
  "role-templates" : [ {
    "name" : "********",
    "description" : "UAA",
    "scope-references" : [ "********" ]
  }, {
    "name" : "admin",
    "description" : "********",
    "attribute-references" : [ "id", "groups" ],
    "scope-references" : [ "XSAPPNAME.admin" ]
  }, {
    "name" : "********",
    "description" : "********",
    "attribute-references" : [ "id", "groups" ],
    "scope-references" : [ "********" ]
  } ],
  "scopes" : [ {
    "name" : "********",
    "description" : "********"
  }, {
    "name" : "$XSAPPNAME.admin",
    "description" : "Admin use"
  }, {
    "name" : "********",
    "description" : "********"
  } ],
  "tenant-mode" : "dedicated",
  "xsappname" : "sales-order-backend-uaa"
}#
#2026 06 19 13:09:31.268#Z#DEBUG#1ab74262-6be0-11f1-9c60-eeee0a944cb1.OPERATION#flowable-async-job-executor-thread-7109#
Step "Determine update actions" finished#
#2026 06 19 13:09:31.318#Z#DEBUG#1ab74262-6be0-11f1-9c60-eeee0a944cb1.OPERATION#flowable-async-job-executor-thread-7110#
[CheckForServiceBindingOrKeyOperationStep] Executing task "CheckForServiceBindingOrKeyCreation" of process "1bc2e677-6be0-11f1-820a-eeee0a9e7842"...#
#2026 06 19 13:09:31.320#Z#DEBUG#1ab74262-6be0-11f1-9c60-eeee0a944cb1.OPERATION#flowable-async-job-executor-thread-7110#
Step "Check for service binding or key creation" finished#
#2026 06 19 13:09:31.363#Z#DEBUG#1ab74262-6be0-11f1-9c60-eeee0a944cb1.OPERATION#flowable-async-job-executor-thread-7111#
[UpdateServiceParametersStep] Executing task "UpdateServiceParametersTask" of process "1bc2e677-6be0-11f1-820a-eeee0a9e7842"...#
#2026 06 19 13:09:31.366#Z#INFO#1ab74262-6be0-11f1-9c60-eeee0a944cb1.OPERATION#flowable-async-job-executor-thread-7111#
[UpdateServiceParametersStep] Updating service "sales-order-backend-uaa"...#
#2026 06 19 13:09:31.372#Z#DEBUG#1ab74262-6be0-11f1-9c60-eeee0a944cb1.OPERATION#flowable-async-job-executor-thread-7111#
[UpdateServiceParametersStep] Updating service parameters for service "sales-order-backend-uaa"...#
#2026 06 19 13:09:31.477#Z#DEBUG#1ab74262-6be0-11f1-9c60-eeee0a944cb1.OPERATION#flowable-async-job-executor-thread-7111#
[UpdateServiceParametersStep] Service "sales-order-backend-uaa" updated#
#2026 06 19 13:09:31.477#Z#DEBUG#1ab74262-6be0-11f1-9c60-eeee0a944cb1.OPERATION#flowable-async-job-executor-thread-7111#
[UpdateServiceParametersStep] Triggered service operations: {
  "sales-order-backend-uaa" : "UPDATE"
}#
#2026 06 19 13:09:31.478#Z#DEBUG#1ab74262-6be0-11f1-9c60-eeee0a944cb1.OPERATION#flowable-async-job-executor-thread-7111#
Step "Update parameters" finished#
#2026 06 19 13:09:43.834#Z#DEBUG#1ab74262-6be0-11f1-9c60-eeee0a944cb1.OPERATION#flowable-async-job-executor-thread-7770#
[UpdateServiceParametersStep] Executing task "UpdateServiceParametersTask" of process "1b9d0ef2-6be0-11f1-9c60-eeee0a944cb1"...#
#2026 06 19 13:09:43.835#Z#DEBUG#1ab74262-6be0-11f1-9c60-eeee0a944cb1.OPERATION#flowable-async-job-executor-thread-7770#
[UpdateServiceParametersStep] Polling service operations...#
#2026 06 19 13:09:43.838#Z#DEBUG#1ab74262-6be0-11f1-9c60-eeee0a944cb1.OPERATION#flowable-async-job-executor-thread-7770#
[UpdateServiceParametersStep] Getting service instance "sales-order-backend-db"...#
#2026 06 19 13:09:43.952#Z#DEBUG#1ab74262-6be0-11f1-9c60-eeee0a944cb1.OPERATION#flowable-async-job-executor-thread-7770#
[UpdateServiceParametersStep] Last operation for service "sales-order-backend-db": {
  "type" : "UPDATE",
  "state" : "SUCCEEDED"
}#
#2026 06 19 13:09:43.952#Z#DEBUG#1ab74262-6be0-11f1-9c60-eeee0a944cb1.OPERATION#flowable-async-job-executor-thread-7770#
[UpdateServiceParametersStep] Service "sales-order-backend-db" updated#
#2026 06 19 13:09:43.952#Z#INFO#1ab74262-6be0-11f1-9c60-eeee0a944cb1.OPERATION#flowable-async-job-executor-thread-7770#
[UpdateServiceParametersStep] 1 of 1 done#
#2026 06 19 13:09:43.960#Z#DEBUG#1ab74262-6be0-11f1-9c60-eeee0a944cb1.OPERATION#flowable-async-job-executor-thread-7770#
[UpdateServiceParametersStep] Remaining services to poll: [ ]#
#2026 06 19 13:09:43.960#Z#DEBUG#1ab74262-6be0-11f1-9c60-eeee0a944cb1.OPERATION#flowable-async-job-executor-thread-7770#
Step "Update parameters" finished#
#2026 06 19 13:09:43.875#Z#DEBUG#1ab74262-6be0-11f1-9c60-eeee0a944cb1.OPERATION#flowable-async-job-executor-thread-7117#
[UpdateServiceParametersStep] Executing task "UpdateServiceParametersTask" of process "1bc2e677-6be0-11f1-820a-eeee0a9e7842"...#
#2026 06 19 13:09:43.876#Z#DEBUG#1ab74262-6be0-11f1-9c60-eeee0a944cb1.OPERATION#flowable-async-job-executor-thread-7117#
[UpdateServiceParametersStep] Polling service operations...#
#2026 06 19 13:09:43.880#Z#DEBUG#1ab74262-6be0-11f1-9c60-eeee0a944cb1.OPERATION#flowable-async-job-executor-thread-7117#
[UpdateServiceParametersStep] Getting service instance "sales-order-backend-uaa"...#
#2026 06 19 13:09:44.018#Z#DEBUG#1ab74262-6be0-11f1-9c60-eeee0a944cb1.OPERATION#flowable-async-job-executor-thread-7117#
[UpdateServiceParametersStep] Last operation for service "sales-order-backend-uaa": {
  "type" : "UPDATE",
  "description" : "",
  "state" : "SUCCEEDED"
}#
#2026 06 19 13:09:44.018#Z#DEBUG#1ab74262-6be0-11f1-9c60-eeee0a944cb1.OPERATION#flowable-async-job-executor-thread-7117#
[UpdateServiceParametersStep] Service "sales-order-backend-uaa" updated#
#2026 06 19 13:09:44.018#Z#INFO#1ab74262-6be0-11f1-9c60-eeee0a944cb1.OPERATION#flowable-async-job-executor-thread-7117#
[UpdateServiceParametersStep] 1 of 1 done#
#2026 06 19 13:09:44.025#Z#DEBUG#1ab74262-6be0-11f1-9c60-eeee0a944cb1.OPERATION#flowable-async-job-executor-thread-7117#
[UpdateServiceParametersStep] Remaining services to poll: [ ]#
#2026 06 19 13:09:44.027#Z#DEBUG#1ab74262-6be0-11f1-9c60-eeee0a944cb1.OPERATION#flowable-async-job-executor-thread-7117#
Step "Update parameters" finished#
#2026 06 19 13:09:44.908#Z#DEBUG#1ab74262-6be0-11f1-9c60-eeee0a944cb1.OPERATION#flowable-async-job-executor-thread-7771#
[PrepareModulesDeploymentStep] Executing task "prepareModulesDeploymentTask" of process "2423d3e7-6be0-11f1-9e25-eeee0a983c96"...#
#2026 06 19 13:09:44.909#Z#DEBUG#1ab74262-6be0-11f1-9c60-eeee0a944cb1.OPERATION#flowable-async-job-executor-thread-7771#
[PrepareModulesDeploymentStep] Preparing modules deployment...#
#2026 06 19 13:09:44.915#Z#DEBUG#1ab74262-6be0-11f1-9c60-eeee0a944cb1.OPERATION#flowable-async-job-executor-thread-7771#
Step "Prepare Modules Deployment" finished#
#2026 06 19 13:09:44.951#Z#DEBUG#1ab74262-6be0-11f1-9c60-eeee0a944cb1.OPERATION#flowable-async-job-executor-thread-7771#
[ComputeNextModulesStep] Executing task "computeNextModulesToDeployInParallel" of process "2423d3e7-6be0-11f1-9e25-eeee0a983c96"...#
#2026 06 19 13:09:44.952#Z#DEBUG#1ab74262-6be0-11f1-9c60-eeee0a944cb1.OPERATION#flowable-async-job-executor-thread-7771#
[ComputeNextModulesStep] Computing modules for next parallel iteration...#
#2026 06 19 13:09:44.955#Z#DEBUG#1ab74262-6be0-11f1-9c60-eeee0a944cb1.OPERATION#flowable-async-job-executor-thread-7771#
[ComputeNextModulesStep] Completed modules detected: []#
#2026 06 19 13:09:44.955#Z#DEBUG#1ab74262-6be0-11f1-9c60-eeee0a944cb1.OPERATION#flowable-async-job-executor-thread-7771#
[ComputeNextModulesStep] All modules for deploy detected: [sales-order-backend-db-deployer, sales-order-backend-service, sales-order-backend-app-router]#
#2026 06 19 13:09:44.955#Z#DEBUG#1ab74262-6be0-11f1-9c60-eeee0a944cb1.OPERATION#flowable-async-job-executor-thread-7771#
[ComputeNextModulesStep] Modules not for deploy detected: []#
#2026 06 19 13:09:44.956#Z#DEBUG#1ab74262-6be0-11f1-9c60-eeee0a944cb1.OPERATION#flowable-async-job-executor-thread-7771#
[ComputeNextModulesStep] Computed modules for next parallel iteration: [ {
  "majorSchemaVersion" : 3,
  "name" : "sales-order-backend-service",
  "type" : "javascript.nodejs",
  "path" : "sales-order-backend-service",
  "properties" : {
    "OPTIMIZE_MEMORY" : true
  },
  "parameters" : {
    "app-name" : "sales-order-backend-service",
    "buildpack" : "nodejs_buildpack",
    "default-app-name" : "sales-order-backend-service",
    "default-host" : "ba813a92trial-dev-sales-order-backend-service",
    "default-instances" : 1,
    "default-live-app-name" : "sales-order-backend-service",
    "default-live-domain" : "cfapps.us10-001.hana.ondemand.com",
    "default-live-host" : "ba813a92trial-dev-sales-order-backend-service",
    "default-live-uri" : "ba813a92trial-dev-sales-order-backend-service.cfapps.us10-001.hana.ondemand.com",
    "default-live-url" : "https://ba813a92trial-dev-sales-order-backend-service.cfapps.us10-001.hana.ondemand.com",
    "default-uri" : "ba813a92trial-dev-sales-order-backend-service.cfapps.us10-001.hana.ondemand.com",
    "default-url" : "https://ba813a92trial-dev-sales-order-backend-service.cfapps.us10-001.hana.ondemand.com",
    "dependency-type" : "soft",
    "disk-quota" : "256M",
    "domain" : "cfapps.us10-001.hana.ondemand.com",
    "generated-password" : "********",
    "generated-user" : "********",
    "host" : "ba813a92trial-dev-sales-order-backend-service",
    "instances" : 1,
    "memory" : "512M",
    "protocol" : "https"
  },
  "requiredDependencies" : [ {
    "majorSchemaVersion" : 3,
    "name" : "sales-order-backend-db",
    "properties" : { },
    "parameters" : { },
    "propertiesMetadata" : {
      "metadata" : { }
    },
    "parametersMetadata" : {
      "metadata" : { }
    }
  }, {
    "majorSchemaVersion" : 3,
    "name" : "sales-order-backend-uaa",
    "properties" : { },
    "parameters" : { },
    "propertiesMetadata" : {
      "metadata" : { }
    },
    "parametersMetadata" : {
      "metadata" : { }
    }
  } ],
  "providedDependencies" : [ {
    "majorSchemaVersion" : 3,
    "name" : "srv-api",
    "isPublic" : false,
    "properties" : {
      "srv-url" : "https://ba813a92trial-dev-sales-order-backend-service.cfapps.us10-001.hana.ondemand.com"
    },
    "parameters" : { },
    "propertiesMetadata" : {
      "metadata" : { }
    },
    "parametersMetadata" : {
      "metadata" : { }
    }
  }, {
    "majorSchemaVersion" : 3,
    "name" : "sales-order-backend-service",
    "isPublic" : false,
    "properties" : { },
    "parameters" : { },
    "propertiesMetadata" : {
      "metadata" : { }
    },
    "parametersMetadata" : {
      "metadata" : { }
    }
  } ],
  "propertiesMetadata" : {
    "metadata" : { }
  },
  "parametersMetadata" : {
    "metadata" : { }
  },
  "deployedAfter" : [ ],
  "hooks" : [ ]
}, {
  "majorSchemaVersion" : 3,
  "name" : "sales-order-backend-db-deployer",
  "type" : "com.sap.xs.hdi",
  "path" : "sales-order-backend-db-deployer",
  "properties" : {
    "EXIT" : 1
  },
  "parameters" : {
    "app-name" : "sales-order-backend-db-deployer",
    "buildpack" : "nodejs_buildpack",
    "default-app-name" : "sales-order-backend-db-deployer",
    "default-host" : "ba813a92trial-dev-sales-order-backend-db-deployer",
    "default-instances" : 1,
    "default-live-app-name" : "sales-order-backend-db-deployer",
    "default-live-domain" : "cfapps.us10-001.hana.ondemand.com",
    "default-live-host" : "ba813a92trial-dev-sales-order-backend-db-deployer",
    "default-live-uri" : "ba813a92trial-dev-sales-order-backend-db-deployer.cfapps.us10-001.hana.ondemand.com",
    "default-live-url" : "https://ba813a92trial-dev-sales-order-backend-db-deployer.cfapps.us10-001.hana.ondemand.com",
    "default-uri" : "ba813a92trial-dev-sales-order-backend-db-deployer.cfapps.us10-001.hana.ondemand.com",
    "default-url" : "https://ba813a92trial-dev-sales-order-backend-db-deployer.cfapps.us10-001.hana.ondemand.com",
    "dependency-type" : "hard",
    "domain" : "cfapps.us10-001.hana.ondemand.com",
    "generated-password" : "********",
    "generated-user" : "********",
    "host" : "ba813a92trial-dev-sales-order-backend-db-deployer",
    "instances" : 1,
    "memory" : "256M",
    "no-route" : true,
    "no-start" : true,
    "protocol" : "https",
    "tasks" : [ {
      "command" : "npm start",
      "memory" : "256M",
      "name" : "deploy"
    } ]
  },
  "requiredDependencies" : [ {
    "majorSchemaVersion" : 3,
    "name" : "sales-order-backend-db",
    "properties" : { },
    "parameters" : { },
    "propertiesMetadata" : {
      "metadata" : { }
    },
    "parametersMetadata" : {
      "metadata" : { }
    }
  } ],
  "providedDependencies" : [ {
    "majorSchemaVersion" : 3,
    "name" : "sales-order-backend-db-deployer",
    "isPublic" : false,
    "properties" : { },
    "parameters" : { },
    "propertiesMetadata" : {
      "metadata" : { }
    },
    "parametersMetadata" : {
      "metadata" : { }
    }
  } ],
  "propertiesMetadata" : {
    "metadata" : { }
  },
  "parametersMetadata" : {
    "metadata" : { }
  },
  "deployedAfter" : [ ],
  "hooks" : [ ]
}, {
  "majorSchemaVersion" : 3,
  "name" : "sales-order-backend-app-router",
  "type" : "javascript.nodejs",
  "path" : "sales-order-backend-app-router",
  "properties" : { },
  "parameters" : {
    "app-name" : "sales-order-backend-app-router",
    "default-app-name" : "sales-order-backend-app-router",
    "default-host" : "ba813a92trial-dev-sales-order-backend-app-router",
    "default-instances" : 1,
    "default-live-app-name" : "sales-order-backend-app-router",
    "default-live-domain" : "cfapps.us10-001.hana.ondemand.com",
    "default-live-host" : "ba813a92trial-dev-sales-order-backend-app-router",
    "default-live-uri" : "ba813a92trial-dev-sales-order-backend-app-router.cfapps.us10-001.hana.ondemand.com",
    "default-live-url" : "https://ba813a92trial-dev-sales-order-backend-app-router.cfapps.us10-001.hana.ondemand.com",
    "default-uri" : "ba813a92trial-dev-sales-order-backend-app-router.cfapps.us10-001.hana.ondemand.com",
    "default-url" : "https://ba813a92trial-dev-sales-order-backend-app-router.cfapps.us10-001.hana.ondemand.com",
    "dependency-type" : "soft",
    "disk-quota" : "256M",
    "domain" : "cfapps.us10-001.hana.ondemand.com",
    "generated-password" : "********",
    "generated-user" : "********",
    "host" : "ba813a92trial-dev-sales-order-backend-app-router",
    "instances" : 1,
    "memory" : "256M",
    "protocol" : "https"
  },
  "requiredDependencies" : [ {
    "majorSchemaVersion" : 3,
    "name" : "sales-order-backend-uaa",
    "properties" : { },
    "parameters" : { },
    "propertiesMetadata" : {
      "metadata" : { }
    },
    "parametersMetadata" : {
      "metadata" : { }
    }
  }, {
    "majorSchemaVersion" : 3,
    "name" : "srv-api",
    "group" : "destinations",
    "properties" : {
      "forwardAuthToken" : "********",
      "name" : "srv-api",
      "url" : "https://ba813a92trial-dev-sales-order-backend-service.cfapps.us10-001.hana.ondemand.com"
    },
    "parameters" : { },
    "propertiesMetadata" : {
      "metadata" : { }
    },
    "parametersMetadata" : {
      "metadata" : { }
    }
  } ],
  "providedDependencies" : [ {
    "majorSchemaVersion" : 3,
    "name" : "sales-order-backend-app-router",
    "isPublic" : false,
    "properties" : { },
    "parameters" : { },
    "propertiesMetadata" : {
      "metadata" : { }
    },
    "parametersMetadata" : {
      "metadata" : { }
    }
  } ],
  "propertiesMetadata" : {
    "metadata" : { }
  },
  "parametersMetadata" : {
    "metadata" : { }
  },
  "deployedAfter" : [ ],
  "hooks" : [ ]
} ]#
#2026 06 19 13:09:44.956#Z#DEBUG#1ab74262-6be0-11f1-9c60-eeee0a944cb1.OPERATION#flowable-async-job-executor-thread-7771#
Step "Compute Next Modules To Deploy" finished#
#2026 06 19 13:09:45.138#Z#DEBUG#1ab74262-6be0-11f1-9c60-eeee0a944cb1.OPERATION#flowable-async-job-executor-thread-7772#
[ProcessDescriptorStep] Executing task "reprocessDescriptorTask" of process "244391c2-6be0-11f1-9e25-eeee0a983c96"...#
#2026 06 19 13:09:45.139#Z#DEBUG#1ab74262-6be0-11f1-9c60-eeee0a944cb1.OPERATION#flowable-async-job-executor-thread-7772#
[ProcessDescriptorStep] Resolving properties and parameters in merged descriptor...#
#2026 06 19 13:09:45.142#Z#DEBUG#1ab74262-6be0-11f1-9c60-eeee0a944cb1.OPERATION#flowable-async-job-executor-thread-7772#
[ProcessDescriptorStep] Subscriptions: [ ]#
#2026 06 19 13:09:45.148#Z#DEBUG#1ab74262-6be0-11f1-9c60-eeee0a944cb1.OPERATION#flowable-async-job-executor-thread-7772#
[ProcessDescriptorStep] MTA modules: [sales-order-backend-db-deployer, sales-order-backend-service, sales-order-backend-app-router]#
#2026 06 19 13:09:45.152#Z#DEBUG#1ab74262-6be0-11f1-9c60-eeee0a944cb1.OPERATION#flowable-async-job-executor-thread-7772#
[ProcessDescriptorStep] Resolved deployment descriptor: {
  "majorSchemaVersion" : 3,
  "schemaVersion" : "3.3.0",
  "id" : "sales-order-backend",
  "version" : "1.0.0",
  "modules" : [ {
    "majorSchemaVersion" : 3,
    "name" : "sales-order-backend-service",
    "type" : "javascript.nodejs",
    "path" : "sales-order-backend-service",
    "properties" : {
      "OPTIMIZE_MEMORY" : true
    },
    "parameters" : {
      "default-url" : "https://ba813a92trial-dev-sales-order-backend-service.cfapps.us10-001.hana.ondemand.com",
      "default-app-name" : "sales-order-backend-service",
      "generated-password" : "********",
      "default-live-url" : "https://ba813a92trial-dev-sales-order-backend-service.cfapps.us10-001.hana.ondemand.com",
      "default-uri" : "ba813a92trial-dev-sales-order-backend-service.cfapps.us10-001.hana.ondemand.com",
      "memory" : "512M",
      "default-instances" : 1,
      "default-live-host" : "ba813a92trial-dev-sales-order-backend-service",
      "instances" : 1,
      "buildpack" : "nodejs_buildpack",
      "default-host" : "ba813a92trial-dev-sales-order-backend-service",
      "app-name" : "sales-order-backend-service",
      "default-live-uri" : "ba813a92trial-dev-sales-order-backend-service.cfapps.us10-001.hana.ondemand.com",
      "protocol" : "https",
      "default-live-app-name" : "sales-order-backend-service",
      "default-live-domain" : "cfapps.us10-001.hana.ondemand.com",
      "disk-quota" : "256M",
      "domain" : "cfapps.us10-001.hana.ondemand.com",
      "host" : "ba813a92trial-dev-sales-order-backend-service",
      "generated-user" : "********"
    },
    "requiredDependencies" : [ {
      "majorSchemaVersion" : 3,
      "name" : "sales-order-backend-db",
      "properties" : { },
      "parameters" : { },
      "propertiesMetadata" : {
        "metadata" : { }
      },
      "parametersMetadata" : {
        "metadata" : { }
      }
    }, {
      "majorSchemaVersion" : 3,
      "name" : "sales-order-backend-uaa",
      "properties" : { },
      "parameters" : { },
      "propertiesMetadata" : {
        "metadata" : { }
      },
      "parametersMetadata" : {
        "metadata" : { }
      }
    } ],
    "providedDependencies" : [ {
      "majorSchemaVersion" : 3,
      "name" : "srv-api",
      "isPublic" : false,
      "properties" : {
        "srv-url" : "https://ba813a92trial-dev-sales-order-backend-service.cfapps.us10-001.hana.ondemand.com"
      },
      "parameters" : { },
      "propertiesMetadata" : {
        "metadata" : { }
      },
      "parametersMetadata" : {
        "metadata" : { }
      }
    }, {
      "majorSchemaVersion" : 3,
      "name" : "sales-order-backend-service",
      "isPublic" : false,
      "properties" : { },
      "parameters" : { },
      "propertiesMetadata" : {
        "metadata" : { }
      },
      "parametersMetadata" : {
        "metadata" : { }
      }
    } ],
    "propertiesMetadata" : {
      "metadata" : { }
    },
    "parametersMetadata" : {
      "metadata" : { }
    },
    "hooks" : [ ]
  }, {
    "majorSchemaVersion" : 3,
    "name" : "sales-order-backend-db-deployer",
    "type" : "com.sap.xs.hdi",
    "path" : "sales-order-backend-db-deployer",
    "properties" : {
      "EXIT" : 1
    },
    "parameters" : {
      "default-url" : "https://ba813a92trial-dev-sales-order-backend-db-deployer.cfapps.us10-001.hana.ondemand.com",
      "default-app-name" : "sales-order-backend-db-deployer",
      "generated-password" : "********",
      "default-live-url" : "https://ba813a92trial-dev-sales-order-backend-db-deployer.cfapps.us10-001.hana.ondemand.com",
      "default-uri" : "ba813a92trial-dev-sales-order-backend-db-deployer.cfapps.us10-001.hana.ondemand.com",
      "memory" : "256M",
      "default-instances" : 1,
      "no-route" : true,
      "default-live-host" : "ba813a92trial-dev-sales-order-backend-db-deployer",
      "instances" : 1,
      "buildpack" : "nodejs_buildpack",
      "default-host" : "ba813a92trial-dev-sales-order-backend-db-deployer",
      "app-name" : "sales-order-backend-db-deployer",
      "default-live-uri" : "ba813a92trial-dev-sales-order-backend-db-deployer.cfapps.us10-001.hana.ondemand.com",
      "protocol" : "https",
      "default-live-app-name" : "sales-order-backend-db-deployer",
      "default-live-domain" : "cfapps.us10-001.hana.ondemand.com",
      "dependency-type" : "hard",
      "domain" : "cfapps.us10-001.hana.ondemand.com",
      "host" : "ba813a92trial-dev-sales-order-backend-db-deployer",
      "generated-user" : "********",
      "tasks" : [ {
        "command" : "npm start",
        "memory" : "256M",
        "name" : "deploy"
      } ],
      "no-start" : true
    },
    "requiredDependencies" : [ {
      "majorSchemaVersion" : 3,
      "name" : "sales-order-backend-db",
      "properties" : { },
      "parameters" : { },
      "propertiesMetadata" : {
        "metadata" : { }
      },
      "parametersMetadata" : {
        "metadata" : { }
      }
    } ],
    "providedDependencies" : [ {
      "majorSchemaVersion" : 3,
      "name" : "sales-order-backend-db-deployer",
      "isPublic" : false,
      "properties" : { },
      "parameters" : { },
      "propertiesMetadata" : {
        "metadata" : { }
      },
      "parametersMetadata" : {
        "metadata" : { }
      }
    } ],
    "propertiesMetadata" : {
      "metadata" : { }
    },
    "parametersMetadata" : {
      "metadata" : { }
    },
    "hooks" : [ ]
  }, {
    "majorSchemaVersion" : 3,
    "name" : "sales-order-backend-app-router",
    "type" : "javascript.nodejs",
    "path" : "sales-order-backend-app-router",
    "properties" : { },
    "parameters" : {
      "default-url" : "https://ba813a92trial-dev-sales-order-backend-app-router.cfapps.us10-001.hana.ondemand.com",
      "default-app-name" : "sales-order-backend-app-router",
      "generated-password" : "********",
      "default-live-url" : "https://ba813a92trial-dev-sales-order-backend-app-router.cfapps.us10-001.hana.ondemand.com",
      "default-uri" : "ba813a92trial-dev-sales-order-backend-app-router.cfapps.us10-001.hana.ondemand.com",
      "memory" : "256M",
      "default-instances" : 1,
      "default-live-host" : "ba813a92trial-dev-sales-order-backend-app-router",
      "instances" : 1,
      "default-host" : "ba813a92trial-dev-sales-order-backend-app-router",
      "app-name" : "sales-order-backend-app-router",
      "default-live-uri" : "ba813a92trial-dev-sales-order-backend-app-router.cfapps.us10-001.hana.ondemand.com",
      "protocol" : "https",
      "default-live-app-name" : "sales-order-backend-app-router",
      "default-live-domain" : "cfapps.us10-001.hana.ondemand.com",
      "disk-quota" : "256M",
      "domain" : "cfapps.us10-001.hana.ondemand.com",
      "host" : "ba813a92trial-dev-sales-order-backend-app-router",
      "generated-user" : "********"
    },
    "requiredDependencies" : [ {
      "majorSchemaVersion" : 3,
      "name" : "sales-order-backend-uaa",
      "properties" : { },
      "parameters" : { },
      "propertiesMetadata" : {
        "metadata" : { }
      },
      "parametersMetadata" : {
        "metadata" : { }
      }
    }, {
      "majorSchemaVersion" : 3,
      "name" : "srv-api",
      "group" : "destinations",
      "properties" : {
        "name" : "srv-api",
        "forwardAuthToken" : "********",
        "url" : "https://ba813a92trial-dev-sales-order-backend-service.cfapps.us10-001.hana.ondemand.com"
      },
      "parameters" : { },
      "propertiesMetadata" : {
        "metadata" : { }
      },
      "parametersMetadata" : {
        "metadata" : { }
      }
    } ],
    "providedDependencies" : [ {
      "majorSchemaVersion" : 3,
      "name" : "sales-order-backend-app-router",
      "isPublic" : false,
      "properties" : { },
      "parameters" : { },
      "propertiesMetadata" : {
        "metadata" : { }
      },
      "parametersMetadata" : {
        "metadata" : { }
      }
    } ],
    "propertiesMetadata" : {
      "metadata" : { }
    },
    "parametersMetadata" : {
      "metadata" : { }
    },
    "hooks" : [ ]
  } ],
  "resources" : [ {
    "majorSchemaVersion" : 3,
    "name" : "sales-order-backend-db",
    "type" : "com.sap.xs.hdi-container",
    "properties" : {
      "hdi-service-name" : "sales-order-backend-db",
      "hdi-container-name" : "sales-order-backend-db"
    },
    "parameters" : {
      "generated-password" : "********",
      "service-name" : "sales-order-backend-db",
      "service-plan" : "hdi-shared",
      "service" : "hana",
      "generated-user" : "********",
      "default-xsappname" : "sales-order-backend-db",
      "type" : "managed-service",
      "config" : {
        "makeUniqueName" : false,
        "schema" : "SALESORDERDB"
      },
      "default-service-name" : "sales-order-backend-db",
      "default-container-name" : "BA813A92TRIAL_DEV_SALES_ORDER_BACKEND_DB"
    },
    "isActive" : true,
    "isOptional" : false,
    "propertiesMetadata" : {
      "metadata" : { }
    },
    "parametersMetadata" : {
      "metadata" : { }
    },
    "requiredDependencies" : [ ],
    "processedAfter" : [ ]
  }, {
    "majorSchemaVersion" : 3,
    "name" : "sales-order-backend-uaa",
    "type" : "org.cloudfoundry.managed-service",
    "properties" : { },
    "parameters" : {
      "generated-password" : "********",
      "path" : "./xs-security.json",
      "service-name" : "sales-order-backend-uaa",
      "service-plan" : "application",
      "service" : "xsuaa",
      "generated-user" : "********",
      "default-xsappname" : "sales-order-backend-uaa",
      "type" : "managed-service",
      "config" : {
        "tenant-mode" : "dedicated",
        "xsappname" : "sales-order-backend-uaa"
      },
      "default-service-name" : "sales-order-backend-uaa",
      "default-container-name" : "BA813A92TRIAL_DEV_SALES_ORDER_BACKEND_UAA"
    },
    "isActive" : true,
    "isOptional" : false,
    "propertiesMetadata" : {
      "metadata" : { }
    },
    "parametersMetadata" : {
      "metadata" : { }
    },
    "requiredDependencies" : [ ],
    "processedAfter" : [ ]
  } ],
  "parameters" : {
    "mta-id" : "sales-order-backend",
    "authorization-url" : "********",
    "org-guid" : "5683c6b1-027a-4743-a93d-743ab59a3c04",
    "org" : "ba813a92trial",
    "deploy-target" : "ba813a92trial dev",
    "enable-parallel-deployments" : true,
    "region-primary-domain" : "us10.hana.ondemand.com",
    "space" : "dev",
    "region-domain" : "us10-001.hana.ondemand.com",
    "xs-api-url" : "https://api.cf.us10-001.hana.ondemand.com",
    "deploy-url" : "deploy-service.cfapps.us10-001.hana.ondemand.com",
    "xs-type" : "CF",
    "default-domain" : "cfapps.us10-001.hana.ondemand.com",
    "mta-version" : "1.0.0",
    "xs-auth-url" : "********",
    "space-guid" : "ae9342aa-7336-4acd-84c5-ad75d5846c01",
    "user" : "********",
    "controller-url" : "https://api.cf.us10-001.hana.ondemand.com",
    "timestamp" : "20260619130929"
  },
  "parametersMetadata" : {
    "metadata" : { }
  }
}#
#2026 06 19 13:09:45.152#Z#DEBUG#1ab74262-6be0-11f1-9c60-eeee0a944cb1.OPERATION#flowable-async-job-executor-thread-7772#
[ProcessDescriptorStep] Merged descriptor properties and parameters resolved#
#2026 06 19 13:09:45.152#Z#DEBUG#1ab74262-6be0-11f1-9c60-eeee0a944cb1.OPERATION#flowable-async-job-executor-thread-7772#
Step "Re-Process Descriptor Step" finished#
#2026 06 19 13:09:45.187#Z#DEBUG#1ab74262-6be0-11f1-9c60-eeee0a944cb1.OPERATION#flowable-async-job-executor-thread-7772#
[BuildApplicationDeployModelStep] Executing task "buildApplicationDeployModelTask" of process "244391c2-6be0-11f1-9e25-eeee0a983c96"...#
#2026 06 19 13:09:45.190#Z#DEBUG#1ab74262-6be0-11f1-9c60-eeee0a944cb1.OPERATION#flowable-async-job-executor-thread-7772#
[BuildApplicationDeployModelStep] Building cloud deployment model for application "sales-order-backend-db-deployer"...#
#2026 06 19 13:09:45.196#Z#DEBUG#1ab74262-6be0-11f1-9c60-eeee0a944cb1.OPERATION#flowable-async-job-executor-thread-7772#
[BuildApplicationDeployModelStep] No health-check-type is specified. Setting default type: port#
#2026 06 19 13:09:45.196#Z#INFO#1ab74262-6be0-11f1-9c60-eeee0a944cb1.OPERATION#flowable-async-job-executor-thread-7772#
[BuildApplicationDeployModelStep] Building configuration entries for org ba813a92trial, space dev, spaceId ae9342aa-7336-4acd-84c5-ad75d5846c01 and namespace null!#
#2026 06 19 13:09:45.197#Z#DEBUG#1ab74262-6be0-11f1-9c60-eeee0a944cb1.OPERATION#flowable-async-job-executor-thread-7772#
[BuildApplicationDeployModelStep] Configuration entries to publish: [ ]#
#2026 06 19 13:09:45.197#Z#DEBUG#1ab74262-6be0-11f1-9c60-eeee0a944cb1.OPERATION#flowable-async-job-executor-thread-7772#
[BuildApplicationDeployModelStep] Cloud deployment model for application built#
#2026 06 19 13:09:45.197#Z#DEBUG#1ab74262-6be0-11f1-9c60-eeee0a944cb1.OPERATION#flowable-async-job-executor-thread-7772#
Step "Build Application Deploy Model" finished#
#2026 06 19 13:09:45.239#Z#DEBUG#1ab74262-6be0-11f1-9c60-eeee0a944cb1.OPERATION#flowable-async-job-executor-thread-7772#
[CreateOrUpdateAppStep] Executing task "createAppTask" of process "244391c2-6be0-11f1-9e25-eeee0a983c96"...#
#2026 06 19 13:09:45.241#Z#DEBUG#1ab74262-6be0-11f1-9c60-eeee0a944cb1.OPERATION#flowable-async-job-executor-thread-7772#
[CreateOrUpdateAppStep] Getting application "sales-order-backend-db-deployer"...#
#2026 06 19 13:09:45.284#Z#INFO#1ab74262-6be0-11f1-9c60-eeee0a944cb1.OPERATION#flowable-async-job-executor-thread-7772#
[CreateOrUpdateAppStep] Updating application "sales-order-backend-db-deployer"...#
#2026 06 19 13:09:45.290#Z#DEBUG#1ab74262-6be0-11f1-9c60-eeee0a944cb1.OPERATION#flowable-async-job-executor-thread-7772#
[CreateOrUpdateAppStep] Getting process for application "282d6190-5c64-4101-ab50-6e41f87acfff"...#
#2026 06 19 13:09:45.322#Z#DEBUG#1ab74262-6be0-11f1-9c60-eeee0a944cb1.OPERATION#flowable-async-job-executor-thread-7772#
[CreateOrUpdateAppStep] Getting routes for application "282d6190-5c64-4101-ab50-6e41f87acfff"...#
#2026 06 19 13:09:45.349#Z#DEBUG#1ab74262-6be0-11f1-9c60-eeee0a944cb1.OPERATION#flowable-async-job-executor-thread-7772#
[CreateOrUpdateAppStep] Getting features for application "282d6190-5c64-4101-ab50-6e41f87acfff"#
#2026 06 19 13:09:45.377#Z#DEBUG#1ab74262-6be0-11f1-9c60-eeee0a944cb1.OPERATION#flowable-async-job-executor-thread-7772#
[CreateOrUpdateAppStep] Updating staging of application "sales-order-backend-db-deployer" to: {
  "buildpacks" : [ "nodejs_buildpack" ],
  "healthCheckType" : "port",
  "appFeatures" : { }
}#
#2026 06 19 13:09:45.585#Z#DEBUG#1ab74262-6be0-11f1-9c60-eeee0a944cb1.OPERATION#flowable-async-job-executor-thread-7772#
[CreateOrUpdateAppStep] Application "sales-order-backend-db-deployer" updated#
#2026 06 19 13:09:45.585#Z#DEBUG#1ab74262-6be0-11f1-9c60-eeee0a944cb1.OPERATION#flowable-async-job-executor-thread-7772#
[CreateOrUpdateAppStep] Getting environment of application "282d6190-5c64-4101-ab50-6e41f87acfff"...#
#2026 06 19 13:09:45.645#Z#DEBUG#1ab74262-6be0-11f1-9c60-eeee0a944cb1.OPERATION#flowable-async-job-executor-thread-7772#
[CreateOrUpdateAppStep] Application "sales-order-backend-db-deployer" updated#
#2026 06 19 13:09:45.645#Z#DEBUG#1ab74262-6be0-11f1-9c60-eeee0a944cb1.OPERATION#flowable-async-job-executor-thread-7772#
Step "Create App" finished#
#2026 06 19 13:09:45.745#Z#DEBUG#1ab74262-6be0-11f1-9c60-eeee0a944cb1.OPERATION#flowable-async-job-executor-thread-7772#
[CheckServiceBindingOperationStep] Executing task "checkForServiceBindingOperationInProgress" of process "24a75c04-6be0-11f1-9e25-eeee0a983c96"...#
#2026 06 19 13:09:45.745#Z#DEBUG#1ab74262-6be0-11f1-9c60-eeee0a944cb1.OPERATION#flowable-async-job-executor-thread-7772#
[CheckServiceBindingOperationStep] Checking for service binding operation in progress between app "sales-order-backend-db-deployer" and service instance "sales-order-backend-db"#
#2026 06 19 13:09:45.746#Z#DEBUG#1ab74262-6be0-11f1-9c60-eeee0a944cb1.OPERATION#flowable-async-job-executor-thread-7772#
[CheckServiceBindingOperationStep] Getting application guid "sales-order-backend-db-deployer"...#
#2026 06 19 13:09:45.783#Z#DEBUG#1ab74262-6be0-11f1-9c60-eeee0a944cb1.OPERATION#flowable-async-job-executor-thread-7772#
[CheckServiceBindingOperationStep] Getting GUID of required service instance "sales-order-backend-db"...#
#2026 06 19 13:09:45.820#Z#DEBUG#1ab74262-6be0-11f1-9c60-eeee0a944cb1.OPERATION#flowable-async-job-executor-thread-7772#
[CheckServiceBindingOperationStep] Getting binding of service instance "dd998d3f-3cd9-4448-9326-dd0e4b04c971" with application "282d6190-5c64-4101-ab50-6e41f87acfff"...#
#2026 06 19 13:09:45.851#Z#DEBUG#1ab74262-6be0-11f1-9c60-eeee0a944cb1.OPERATION#flowable-async-job-executor-thread-7772#
[CheckServiceBindingOperationStep] Service binding operation "1b70610b-b87f-4a33-9e65-7881a3930686" with type "create" is in state "succeeded"#
#2026 06 19 13:09:45.851#Z#DEBUG#1ab74262-6be0-11f1-9c60-eeee0a944cb1.OPERATION#flowable-async-job-executor-thread-7772#
Step "Check For Service Binding Operation In Progress" finished#
#2026 06 19 13:09:45.924#Z#DEBUG#1ab74262-6be0-11f1-9c60-eeee0a944cb1.OPERATION#flowable-async-job-executor-thread-7118#
[ProcessDescriptorStep] Executing task "reprocessDescriptorTask" of process "24bcdff1-6be0-11f1-820a-eeee0a9e7842"...#
#2026 06 19 13:09:45.925#Z#DEBUG#1ab74262-6be0-11f1-9c60-eeee0a944cb1.OPERATION#flowable-async-job-executor-thread-7118#
[ProcessDescriptorStep] Resolving properties and parameters in merged descriptor...#
#2026 06 19 13:09:45.929#Z#DEBUG#1ab74262-6be0-11f1-9c60-eeee0a944cb1.OPERATION#flowable-async-job-executor-thread-7118#
[ProcessDescriptorStep] Subscriptions: [ ]#
#2026 06 19 13:09:45.937#Z#DEBUG#1ab74262-6be0-11f1-9c60-eeee0a944cb1.OPERATION#flowable-async-job-executor-thread-7118#
[ProcessDescriptorStep] MTA modules: [sales-order-backend-db-deployer, sales-order-backend-service, sales-order-backend-app-router]#
#2026 06 19 13:09:45.942#Z#DEBUG#1ab74262-6be0-11f1-9c60-eeee0a944cb1.OPERATION#flowable-async-job-executor-thread-7118#
[ProcessDescriptorStep] Resolved deployment descriptor: {
  "majorSchemaVersion" : 3,
  "schemaVersion" : "3.3.0",
  "id" : "sales-order-backend",
  "version" : "1.0.0",
  "modules" : [ {
    "majorSchemaVersion" : 3,
    "name" : "sales-order-backend-service",
    "type" : "javascript.nodejs",
    "path" : "sales-order-backend-service",
    "properties" : {
      "OPTIMIZE_MEMORY" : true
    },
    "parameters" : {
      "default-url" : "https://ba813a92trial-dev-sales-order-backend-service.cfapps.us10-001.hana.ondemand.com",
      "default-app-name" : "sales-order-backend-service",
      "generated-password" : "********",
      "default-live-url" : "https://ba813a92trial-dev-sales-order-backend-service.cfapps.us10-001.hana.ondemand.com",
      "default-uri" : "ba813a92trial-dev-sales-order-backend-service.cfapps.us10-001.hana.ondemand.com",
      "memory" : "512M",
      "default-instances" : 1,
      "default-live-host" : "ba813a92trial-dev-sales-order-backend-service",
      "instances" : 1,
      "buildpack" : "nodejs_buildpack",
      "default-host" : "ba813a92trial-dev-sales-order-backend-service",
      "app-name" : "sales-order-backend-service",
      "default-live-uri" : "ba813a92trial-dev-sales-order-backend-service.cfapps.us10-001.hana.ondemand.com",
      "protocol" : "https",
      "default-live-app-name" : "sales-order-backend-service",
      "default-live-domain" : "cfapps.us10-001.hana.ondemand.com",
      "disk-quota" : "256M",
      "domain" : "cfapps.us10-001.hana.ondemand.com",
      "host" : "ba813a92trial-dev-sales-order-backend-service",
      "generated-user" : "********"
    },
    "requiredDependencies" : [ {
      "majorSchemaVersion" : 3,
      "name" : "sales-order-backend-db",
      "properties" : { },
      "parameters" : { },
      "propertiesMetadata" : {
        "metadata" : { }
      },
      "parametersMetadata" : {
        "metadata" : { }
      }
    }, {
      "majorSchemaVersion" : 3,
      "name" : "sales-order-backend-uaa",
      "properties" : { },
      "parameters" : { },
      "propertiesMetadata" : {
        "metadata" : { }
      },
      "parametersMetadata" : {
        "metadata" : { }
      }
    } ],
    "providedDependencies" : [ {
      "majorSchemaVersion" : 3,
      "name" : "srv-api",
      "isPublic" : false,
      "properties" : {
        "srv-url" : "https://ba813a92trial-dev-sales-order-backend-service.cfapps.us10-001.hana.ondemand.com"
      },
      "parameters" : { },
      "propertiesMetadata" : {
        "metadata" : { }
      },
      "parametersMetadata" : {
        "metadata" : { }
      }
    }, {
      "majorSchemaVersion" : 3,
      "name" : "sales-order-backend-service",
      "isPublic" : false,
      "properties" : { },
      "parameters" : { },
      "propertiesMetadata" : {
        "metadata" : { }
      },
      "parametersMetadata" : {
        "metadata" : { }
      }
    } ],
    "propertiesMetadata" : {
      "metadata" : { }
    },
    "parametersMetadata" : {
      "metadata" : { }
    },
    "hooks" : [ ]
  }, {
    "majorSchemaVersion" : 3,
    "name" : "sales-order-backend-db-deployer",
    "type" : "com.sap.xs.hdi",
    "path" : "sales-order-backend-db-deployer",
    "properties" : {
      "EXIT" : 1
    },
    "parameters" : {
      "default-url" : "https://ba813a92trial-dev-sales-order-backend-db-deployer.cfapps.us10-001.hana.ondemand.com",
      "default-app-name" : "sales-order-backend-db-deployer",
      "generated-password" : "********",
      "default-live-url" : "https://ba813a92trial-dev-sales-order-backend-db-deployer.cfapps.us10-001.hana.ondemand.com",
      "default-uri" : "ba813a92trial-dev-sales-order-backend-db-deployer.cfapps.us10-001.hana.ondemand.com",
      "memory" : "256M",
      "default-instances" : 1,
      "no-route" : true,
      "default-live-host" : "ba813a92trial-dev-sales-order-backend-db-deployer",
      "instances" : 1,
      "buildpack" : "nodejs_buildpack",
      "default-host" : "ba813a92trial-dev-sales-order-backend-db-deployer",
      "app-name" : "sales-order-backend-db-deployer",
      "default-live-uri" : "ba813a92trial-dev-sales-order-backend-db-deployer.cfapps.us10-001.hana.ondemand.com",
      "protocol" : "https",
      "default-live-app-name" : "sales-order-backend-db-deployer",
      "default-live-domain" : "cfapps.us10-001.hana.ondemand.com",
      "dependency-type" : "hard",
      "domain" : "cfapps.us10-001.hana.ondemand.com",
      "host" : "ba813a92trial-dev-sales-order-backend-db-deployer",
      "generated-user" : "********",
      "tasks" : [ {
        "command" : "npm start",
        "memory" : "256M",
        "name" : "deploy"
      } ],
      "no-start" : true
    },
    "requiredDependencies" : [ {
      "majorSchemaVersion" : 3,
      "name" : "sales-order-backend-db",
      "properties" : { },
      "parameters" : { },
      "propertiesMetadata" : {
        "metadata" : { }
      },
      "parametersMetadata" : {
        "metadata" : { }
      }
    } ],
    "providedDependencies" : [ {
      "majorSchemaVersion" : 3,
      "name" : "sales-order-backend-db-deployer",
      "isPublic" : false,
      "properties" : { },
      "parameters" : { },
      "propertiesMetadata" : {
        "metadata" : { }
      },
      "parametersMetadata" : {
        "metadata" : { }
      }
    } ],
    "propertiesMetadata" : {
      "metadata" : { }
    },
    "parametersMetadata" : {
      "metadata" : { }
    },
    "hooks" : [ ]
  }, {
    "majorSchemaVersion" : 3,
    "name" : "sales-order-backend-app-router",
    "type" : "javascript.nodejs",
    "path" : "sales-order-backend-app-router",
    "properties" : { },
    "parameters" : {
      "default-url" : "https://ba813a92trial-dev-sales-order-backend-app-router.cfapps.us10-001.hana.ondemand.com",
      "default-app-name" : "sales-order-backend-app-router",
      "generated-password" : "********",
      "default-live-url" : "https://ba813a92trial-dev-sales-order-backend-app-router.cfapps.us10-001.hana.ondemand.com",
      "default-uri" : "ba813a92trial-dev-sales-order-backend-app-router.cfapps.us10-001.hana.ondemand.com",
      "memory" : "256M",
      "default-instances" : 1,
      "default-live-host" : "ba813a92trial-dev-sales-order-backend-app-router",
      "instances" : 1,
      "default-host" : "ba813a92trial-dev-sales-order-backend-app-router",
      "app-name" : "sales-order-backend-app-router",
      "default-live-uri" : "ba813a92trial-dev-sales-order-backend-app-router.cfapps.us10-001.hana.ondemand.com",
      "protocol" : "https",
      "default-live-app-name" : "sales-order-backend-app-router",
      "default-live-domain" : "cfapps.us10-001.hana.ondemand.com",
      "disk-quota" : "256M",
      "domain" : "cfapps.us10-001.hana.ondemand.com",
      "host" : "ba813a92trial-dev-sales-order-backend-app-router",
      "generated-user" : "********"
    },
    "requiredDependencies" : [ {
      "majorSchemaVersion" : 3,
      "name" : "sales-order-backend-uaa",
      "properties" : { },
      "parameters" : { },
      "propertiesMetadata" : {
        "metadata" : { }
      },
      "parametersMetadata" : {
        "metadata" : { }
      }
    }, {
      "majorSchemaVersion" : 3,
      "name" : "srv-api",
      "group" : "destinations",
      "properties" : {
        "name" : "srv-api",
        "forwardAuthToken" : "********",
        "url" : "https://ba813a92trial-dev-sales-order-backend-service.cfapps.us10-001.hana.ondemand.com"
      },
      "parameters" : { },
      "propertiesMetadata" : {
        "metadata" : { }
      },
      "parametersMetadata" : {
        "metadata" : { }
      }
    } ],
    "providedDependencies" : [ {
      "majorSchemaVersion" : 3,
      "name" : "sales-order-backend-app-router",
      "isPublic" : false,
      "properties" : { },
      "parameters" : { },
      "propertiesMetadata" : {
        "metadata" : { }
      },
      "parametersMetadata" : {
        "metadata" : { }
      }
    } ],
    "propertiesMetadata" : {
      "metadata" : { }
    },
    "parametersMetadata" : {
      "metadata" : { }
    },
    "hooks" : [ ]
  } ],
  "resources" : [ {
    "majorSchemaVersion" : 3,
    "name" : "sales-order-backend-db",
    "type" : "com.sap.xs.hdi-container",
    "properties" : {
      "hdi-service-name" : "sales-order-backend-db",
      "hdi-container-name" : "sales-order-backend-db"
    },
    "parameters" : {
      "generated-password" : "********",
      "service-name" : "sales-order-backend-db",
      "service-plan" : "hdi-shared",
      "service" : "hana",
      "generated-user" : "********",
      "default-xsappname" : "sales-order-backend-db",
      "type" : "managed-service",
      "config" : {
        "makeUniqueName" : false,
        "schema" : "SALESORDERDB"
      },
      "default-service-name" : "sales-order-backend-db",
      "default-container-name" : "BA813A92TRIAL_DEV_SALES_ORDER_BACKEND_DB"
    },
    "isActive" : true,
    "isOptional" : false,
    "propertiesMetadata" : {
      "metadata" : { }
    },
    "parametersMetadata" : {
      "metadata" : { }
    },
    "requiredDependencies" : [ ],
    "processedAfter" : [ ]
  }, {
    "majorSchemaVersion" : 3,
    "name" : "sales-order-backend-uaa",
    "type" : "org.cloudfoundry.managed-service",
    "properties" : { },
    "parameters" : {
      "generated-password" : "********",
      "path" : "./xs-security.json",
      "service-name" : "sales-order-backend-uaa",
      "service-plan" : "application",
      "service" : "xsuaa",
      "generated-user" : "********",
      "default-xsappname" : "sales-order-backend-uaa",
      "type" : "managed-service",
      "config" : {
        "tenant-mode" : "dedicated",
        "xsappname" : "sales-order-backend-uaa"
      },
      "default-service-name" : "sales-order-backend-uaa",
      "default-container-name" : "BA813A92TRIAL_DEV_SALES_ORDER_BACKEND_UAA"
    },
    "isActive" : true,
    "isOptional" : false,
    "propertiesMetadata" : {
      "metadata" : { }
    },
    "parametersMetadata" : {
      "metadata" : { }
    },
    "requiredDependencies" : [ ],
    "processedAfter" : [ ]
  } ],
  "parameters" : {
    "mta-id" : "sales-order-backend",
    "authorization-url" : "********",
    "org-guid" : "5683c6b1-027a-4743-a93d-743ab59a3c04",
    "org" : "ba813a92trial",
    "deploy-target" : "ba813a92trial dev",
    "enable-parallel-deployments" : true,
    "region-primary-domain" : "us10.hana.ondemand.com",
    "space" : "dev",
    "region-domain" : "us10-001.hana.ondemand.com",
    "xs-api-url" : "https://api.cf.us10-001.hana.ondemand.com",
    "deploy-url" : "deploy-service.cfapps.us10-001.hana.ondemand.com",
    "xs-type" : "CF",
    "default-domain" : "cfapps.us10-001.hana.ondemand.com",
    "mta-version" : "1.0.0",
    "xs-auth-url" : "********",
    "space-guid" : "ae9342aa-7336-4acd-84c5-ad75d5846c01",
    "user" : "********",
    "controller-url" : "https://api.cf.us10-001.hana.ondemand.com",
    "timestamp" : "20260619130929"
  },
  "parametersMetadata" : {
    "metadata" : { }
  }
}#
#2026 06 19 13:09:45.942#Z#DEBUG#1ab74262-6be0-11f1-9c60-eeee0a944cb1.OPERATION#flowable-async-job-executor-thread-7118#
[ProcessDescriptorStep] Merged descriptor properties and parameters resolved#
#2026 06 19 13:09:45.942#Z#DEBUG#1ab74262-6be0-11f1-9c60-eeee0a944cb1.OPERATION#flowable-async-job-executor-thread-7118#
Step "Re-Process Descriptor Step" finished#
#2026 06 19 13:09:45.977#Z#DEBUG#1ab74262-6be0-11f1-9c60-eeee0a944cb1.OPERATION#flowable-async-job-executor-thread-7118#
[BuildApplicationDeployModelStep] Executing task "buildApplicationDeployModelTask" of process "24bcdff1-6be0-11f1-820a-eeee0a9e7842"...#
#2026 06 19 13:09:45.980#Z#DEBUG#1ab74262-6be0-11f1-9c60-eeee0a944cb1.OPERATION#flowable-async-job-executor-thread-7118#
[BuildApplicationDeployModelStep] Building cloud deployment model for application "sales-order-backend-service"...#
#2026 06 19 13:09:45.986#Z#DEBUG#1ab74262-6be0-11f1-9c60-eeee0a944cb1.OPERATION#flowable-async-job-executor-thread-7118#
[BuildApplicationDeployModelStep] No health-check-type is specified. Setting default type: port#
#2026 06 19 13:09:45.986#Z#INFO#1ab74262-6be0-11f1-9c60-eeee0a944cb1.OPERATION#flowable-async-job-executor-thread-7118#
[BuildApplicationDeployModelStep] Building configuration entries for org ba813a92trial, space dev, spaceId ae9342aa-7336-4acd-84c5-ad75d5846c01 and namespace null!#
#2026 06 19 13:09:45.987#Z#DEBUG#1ab74262-6be0-11f1-9c60-eeee0a944cb1.OPERATION#flowable-async-job-executor-thread-7118#
[BuildApplicationDeployModelStep] Configuration entries to publish: [ ]#
#2026 06 19 13:09:45.987#Z#DEBUG#1ab74262-6be0-11f1-9c60-eeee0a944cb1.OPERATION#flowable-async-job-executor-thread-7118#
[BuildApplicationDeployModelStep] Cloud deployment model for application built#
#2026 06 19 13:09:45.987#Z#DEBUG#1ab74262-6be0-11f1-9c60-eeee0a944cb1.OPERATION#flowable-async-job-executor-thread-7118#
Step "Build Application Deploy Model" finished#
#2026 06 19 13:09:45.883#Z#DEBUG#1ab74262-6be0-11f1-9c60-eeee0a944cb1.OPERATION#flowable-async-job-executor-thread-7772#
[DetermineApplicationServiceBindingActionsStep] Executing task "determineApplicationServiceBindingActionsTask" of process "24a75c04-6be0-11f1-9e25-eeee0a983c96"...#
#2026 06 19 13:09:45.884#Z#DEBUG#1ab74262-6be0-11f1-9c60-eeee0a944cb1.OPERATION#flowable-async-job-executor-thread-7772#
[DetermineApplicationServiceBindingActionsStep] Determine bind/unbind operations of application "sales-order-backend-db-deployer" to service instance "sales-order-backend-db"#
#2026 06 19 13:09:45.884#Z#DEBUG#1ab74262-6be0-11f1-9c60-eeee0a944cb1.OPERATION#flowable-async-job-executor-thread-7772#
[DetermineApplicationServiceBindingActionsStep] Getting application "sales-order-backend-db-deployer"...#
#2026 06 19 13:09:45.924#Z#DEBUG#1ab74262-6be0-11f1-9c60-eeee0a944cb1.OPERATION#flowable-async-job-executor-thread-7772#
[DetermineApplicationServiceBindingActionsStep] Binding parameters for application "sales-order-backend-db-deployer": { }#
#2026 06 19 13:09:45.959#Z#DEBUG#1ab74262-6be0-11f1-9c60-eeee0a944cb1.OPERATION#flowable-async-job-executor-thread-7772#
[DetermineApplicationServiceBindingActionsStep] Check should rebind application "sales-order-backend-db-deployer" and service instance "sales-order-backend-db"#
#2026 06 19 13:09:45.959#Z#DEBUG#1ab74262-6be0-11f1-9c60-eeee0a944cb1.OPERATION#flowable-async-job-executor-thread-7772#
[DetermineApplicationServiceBindingActionsStep] Getting GUID of required service instance "sales-order-backend-db"...#
#2026 06 19 13:09:45.994#Z#DEBUG#1ab74262-6be0-11f1-9c60-eeee0a944cb1.OPERATION#flowable-async-job-executor-thread-7772#
[DetermineApplicationServiceBindingActionsStep] Getting binding of service instance "dd998d3f-3cd9-4448-9326-dd0e4b04c971" with application "282d6190-5c64-4101-ab50-6e41f87acfff"...#
#2026 06 19 13:09:46.026#Z#DEBUG#1ab74262-6be0-11f1-9c60-eeee0a944cb1.OPERATION#flowable-async-job-executor-thread-7772#
[DetermineApplicationServiceBindingActionsStep] Getting parameters of service binding "1b70610b-b87f-4a33-9e65-7881a3930686"...#
#2026 06 19 13:09:46.205#Z#INFO#1ab74262-6be0-11f1-9c60-eeee0a944cb1.OPERATION#flowable-async-job-executor-thread-7772#
[DetermineApplicationServiceBindingActionsStep] Service instance "sales-order-backend-db" will not be rebound to application "sales-order-backend-db-deployer" because the binding parameters are not modified#
#2026 06 19 13:09:46.210#Z#DEBUG#1ab74262-6be0-11f1-9c60-eeee0a944cb1.OPERATION#flowable-async-job-executor-thread-7772#
[DetermineApplicationServiceBindingActionsStep] Calculated binding operations between application "sales-order-backend-db-deployer" and service instance "sales-order-backend-db": unbind - false bind - false#
#2026 06 19 13:09:46.210#Z#DEBUG#1ab74262-6be0-11f1-9c60-eeee0a944cb1.OPERATION#flowable-async-job-executor-thread-7772#
Step "Determine Application Service Binding Actions" finished#
#2026 06 19 13:09:46.320#Z#DEBUG#1ab74262-6be0-11f1-9c60-eeee0a944cb1.OPERATION#flowable-async-job-executor-thread-7772#
[DetermineVcapServicesPropertiesChangedStep] Executing task "determineVcapServicesPropertiesChangedTask" of process "24ff18ae-6be0-11f1-9e25-eeee0a983c96"...#
#2026 06 19 13:09:46.322#Z#DEBUG#1ab74262-6be0-11f1-9c60-eeee0a944cb1.OPERATION#flowable-async-job-executor-thread-7772#
[DetermineVcapServicesPropertiesChangedStep] VCAP_SERVICES properties for application "sales-order-backend-db-deployer" changed: false#
#2026 06 19 13:09:46.322#Z#DEBUG#1ab74262-6be0-11f1-9c60-eeee0a944cb1.OPERATION#flowable-async-job-executor-thread-7772#
Step "Determine vcap services properties changed" finished#
#2026 06 19 13:09:46.351#Z#DEBUG#1ab74262-6be0-11f1-9c60-eeee0a944cb1.OPERATION#flowable-async-job-executor-thread-7772#
[UploadAppStep] Executing task "uploadAppTask" of process "24ff18ae-6be0-11f1-9e25-eeee0a983c96"...#
#2026 06 19 13:09:46.352#Z#DEBUG#1ab74262-6be0-11f1-9c60-eeee0a944cb1.OPERATION#flowable-async-job-executor-thread-7772#
[UploadAppStep] Application upload timeout is default one: 3,600 seconds#
#2026 06 19 13:09:46.353#Z#INFO#1ab74262-6be0-11f1-9c60-eeee0a944cb1.OPERATION#flowable-async-job-executor-thread-7772#
[UploadAppStep] Uploading application "sales-order-backend-db-deployer"...#
#2026 06 19 13:09:46.358#Z#DEBUG#1ab74262-6be0-11f1-9c60-eeee0a944cb1.OPERATION#flowable-async-job-executor-thread-7772#
[UploadAppStep] Getting application "sales-order-backend-db-deployer"...#
#2026 06 19 13:09:46.398#Z#DEBUG#1ab74262-6be0-11f1-9c60-eeee0a944cb1.OPERATION#flowable-async-job-executor-thread-7772#
[UploadAppStep] Getting environment of application "282d6190-5c64-4101-ab50-6e41f87acfff"...#
#2026 06 19 13:09:46.433#Z#INFO#1ab74262-6be0-11f1-9c60-eeee0a944cb1.OPERATION#flowable-async-job-executor-thread-7772#
[UploadAppStep] Calculating application digest: "sales-order-backend-db-deployer"#
#2026 06 19 13:09:46.478#Z#DEBUG#1ab74262-6be0-11f1-9c60-eeee0a944cb1.OPERATION#flowable-async-job-executor-thread-7772#
Step "Upload App" finished#
#2026 06 19 13:09:46.035#Z#DEBUG#1ab74262-6be0-11f1-9c60-eeee0a944cb1.OPERATION#flowable-async-job-executor-thread-7118#
[CreateOrUpdateAppStep] Executing task "createAppTask" of process "24bcdff1-6be0-11f1-820a-eeee0a9e7842"...#
#2026 06 19 13:09:46.037#Z#DEBUG#1ab74262-6be0-11f1-9c60-eeee0a944cb1.OPERATION#flowable-async-job-executor-thread-7118#
[CreateOrUpdateAppStep] Getting application "sales-order-backend-service"...#
#2026 06 19 13:09:46.077#Z#INFO#1ab74262-6be0-11f1-9c60-eeee0a944cb1.OPERATION#flowable-async-job-executor-thread-7118#
[CreateOrUpdateAppStep] Updating application "sales-order-backend-service"...#
#2026 06 19 13:09:46.087#Z#DEBUG#1ab74262-6be0-11f1-9c60-eeee0a944cb1.OPERATION#flowable-async-job-executor-thread-7118#
[CreateOrUpdateAppStep] Getting process for application "9003f0e5-6bcf-4d09-9c8c-7e9f95590466"...#
#2026 06 19 13:09:46.120#Z#DEBUG#1ab74262-6be0-11f1-9c60-eeee0a944cb1.OPERATION#flowable-async-job-executor-thread-7118#
[CreateOrUpdateAppStep] Getting routes for application "9003f0e5-6bcf-4d09-9c8c-7e9f95590466"...#
#2026 06 19 13:09:46.174#Z#DEBUG#1ab74262-6be0-11f1-9c60-eeee0a944cb1.OPERATION#flowable-async-job-executor-thread-7118#
[CreateOrUpdateAppStep] Getting features for application "9003f0e5-6bcf-4d09-9c8c-7e9f95590466"#
#2026 06 19 13:09:46.199#Z#DEBUG#1ab74262-6be0-11f1-9c60-eeee0a944cb1.OPERATION#flowable-async-job-executor-thread-7118#
[CreateOrUpdateAppStep] Updating staging of application "sales-order-backend-service" to: {
  "buildpacks" : [ "nodejs_buildpack" ],
  "healthCheckType" : "port",
  "appFeatures" : { }
}#
#2026 06 19 13:09:46.412#Z#DEBUG#1ab74262-6be0-11f1-9c60-eeee0a944cb1.OPERATION#flowable-async-job-executor-thread-7118#
[CreateOrUpdateAppStep] Application "sales-order-backend-service" updated#
#2026 06 19 13:09:46.412#Z#DEBUG#1ab74262-6be0-11f1-9c60-eeee0a944cb1.OPERATION#flowable-async-job-executor-thread-7118#
[CreateOrUpdateAppStep] Getting environment of application "9003f0e5-6bcf-4d09-9c8c-7e9f95590466"...#
#2026 06 19 13:09:46.480#Z#DEBUG#1ab74262-6be0-11f1-9c60-eeee0a944cb1.OPERATION#flowable-async-job-executor-thread-7118#
[CreateOrUpdateAppStep] Application "sales-order-backend-service" updated#
#2026 06 19 13:09:46.480#Z#DEBUG#1ab74262-6be0-11f1-9c60-eeee0a944cb1.OPERATION#flowable-async-job-executor-thread-7118#
Step "Create App" finished#
#2026 06 19 13:09:46.605#Z#DEBUG#1ab74262-6be0-11f1-9c60-eeee0a944cb1.OPERATION#flowable-async-job-executor-thread-7115#
[CheckServiceBindingOperationStep] Executing task "checkForServiceBindingOperationInProgress" of process "2529d1f0-6be0-11f1-820a-eeee0a9e7842"...#
#2026 06 19 13:09:46.605#Z#DEBUG#1ab74262-6be0-11f1-9c60-eeee0a944cb1.OPERATION#flowable-async-job-executor-thread-7115#
[CheckServiceBindingOperationStep] Checking for service binding operation in progress between app "sales-order-backend-service" and service instance "sales-order-backend-uaa"#
#2026 06 19 13:09:46.606#Z#DEBUG#1ab74262-6be0-11f1-9c60-eeee0a944cb1.OPERATION#flowable-async-job-executor-thread-7115#
[CheckServiceBindingOperationStep] Getting application guid "sales-order-backend-service"...#
#2026 06 19 13:09:46.646#Z#DEBUG#1ab74262-6be0-11f1-9c60-eeee0a944cb1.OPERATION#flowable-async-job-executor-thread-7115#
[CheckServiceBindingOperationStep] Getting GUID of required service instance "sales-order-backend-uaa"...#
#2026 06 19 13:09:46.673#Z#DEBUG#1ab74262-6be0-11f1-9c60-eeee0a944cb1.OPERATION#flowable-async-job-executor-thread-7115#
[CheckServiceBindingOperationStep] Getting binding of service instance "61b16f55-fec2-4f7c-bada-eaabafc53adc" with application "9003f0e5-6bcf-4d09-9c8c-7e9f95590466"...#
#2026 06 19 13:09:46.705#Z#DEBUG#1ab74262-6be0-11f1-9c60-eeee0a944cb1.OPERATION#flowable-async-job-executor-thread-7115#
[CheckServiceBindingOperationStep] Service binding operation "a7b614f7-8f3f-4f77-88e6-f5446b3b2ec3" with type "create" is in state "succeeded"#
#2026 06 19 13:09:46.705#Z#DEBUG#1ab74262-6be0-11f1-9c60-eeee0a944cb1.OPERATION#flowable-async-job-executor-thread-7115#
Step "Check For Service Binding Operation In Progress" finished#
#2026 06 19 13:09:46.742#Z#DEBUG#1ab74262-6be0-11f1-9c60-eeee0a944cb1.OPERATION#flowable-async-job-executor-thread-7115#
[DetermineApplicationServiceBindingActionsStep] Executing task "determineApplicationServiceBindingActionsTask" of process "2529d1f0-6be0-11f1-820a-eeee0a9e7842"...#
#2026 06 19 13:09:46.744#Z#DEBUG#1ab74262-6be0-11f1-9c60-eeee0a944cb1.OPERATION#flowable-async-job-executor-thread-7115#
[DetermineApplicationServiceBindingActionsStep] Determine bind/unbind operations of application "sales-order-backend-service" to service instance "sales-order-backend-uaa"#
#2026 06 19 13:09:46.744#Z#DEBUG#1ab74262-6be0-11f1-9c60-eeee0a944cb1.OPERATION#flowable-async-job-executor-thread-7115#
[DetermineApplicationServiceBindingActionsStep] Getting application "sales-order-backend-service"...#
#2026 06 19 13:09:46.792#Z#DEBUG#1ab74262-6be0-11f1-9c60-eeee0a944cb1.OPERATION#flowable-async-job-executor-thread-7115#
[DetermineApplicationServiceBindingActionsStep] Binding parameters for application "sales-order-backend-service": { }#
#2026 06 19 13:09:46.824#Z#DEBUG#1ab74262-6be0-11f1-9c60-eeee0a944cb1.OPERATION#flowable-async-job-executor-thread-7115#
[DetermineApplicationServiceBindingActionsStep] Check should rebind application "sales-order-backend-service" and service instance "sales-order-backend-uaa"#
#2026 06 19 13:09:46.824#Z#DEBUG#1ab74262-6be0-11f1-9c60-eeee0a944cb1.OPERATION#flowable-async-job-executor-thread-7115#
[DetermineApplicationServiceBindingActionsStep] Getting GUID of required service instance "sales-order-backend-uaa"...#
#2026 06 19 13:09:46.856#Z#DEBUG#1ab74262-6be0-11f1-9c60-eeee0a944cb1.OPERATION#flowable-async-job-executor-thread-7115#
[DetermineApplicationServiceBindingActionsStep] Getting binding of service instance "61b16f55-fec2-4f7c-bada-eaabafc53adc" with application "9003f0e5-6bcf-4d09-9c8c-7e9f95590466"...#
#2026 06 19 13:09:46.886#Z#DEBUG#1ab74262-6be0-11f1-9c60-eeee0a944cb1.OPERATION#flowable-async-job-executor-thread-7115#
[DetermineApplicationServiceBindingActionsStep] Getting parameters of service binding "a7b614f7-8f3f-4f77-88e6-f5446b3b2ec3"...#
#2026 06 19 13:09:46.920#Z#WARN#1ab74262-6be0-11f1-9c60-eeee0a944cb1.OPERATION#flowable-async-job-executor-thread-7115#
[DetermineApplicationServiceBindingActionsStep] Cannot retrieve parameters of binding between application "sales-order-backend-service" and service instance "sales-order-backend-uaa"#
#2026 06 19 13:09:46.922#Z#DEBUG#1ab74262-6be0-11f1-9c60-eeee0a944cb1.OPERATION#flowable-async-job-executor-thread-7115#
[DetermineApplicationServiceBindingActionsStep] Calculated binding operations between application "sales-order-backend-service" and service instance "sales-order-backend-uaa": unbind - true bind - true#
#2026 06 19 13:09:46.922#Z#DEBUG#1ab74262-6be0-11f1-9c60-eeee0a944cb1.OPERATION#flowable-async-job-executor-thread-7115#
Step "Determine Application Service Binding Actions" finished#
#2026 06 19 13:09:46.966#Z#DEBUG#1ab74262-6be0-11f1-9c60-eeee0a944cb1.OPERATION#flowable-async-job-executor-thread-7115#
[UnbindServiceFromApplicationStep] Executing task "unbindServiceFromApplicationTask" of process "2529d1f0-6be0-11f1-820a-eeee0a9e7842"...#
#2026 06 19 13:09:46.970#Z#INFO#1ab74262-6be0-11f1-9c60-eeee0a944cb1.OPERATION#flowable-async-job-executor-thread-7115#
[UnbindServiceFromApplicationStep] Unbinding service instance "sales-order-backend-uaa" from application "sales-order-backend-service"...#
#2026 06 19 13:09:46.975#Z#DEBUG#1ab74262-6be0-11f1-9c60-eeee0a944cb1.OPERATION#flowable-async-job-executor-thread-7115#
[UnbindServiceFromApplicationStep] Unbinding application "sales-order-backend-service" from service instance "sales-order-backend-uaa"...#
#2026 06 19 13:09:47.136#Z#DEBUG#1ab74262-6be0-11f1-9c60-eeee0a944cb1.OPERATION#flowable-async-job-executor-thread-7115#
Step "Unbind Service from Application" finished#
#2026 06 19 13:09:47.799#Z#DEBUG#1ab74262-6be0-11f1-9c60-eeee0a944cb1.OPERATION#flowable-async-job-executor-thread-7769#
[ProcessDescriptorStep] Executing task "reprocessDescriptorTask" of process "25dccf38-6be0-11f1-9e25-eeee0a983c96"...#
#2026 06 19 13:09:47.799#Z#DEBUG#1ab74262-6be0-11f1-9c60-eeee0a944cb1.OPERATION#flowable-async-job-executor-thread-7769#
[ProcessDescriptorStep] Resolving properties and parameters in merged descriptor...#
#2026 06 19 13:09:47.803#Z#DEBUG#1ab74262-6be0-11f1-9c60-eeee0a944cb1.OPERATION#flowable-async-job-executor-thread-7769#
[ProcessDescriptorStep] Subscriptions: [ ]#
#2026 06 19 13:09:47.808#Z#DEBUG#1ab74262-6be0-11f1-9c60-eeee0a944cb1.OPERATION#flowable-async-job-executor-thread-7769#
[ProcessDescriptorStep] MTA modules: [sales-order-backend-db-deployer, sales-order-backend-service, sales-order-backend-app-router]#
#2026 06 19 13:09:47.811#Z#DEBUG#1ab74262-6be0-11f1-9c60-eeee0a944cb1.OPERATION#flowable-async-job-executor-thread-7769#
[ProcessDescriptorStep] Resolved deployment descriptor: {
  "majorSchemaVersion" : 3,
  "schemaVersion" : "3.3.0",
  "id" : "sales-order-backend",
  "version" : "1.0.0",
  "modules" : [ {
    "majorSchemaVersion" : 3,
    "name" : "sales-order-backend-service",
    "type" : "javascript.nodejs",
    "path" : "sales-order-backend-service",
    "properties" : {
      "OPTIMIZE_MEMORY" : true
    },
    "parameters" : {
      "default-url" : "https://ba813a92trial-dev-sales-order-backend-service.cfapps.us10-001.hana.ondemand.com",
      "default-app-name" : "sales-order-backend-service",
      "generated-password" : "********",
      "default-live-url" : "https://ba813a92trial-dev-sales-order-backend-service.cfapps.us10-001.hana.ondemand.com",
      "default-uri" : "ba813a92trial-dev-sales-order-backend-service.cfapps.us10-001.hana.ondemand.com",
      "memory" : "512M",
      "default-instances" : 1,
      "default-live-host" : "ba813a92trial-dev-sales-order-backend-service",
      "instances" : 1,
      "buildpack" : "nodejs_buildpack",
      "default-host" : "ba813a92trial-dev-sales-order-backend-service",
      "app-name" : "sales-order-backend-service",
      "default-live-uri" : "ba813a92trial-dev-sales-order-backend-service.cfapps.us10-001.hana.ondemand.com",
      "protocol" : "https",
      "default-live-app-name" : "sales-order-backend-service",
      "default-live-domain" : "cfapps.us10-001.hana.ondemand.com",
      "disk-quota" : "256M",
      "domain" : "cfapps.us10-001.hana.ondemand.com",
      "host" : "ba813a92trial-dev-sales-order-backend-service",
      "generated-user" : "********"
    },
    "requiredDependencies" : [ {
      "majorSchemaVersion" : 3,
      "name" : "sales-order-backend-db",
      "properties" : { },
      "parameters" : { },
      "propertiesMetadata" : {
        "metadata" : { }
      },
      "parametersMetadata" : {
        "metadata" : { }
      }
    }, {
      "majorSchemaVersion" : 3,
      "name" : "sales-order-backend-uaa",
      "properties" : { },
      "parameters" : { },
      "propertiesMetadata" : {
        "metadata" : { }
      },
      "parametersMetadata" : {
        "metadata" : { }
      }
    } ],
    "providedDependencies" : [ {
      "majorSchemaVersion" : 3,
      "name" : "srv-api",
      "isPublic" : false,
      "properties" : {
        "srv-url" : "https://ba813a92trial-dev-sales-order-backend-service.cfapps.us10-001.hana.ondemand.com"
      },
      "parameters" : { },
      "propertiesMetadata" : {
        "metadata" : { }
      },
      "parametersMetadata" : {
        "metadata" : { }
      }
    }, {
      "majorSchemaVersion" : 3,
      "name" : "sales-order-backend-service",
      "isPublic" : false,
      "properties" : { },
      "parameters" : { },
      "propertiesMetadata" : {
        "metadata" : { }
      },
      "parametersMetadata" : {
        "metadata" : { }
      }
    } ],
    "propertiesMetadata" : {
      "metadata" : { }
    },
    "parametersMetadata" : {
      "metadata" : { }
    },
    "hooks" : [ ]
  }, {
    "majorSchemaVersion" : 3,
    "name" : "sales-order-backend-db-deployer",
    "type" : "com.sap.xs.hdi",
    "path" : "sales-order-backend-db-deployer",
    "properties" : {
      "EXIT" : 1
    },
    "parameters" : {
      "default-url" : "https://ba813a92trial-dev-sales-order-backend-db-deployer.cfapps.us10-001.hana.ondemand.com",
      "default-app-name" : "sales-order-backend-db-deployer",
      "generated-password" : "********",
      "default-live-url" : "https://ba813a92trial-dev-sales-order-backend-db-deployer.cfapps.us10-001.hana.ondemand.com",
      "default-uri" : "ba813a92trial-dev-sales-order-backend-db-deployer.cfapps.us10-001.hana.ondemand.com",
      "memory" : "256M",
      "default-instances" : 1,
      "no-route" : true,
      "default-live-host" : "ba813a92trial-dev-sales-order-backend-db-deployer",
      "instances" : 1,
      "buildpack" : "nodejs_buildpack",
      "default-host" : "ba813a92trial-dev-sales-order-backend-db-deployer",
      "app-name" : "sales-order-backend-db-deployer",
      "default-live-uri" : "ba813a92trial-dev-sales-order-backend-db-deployer.cfapps.us10-001.hana.ondemand.com",
      "protocol" : "https",
      "default-live-app-name" : "sales-order-backend-db-deployer",
      "default-live-domain" : "cfapps.us10-001.hana.ondemand.com",
      "dependency-type" : "hard",
      "domain" : "cfapps.us10-001.hana.ondemand.com",
      "host" : "ba813a92trial-dev-sales-order-backend-db-deployer",
      "generated-user" : "********",
      "tasks" : [ {
        "command" : "npm start",
        "memory" : "256M",
        "name" : "deploy"
      } ],
      "no-start" : true
    },
    "requiredDependencies" : [ {
      "majorSchemaVersion" : 3,
      "name" : "sales-order-backend-db",
      "properties" : { },
      "parameters" : { },
      "propertiesMetadata" : {
        "metadata" : { }
      },
      "parametersMetadata" : {
        "metadata" : { }
      }
    } ],
    "providedDependencies" : [ {
      "majorSchemaVersion" : 3,
      "name" : "sales-order-backend-db-deployer",
      "isPublic" : false,
      "properties" : { },
      "parameters" : { },
      "propertiesMetadata" : {
        "metadata" : { }
      },
      "parametersMetadata" : {
        "metadata" : { }
      }
    } ],
    "propertiesMetadata" : {
      "metadata" : { }
    },
    "parametersMetadata" : {
      "metadata" : { }
    },
    "hooks" : [ ]
  }, {
    "majorSchemaVersion" : 3,
    "name" : "sales-order-backend-app-router",
    "type" : "javascript.nodejs",
    "path" : "sales-order-backend-app-router",
    "properties" : { },
    "parameters" : {
      "default-url" : "https://ba813a92trial-dev-sales-order-backend-app-router.cfapps.us10-001.hana.ondemand.com",
      "default-app-name" : "sales-order-backend-app-router",
      "generated-password" : "********",
      "default-live-url" : "https://ba813a92trial-dev-sales-order-backend-app-router.cfapps.us10-001.hana.ondemand.com",
      "default-uri" : "ba813a92trial-dev-sales-order-backend-app-router.cfapps.us10-001.hana.ondemand.com",
      "memory" : "256M",
      "default-instances" : 1,
      "default-live-host" : "ba813a92trial-dev-sales-order-backend-app-router",
      "instances" : 1,
      "default-host" : "ba813a92trial-dev-sales-order-backend-app-router",
      "app-name" : "sales-order-backend-app-router",
      "default-live-uri" : "ba813a92trial-dev-sales-order-backend-app-router.cfapps.us10-001.hana.ondemand.com",
      "protocol" : "https",
      "default-live-app-name" : "sales-order-backend-app-router",
      "default-live-domain" : "cfapps.us10-001.hana.ondemand.com",
      "disk-quota" : "256M",
      "domain" : "cfapps.us10-001.hana.ondemand.com",
      "host" : "ba813a92trial-dev-sales-order-backend-app-router",
      "generated-user" : "********"
    },
    "requiredDependencies" : [ {
      "majorSchemaVersion" : 3,
      "name" : "sales-order-backend-uaa",
      "properties" : { },
      "parameters" : { },
      "propertiesMetadata" : {
        "metadata" : { }
      },
      "parametersMetadata" : {
        "metadata" : { }
      }
    }, {
      "majorSchemaVersion" : 3,
      "name" : "srv-api",
      "group" : "destinations",
      "properties" : {
        "name" : "srv-api",
        "forwardAuthToken" : "********",
        "url" : "https://ba813a92trial-dev-sales-order-backend-service.cfapps.us10-001.hana.ondemand.com"
      },
      "parameters" : { },
      "propertiesMetadata" : {
        "metadata" : { }
      },
      "parametersMetadata" : {
        "metadata" : { }
      }
    } ],
    "providedDependencies" : [ {
      "majorSchemaVersion" : 3,
      "name" : "sales-order-backend-app-router",
      "isPublic" : false,
      "properties" : { },
      "parameters" : { },
      "propertiesMetadata" : {
        "metadata" : { }
      },
      "parametersMetadata" : {
        "metadata" : { }
      }
    } ],
    "propertiesMetadata" : {
      "metadata" : { }
    },
    "parametersMetadata" : {
      "metadata" : { }
    },
    "hooks" : [ ]
  } ],
  "resources" : [ {
    "majorSchemaVersion" : 3,
    "name" : "sales-order-backend-db",
    "type" : "com.sap.xs.hdi-container",
    "properties" : {
      "hdi-service-name" : "sales-order-backend-db",
      "hdi-container-name" : "sales-order-backend-db"
    },
    "parameters" : {
      "generated-password" : "********",
      "service-name" : "sales-order-backend-db",
      "service-plan" : "hdi-shared",
      "service" : "hana",
      "generated-user" : "********",
      "default-xsappname" : "sales-order-backend-db",
      "type" : "managed-service",
      "config" : {
        "makeUniqueName" : false,
        "schema" : "SALESORDERDB"
      },
      "default-service-name" : "sales-order-backend-db",
      "default-container-name" : "BA813A92TRIAL_DEV_SALES_ORDER_BACKEND_DB"
    },
    "isActive" : true,
    "isOptional" : false,
    "propertiesMetadata" : {
      "metadata" : { }
    },
    "parametersMetadata" : {
      "metadata" : { }
    },
    "requiredDependencies" : [ ],
    "processedAfter" : [ ]
  }, {
    "majorSchemaVersion" : 3,
    "name" : "sales-order-backend-uaa",
    "type" : "org.cloudfoundry.managed-service",
    "properties" : { },
    "parameters" : {
      "generated-password" : "********",
      "path" : "./xs-security.json",
      "service-name" : "sales-order-backend-uaa",
      "service-plan" : "application",
      "service" : "xsuaa",
      "generated-user" : "********",
      "default-xsappname" : "sales-order-backend-uaa",
      "type" : "managed-service",
      "config" : {
        "tenant-mode" : "dedicated",
        "xsappname" : "sales-order-backend-uaa"
      },
      "default-service-name" : "sales-order-backend-uaa",
      "default-container-name" : "BA813A92TRIAL_DEV_SALES_ORDER_BACKEND_UAA"
    },
    "isActive" : true,
    "isOptional" : false,
    "propertiesMetadata" : {
      "metadata" : { }
    },
    "parametersMetadata" : {
      "metadata" : { }
    },
    "requiredDependencies" : [ ],
    "processedAfter" : [ ]
  } ],
  "parameters" : {
    "mta-id" : "sales-order-backend",
    "authorization-url" : "********",
    "org-guid" : "5683c6b1-027a-4743-a93d-743ab59a3c04",
    "org" : "ba813a92trial",
    "deploy-target" : "ba813a92trial dev",
    "enable-parallel-deployments" : true,
    "region-primary-domain" : "us10.hana.ondemand.com",
    "space" : "dev",
    "region-domain" : "us10-001.hana.ondemand.com",
    "xs-api-url" : "https://api.cf.us10-001.hana.ondemand.com",
    "deploy-url" : "deploy-service.cfapps.us10-001.hana.ondemand.com",
    "xs-type" : "CF",
    "default-domain" : "cfapps.us10-001.hana.ondemand.com",
    "mta-version" : "1.0.0",
    "xs-auth-url" : "********",
    "space-guid" : "ae9342aa-7336-4acd-84c5-ad75d5846c01",
    "user" : "********",
    "controller-url" : "https://api.cf.us10-001.hana.ondemand.com",
    "timestamp" : "20260619130929"
  },
  "parametersMetadata" : {
    "metadata" : { }
  }
}#
#2026 06 19 13:09:47.811#Z#DEBUG#1ab74262-6be0-11f1-9c60-eeee0a944cb1.OPERATION#flowable-async-job-executor-thread-7769#
[ProcessDescriptorStep] Merged descriptor properties and parameters resolved#
#2026 06 19 13:09:47.811#Z#DEBUG#1ab74262-6be0-11f1-9c60-eeee0a944cb1.OPERATION#flowable-async-job-executor-thread-7769#
Step "Re-Process Descriptor Step" finished#
#2026 06 19 13:09:47.838#Z#DEBUG#1ab74262-6be0-11f1-9c60-eeee0a944cb1.OPERATION#flowable-async-job-executor-thread-7769#
[BuildApplicationDeployModelStep] Executing task "buildApplicationDeployModelTask" of process "25dccf38-6be0-11f1-9e25-eeee0a983c96"...#
#2026 06 19 13:09:47.840#Z#DEBUG#1ab74262-6be0-11f1-9c60-eeee0a944cb1.OPERATION#flowable-async-job-executor-thread-7769#
[BuildApplicationDeployModelStep] Building cloud deployment model for application "sales-order-backend-app-router"...#
#2026 06 19 13:09:47.844#Z#DEBUG#1ab74262-6be0-11f1-9c60-eeee0a944cb1.OPERATION#flowable-async-job-executor-thread-7769#
[BuildApplicationDeployModelStep] No health-check-type is specified. Setting default type: port#
#2026 06 19 13:09:47.845#Z#INFO#1ab74262-6be0-11f1-9c60-eeee0a944cb1.OPERATION#flowable-async-job-executor-thread-7769#
[BuildApplicationDeployModelStep] Building configuration entries for org ba813a92trial, space dev, spaceId ae9342aa-7336-4acd-84c5-ad75d5846c01 and namespace null!#
#2026 06 19 13:09:47.845#Z#DEBUG#1ab74262-6be0-11f1-9c60-eeee0a944cb1.OPERATION#flowable-async-job-executor-thread-7769#
[BuildApplicationDeployModelStep] Configuration entries to publish: [ ]#
#2026 06 19 13:09:47.845#Z#DEBUG#1ab74262-6be0-11f1-9c60-eeee0a944cb1.OPERATION#flowable-async-job-executor-thread-7769#
[BuildApplicationDeployModelStep] Cloud deployment model for application built#
#2026 06 19 13:09:47.845#Z#DEBUG#1ab74262-6be0-11f1-9c60-eeee0a944cb1.OPERATION#flowable-async-job-executor-thread-7769#
Step "Build Application Deploy Model" finished#
#2026 06 19 13:09:47.745#Z#DEBUG#1ab74262-6be0-11f1-9c60-eeee0a944cb1.OPERATION#flowable-async-job-executor-thread-7767#
[CheckServiceBindingOperationStep] Executing task "checkForServiceBindingOperationInProgress" of process "25d94c2f-6be0-11f1-9e25-eeee0a983c96"...#
#2026 06 19 13:09:47.746#Z#DEBUG#1ab74262-6be0-11f1-9c60-eeee0a944cb1.OPERATION#flowable-async-job-executor-thread-7767#
[CheckServiceBindingOperationStep] Checking for service binding operation in progress between app "sales-order-backend-service" and service instance "sales-order-backend-db"#
#2026 06 19 13:09:47.746#Z#DEBUG#1ab74262-6be0-11f1-9c60-eeee0a944cb1.OPERATION#flowable-async-job-executor-thread-7767#
[CheckServiceBindingOperationStep] Getting application guid "sales-order-backend-service"...#
#2026 06 19 13:09:47.784#Z#DEBUG#1ab74262-6be0-11f1-9c60-eeee0a944cb1.OPERATION#flowable-async-job-executor-thread-7767#
[CheckServiceBindingOperationStep] Getting GUID of required service instance "sales-order-backend-db"...#
#2026 06 19 13:09:47.824#Z#DEBUG#1ab74262-6be0-11f1-9c60-eeee0a944cb1.OPERATION#flowable-async-job-executor-thread-7767#
[CheckServiceBindingOperationStep] Getting binding of service instance "dd998d3f-3cd9-4448-9326-dd0e4b04c971" with application "9003f0e5-6bcf-4d09-9c8c-7e9f95590466"...#
#2026 06 19 13:09:47.860#Z#DEBUG#1ab74262-6be0-11f1-9c60-eeee0a944cb1.OPERATION#flowable-async-job-executor-thread-7767#
[CheckServiceBindingOperationStep] Service binding operation "618cccff-6819-48ac-bbc1-dafa3d8671e4" with type "create" is in state "succeeded"#
#2026 06 19 13:09:47.860#Z#DEBUG#1ab74262-6be0-11f1-9c60-eeee0a944cb1.OPERATION#flowable-async-job-executor-thread-7767#
Step "Check For Service Binding Operation In Progress" finished#
#2026 06 19 13:09:47.889#Z#DEBUG#1ab74262-6be0-11f1-9c60-eeee0a944cb1.OPERATION#flowable-async-job-executor-thread-7767#
[DetermineApplicationServiceBindingActionsStep] Executing task "determineApplicationServiceBindingActionsTask" of process "25d94c2f-6be0-11f1-9e25-eeee0a983c96"...#
#2026 06 19 13:09:47.891#Z#DEBUG#1ab74262-6be0-11f1-9c60-eeee0a944cb1.OPERATION#flowable-async-job-executor-thread-7767#
[DetermineApplicationServiceBindingActionsStep] Determine bind/unbind operations of application "sales-order-backend-service" to service instance "sales-order-backend-db"#
#2026 06 19 13:09:47.891#Z#DEBUG#1ab74262-6be0-11f1-9c60-eeee0a944cb1.OPERATION#flowable-async-job-executor-thread-7767#
[DetermineApplicationServiceBindingActionsStep] Getting application "sales-order-backend-service"...#
#2026 06 19 13:09:47.936#Z#DEBUG#1ab74262-6be0-11f1-9c60-eeee0a944cb1.OPERATION#flowable-async-job-executor-thread-7767#
[DetermineApplicationServiceBindingActionsStep] Binding parameters for application "sales-order-backend-service": { }#
#2026 06 19 13:09:47.970#Z#DEBUG#1ab74262-6be0-11f1-9c60-eeee0a944cb1.OPERATION#flowable-async-job-executor-thread-7767#
[DetermineApplicationServiceBindingActionsStep] Check should rebind application "sales-order-backend-service" and service instance "sales-order-backend-db"#
#2026 06 19 13:09:47.970#Z#DEBUG#1ab74262-6be0-11f1-9c60-eeee0a944cb1.OPERATION#flowable-async-job-executor-thread-7767#
[DetermineApplicationServiceBindingActionsStep] Getting GUID of required service instance "sales-order-backend-db"...#
#2026 06 19 13:09:48.004#Z#DEBUG#1ab74262-6be0-11f1-9c60-eeee0a944cb1.OPERATION#flowable-async-job-executor-thread-7767#
[DetermineApplicationServiceBindingActionsStep] Getting binding of service instance "dd998d3f-3cd9-4448-9326-dd0e4b04c971" with application "9003f0e5-6bcf-4d09-9c8c-7e9f95590466"...#
#2026 06 19 13:09:48.036#Z#DEBUG#1ab74262-6be0-11f1-9c60-eeee0a944cb1.OPERATION#flowable-async-job-executor-thread-7767#
[DetermineApplicationServiceBindingActionsStep] Getting parameters of service binding "618cccff-6819-48ac-bbc1-dafa3d8671e4"...#
#2026 06 19 13:09:48.222#Z#INFO#1ab74262-6be0-11f1-9c60-eeee0a944cb1.OPERATION#flowable-async-job-executor-thread-7767#
[DetermineApplicationServiceBindingActionsStep] Service instance "sales-order-backend-db" will not be rebound to application "sales-order-backend-service" because the binding parameters are not modified#
#2026 06 19 13:09:48.230#Z#DEBUG#1ab74262-6be0-11f1-9c60-eeee0a944cb1.OPERATION#flowable-async-job-executor-thread-7767#
[DetermineApplicationServiceBindingActionsStep] Calculated binding operations between application "sales-order-backend-service" and service instance "sales-order-backend-db": unbind - false bind - false#
#2026 06 19 13:09:48.230#Z#DEBUG#1ab74262-6be0-11f1-9c60-eeee0a944cb1.OPERATION#flowable-async-job-executor-thread-7767#
Step "Determine Application Service Binding Actions" finished#
#2026 06 19 13:09:47.882#Z#DEBUG#1ab74262-6be0-11f1-9c60-eeee0a944cb1.OPERATION#flowable-async-job-executor-thread-7769#
[CreateOrUpdateAppStep] Executing task "createAppTask" of process "25dccf38-6be0-11f1-9e25-eeee0a983c96"...#
#2026 06 19 13:09:47.884#Z#DEBUG#1ab74262-6be0-11f1-9c60-eeee0a944cb1.OPERATION#flowable-async-job-executor-thread-7769#
[CreateOrUpdateAppStep] Getting application "sales-order-backend-app-router"...#
#2026 06 19 13:09:47.929#Z#INFO#1ab74262-6be0-11f1-9c60-eeee0a944cb1.OPERATION#flowable-async-job-executor-thread-7769#
[CreateOrUpdateAppStep] Updating application "sales-order-backend-app-router"...#
#2026 06 19 13:09:47.935#Z#DEBUG#1ab74262-6be0-11f1-9c60-eeee0a944cb1.OPERATION#flowable-async-job-executor-thread-7769#
[CreateOrUpdateAppStep] Getting process for application "d4422378-c609-4f4e-b8f5-34906345cc41"...#
#2026 06 19 13:09:47.969#Z#DEBUG#1ab74262-6be0-11f1-9c60-eeee0a944cb1.OPERATION#flowable-async-job-executor-thread-7769#
[CreateOrUpdateAppStep] Getting routes for application "d4422378-c609-4f4e-b8f5-34906345cc41"...#
#2026 06 19 13:09:48.020#Z#DEBUG#1ab74262-6be0-11f1-9c60-eeee0a944cb1.OPERATION#flowable-async-job-executor-thread-7769#
[CreateOrUpdateAppStep] Getting features for application "d4422378-c609-4f4e-b8f5-34906345cc41"#
#2026 06 19 13:09:48.043#Z#DEBUG#1ab74262-6be0-11f1-9c60-eeee0a944cb1.OPERATION#flowable-async-job-executor-thread-7769#
[CreateOrUpdateAppStep] Updating staging of application "sales-order-backend-app-router" to: {
  "buildpacks" : [ ],
  "healthCheckType" : "port",
  "appFeatures" : { }
}#
#2026 06 19 13:09:48.230#Z#DEBUG#1ab74262-6be0-11f1-9c60-eeee0a944cb1.OPERATION#flowable-async-job-executor-thread-7769#
[CreateOrUpdateAppStep] Application "sales-order-backend-app-router" updated#
#2026 06 19 13:09:48.230#Z#DEBUG#1ab74262-6be0-11f1-9c60-eeee0a944cb1.OPERATION#flowable-async-job-executor-thread-7769#
[CreateOrUpdateAppStep] Getting environment of application "d4422378-c609-4f4e-b8f5-34906345cc41"...#
#2026 06 19 13:09:48.294#Z#DEBUG#1ab74262-6be0-11f1-9c60-eeee0a944cb1.OPERATION#flowable-async-job-executor-thread-7769#
[CreateOrUpdateAppStep] Application "sales-order-backend-app-router" updated#
#2026 06 19 13:09:48.294#Z#DEBUG#1ab74262-6be0-11f1-9c60-eeee0a944cb1.OPERATION#flowable-async-job-executor-thread-7769#
Step "Create App" finished#
#2026 06 19 13:09:48.388#Z#DEBUG#1ab74262-6be0-11f1-9c60-eeee0a944cb1.OPERATION#flowable-async-job-executor-thread-7769#
[CheckServiceBindingOperationStep] Executing task "checkForServiceBindingOperationInProgress" of process "263b4250-6be0-11f1-9e25-eeee0a983c96"...#
#2026 06 19 13:09:48.388#Z#DEBUG#1ab74262-6be0-11f1-9c60-eeee0a944cb1.OPERATION#flowable-async-job-executor-thread-7769#
[CheckServiceBindingOperationStep] Checking for service binding operation in progress between app "sales-order-backend-app-router" and service instance "sales-order-backend-uaa"#
#2026 06 19 13:09:48.389#Z#DEBUG#1ab74262-6be0-11f1-9c60-eeee0a944cb1.OPERATION#flowable-async-job-executor-thread-7769#
[CheckServiceBindingOperationStep] Getting application guid "sales-order-backend-app-router"...#
#2026 06 19 13:09:48.433#Z#DEBUG#1ab74262-6be0-11f1-9c60-eeee0a944cb1.OPERATION#flowable-async-job-executor-thread-7769#
[CheckServiceBindingOperationStep] Getting GUID of required service instance "sales-order-backend-uaa"...#
#2026 06 19 13:09:48.464#Z#DEBUG#1ab74262-6be0-11f1-9c60-eeee0a944cb1.OPERATION#flowable-async-job-executor-thread-7769#
[CheckServiceBindingOperationStep] Getting binding of service instance "61b16f55-fec2-4f7c-bada-eaabafc53adc" with application "d4422378-c609-4f4e-b8f5-34906345cc41"...#
#2026 06 19 13:09:48.490#Z#DEBUG#1ab74262-6be0-11f1-9c60-eeee0a944cb1.OPERATION#flowable-async-job-executor-thread-7769#
[CheckServiceBindingOperationStep] Service binding operation "00f694f5-9b6f-4bca-9be1-c5af0c3d943d" with type "create" is in state "succeeded"#
#2026 06 19 13:09:48.490#Z#DEBUG#1ab74262-6be0-11f1-9c60-eeee0a944cb1.OPERATION#flowable-async-job-executor-thread-7769#
Step "Check For Service Binding Operation In Progress" finished#
#2026 06 19 13:09:48.519#Z#DEBUG#1ab74262-6be0-11f1-9c60-eeee0a944cb1.OPERATION#flowable-async-job-executor-thread-7769#
[DetermineApplicationServiceBindingActionsStep] Executing task "determineApplicationServiceBindingActionsTask" of process "263b4250-6be0-11f1-9e25-eeee0a983c96"...#
#2026 06 19 13:09:48.521#Z#DEBUG#1ab74262-6be0-11f1-9c60-eeee0a944cb1.OPERATION#flowable-async-job-executor-thread-7769#
[DetermineApplicationServiceBindingActionsStep] Determine bind/unbind operations of application "sales-order-backend-app-router" to service instance "sales-order-backend-uaa"#
#2026 06 19 13:09:48.521#Z#DEBUG#1ab74262-6be0-11f1-9c60-eeee0a944cb1.OPERATION#flowable-async-job-executor-thread-7769#
[DetermineApplicationServiceBindingActionsStep] Getting application "sales-order-backend-app-router"...#
#2026 06 19 13:09:48.568#Z#DEBUG#1ab74262-6be0-11f1-9c60-eeee0a944cb1.OPERATION#flowable-async-job-executor-thread-7769#
[DetermineApplicationServiceBindingActionsStep] Binding parameters for application "sales-order-backend-app-router": { }#
#2026 06 19 13:09:48.598#Z#DEBUG#1ab74262-6be0-11f1-9c60-eeee0a944cb1.OPERATION#flowable-async-job-executor-thread-7769#
[DetermineApplicationServiceBindingActionsStep] Check should rebind application "sales-order-backend-app-router" and service instance "sales-order-backend-uaa"#
#2026 06 19 13:09:48.598#Z#DEBUG#1ab74262-6be0-11f1-9c60-eeee0a944cb1.OPERATION#flowable-async-job-executor-thread-7769#
[DetermineApplicationServiceBindingActionsStep] Getting GUID of required service instance "sales-order-backend-uaa"...#
#2026 06 19 13:09:48.624#Z#DEBUG#1ab74262-6be0-11f1-9c60-eeee0a944cb1.OPERATION#flowable-async-job-executor-thread-7769#
[DetermineApplicationServiceBindingActionsStep] Getting binding of service instance "61b16f55-fec2-4f7c-bada-eaabafc53adc" with application "d4422378-c609-4f4e-b8f5-34906345cc41"...#
#2026 06 19 13:09:48.656#Z#DEBUG#1ab74262-6be0-11f1-9c60-eeee0a944cb1.OPERATION#flowable-async-job-executor-thread-7769#
[DetermineApplicationServiceBindingActionsStep] Getting parameters of service binding "00f694f5-9b6f-4bca-9be1-c5af0c3d943d"...#
#2026 06 19 13:09:48.689#Z#WARN#1ab74262-6be0-11f1-9c60-eeee0a944cb1.OPERATION#flowable-async-job-executor-thread-7769#
[DetermineApplicationServiceBindingActionsStep] Cannot retrieve parameters of binding between application "sales-order-backend-app-router" and service instance "sales-order-backend-uaa"#
#2026 06 19 13:09:48.691#Z#DEBUG#1ab74262-6be0-11f1-9c60-eeee0a944cb1.OPERATION#flowable-async-job-executor-thread-7769#
[DetermineApplicationServiceBindingActionsStep] Calculated binding operations between application "sales-order-backend-app-router" and service instance "sales-order-backend-uaa": unbind - true bind - true#
#2026 06 19 13:09:48.691#Z#DEBUG#1ab74262-6be0-11f1-9c60-eeee0a944cb1.OPERATION#flowable-async-job-executor-thread-7769#
Step "Determine Application Service Binding Actions" finished#
#2026 06 19 13:09:48.722#Z#DEBUG#1ab74262-6be0-11f1-9c60-eeee0a944cb1.OPERATION#flowable-async-job-executor-thread-7769#
[UnbindServiceFromApplicationStep] Executing task "unbindServiceFromApplicationTask" of process "263b4250-6be0-11f1-9e25-eeee0a983c96"...#
#2026 06 19 13:09:48.725#Z#INFO#1ab74262-6be0-11f1-9c60-eeee0a944cb1.OPERATION#flowable-async-job-executor-thread-7769#
[UnbindServiceFromApplicationStep] Unbinding service instance "sales-order-backend-uaa" from application "sales-order-backend-app-router"...#
#2026 06 19 13:09:48.729#Z#DEBUG#1ab74262-6be0-11f1-9c60-eeee0a944cb1.OPERATION#flowable-async-job-executor-thread-7769#
[UnbindServiceFromApplicationStep] Unbinding application "sales-order-backend-app-router" from service instance "sales-order-backend-uaa"...#
#2026 06 19 13:09:48.880#Z#DEBUG#1ab74262-6be0-11f1-9c60-eeee0a944cb1.OPERATION#flowable-async-job-executor-thread-7769#
Step "Unbind Service from Application" finished#
#2026 06 19 13:09:53.987#Z#DEBUG#1ab74262-6be0-11f1-9c60-eeee0a944cb1.OPERATION#flowable-async-job-executor-thread-7775#
[UnbindServiceFromApplicationStep] Executing task "unbindServiceFromApplicationTask" of process "263b4250-6be0-11f1-9e25-eeee0a983c96"...#
#2026 06 19 13:09:53.990#Z#DEBUG#1ab74262-6be0-11f1-9c60-eeee0a944cb1.OPERATION#flowable-async-job-executor-thread-7775#
[UnbindServiceFromApplicationStep] Getting async job "d4d03bf2-0c23-422e-813d-ca1de5b16e54"#
#2026 06 19 13:09:54.020#Z#DEBUG#1ab74262-6be0-11f1-9c60-eeee0a944cb1.OPERATION#flowable-async-job-executor-thread-7775#
[UnbindServiceFromApplicationStep] Getting service instance "sales-order-backend-uaa"...#
#2026 06 19 13:09:54.142#Z#DEBUG#1ab74262-6be0-11f1-9c60-eeee0a944cb1.OPERATION#flowable-async-job-executor-thread-7779#
[UnbindServiceFromApplicationStep] Executing task "unbindServiceFromApplicationTask" of process "2529d1f0-6be0-11f1-820a-eeee0a9e7842"...#
#2026 06 19 13:09:54.144#Z#DEBUG#1ab74262-6be0-11f1-9c60-eeee0a944cb1.OPERATION#flowable-async-job-executor-thread-7779#
[UnbindServiceFromApplicationStep] Getting async job "602dd5ab-b3cc-49b3-a28f-aece0f4399bb"#
#2026 06 19 13:09:54.154#Z#DEBUG#1ab74262-6be0-11f1-9c60-eeee0a944cb1.OPERATION#flowable-async-job-executor-thread-7775#
[UnbindServiceFromApplicationStep] Async service binding operation with id "d4d03bf2-0c23-422e-813d-ca1de5b16e54" finished#
#2026 06 19 13:09:54.157#Z#DEBUG#1ab74262-6be0-11f1-9c60-eeee0a944cb1.OPERATION#flowable-async-job-executor-thread-7775#
Step "Unbind Service from Application" finished#
#2026 06 19 13:09:54.164#Z#DEBUG#1ab74262-6be0-11f1-9c60-eeee0a944cb1.OPERATION#flowable-async-job-executor-thread-7779#
[UnbindServiceFromApplicationStep] Getting service instance "sales-order-backend-uaa"...#
#2026 06 19 13:09:54.301#Z#DEBUG#1ab74262-6be0-11f1-9c60-eeee0a944cb1.OPERATION#flowable-async-job-executor-thread-7779#
[UnbindServiceFromApplicationStep] Async service binding operation with id "602dd5ab-b3cc-49b3-a28f-aece0f4399bb" finished#
#2026 06 19 13:09:54.304#Z#DEBUG#1ab74262-6be0-11f1-9c60-eeee0a944cb1.OPERATION#flowable-async-job-executor-thread-7779#
Step "Unbind Service from Application" finished#
#2026 06 19 13:09:54.216#Z#DEBUG#1ab74262-6be0-11f1-9c60-eeee0a944cb1.OPERATION#flowable-async-job-executor-thread-7775#
[BindServiceToApplicationStep] Executing task "bindServiceToApplicationTask" of process "263b4250-6be0-11f1-9e25-eeee0a983c96"...#
#2026 06 19 13:09:54.218#Z#INFO#1ab74262-6be0-11f1-9c60-eeee0a944cb1.OPERATION#flowable-async-job-executor-thread-7775#
[BindServiceToApplicationStep] Binding service instance "sales-order-backend-uaa" to application "sales-order-backend-app-router"...#
#2026 06 19 13:09:54.229#Z#DEBUG#1ab74262-6be0-11f1-9c60-eeee0a944cb1.OPERATION#flowable-async-job-executor-thread-7775#
[BindServiceToApplicationStep] Binding service instance "sales-order-backend-uaa" to application "sales-order-backend-app-router" with parameters: { }#
#2026 06 19 13:09:54.345#Z#DEBUG#1ab74262-6be0-11f1-9c60-eeee0a944cb1.OPERATION#flowable-async-job-executor-thread-7779#
[BindServiceToApplicationStep] Executing task "bindServiceToApplicationTask" of process "2529d1f0-6be0-11f1-820a-eeee0a9e7842"...#
#2026 06 19 13:09:54.347#Z#INFO#1ab74262-6be0-11f1-9c60-eeee0a944cb1.OPERATION#flowable-async-job-executor-thread-7779#
[BindServiceToApplicationStep] Binding service instance "sales-order-backend-uaa" to application "sales-order-backend-service"...#
#2026 06 19 13:09:54.354#Z#DEBUG#1ab74262-6be0-11f1-9c60-eeee0a944cb1.OPERATION#flowable-async-job-executor-thread-7779#
[BindServiceToApplicationStep] Binding service instance "sales-order-backend-uaa" to application "sales-order-backend-service" with parameters: { }#
#2026 06 19 13:09:54.359#Z#DEBUG#1ab74262-6be0-11f1-9c60-eeee0a944cb1.OPERATION#flowable-async-job-executor-thread-7775#
Step "Bind Service to Application" finished#
#2026 06 19 13:09:54.031#Z#DEBUG#1ab74262-6be0-11f1-9c60-eeee0a944cb1.OPERATION#flowable-async-job-executor-thread-7127#
[UploadAppStep] Executing task "uploadAppTask" of process "24ff18ae-6be0-11f1-9e25-eeee0a983c96"...#
#2026 06 19 13:09:54.032#Z#DEBUG#1ab74262-6be0-11f1-9c60-eeee0a944cb1.OPERATION#flowable-async-job-executor-thread-7127#
[UploadAppStep] Application upload timeout is default one: 3,600 seconds#
#2026 06 19 13:09:54.035#Z#DEBUG#1ab74262-6be0-11f1-9c60-eeee0a944cb1.OPERATION#pool-21-thread-4#
[UploadAppStep] Upload of application: sales-order-backend-db-deployer started on instance: 2#
#2026 06 19 13:09:54.035#Z#DEBUG#1ab74262-6be0-11f1-9c60-eeee0a944cb1.OPERATION#pool-21-thread-4#
[UploadAppStep] Uploading file "sales-order-backend-db-deployer/data.zip" for application "sales-order-backend-db-deployer"#
#2026 06 19 13:09:54.067#Z#INFO#1ab74262-6be0-11f1-9c60-eeee0a944cb1.OPERATION#pool-21-thread-4#
[UploadAppStep] Time elapsed for app binary download: 31 in millis#
#2026 06 19 13:09:54.067#Z#INFO#1ab74262-6be0-11f1-9c60-eeee0a944cb1.OPERATION#pool-21-thread-4#
[UploadAppStep] Size of app sales-order-backend-db-deployer is 26,283 bytes#
#2026 06 19 13:09:54.067#Z#DEBUG#1ab74262-6be0-11f1-9c60-eeee0a944cb1.OPERATION#pool-21-thread-4#
[UploadAppStep] Asynchronously uploading binaries for application "sales-order-backend-db-deployer"...#
#2026 06 19 13:09:54.272#Z#INFO#1ab74262-6be0-11f1-9c60-eeee0a944cb1.OPERATION#pool-21-thread-4#
[UploadAppStep] Started async upload of application "sales-order-backend-db-deployer"#
#2026 06 19 13:09:54.280#Z#INFO#1ab74262-6be0-11f1-9c60-eeee0a944cb1.OPERATION#flowable-async-job-executor-thread-7127#
[UploadAppStep] Time elapsed for upload: 247 in millis#
#2026 06 19 13:09:54.280#Z#DEBUG#1ab74262-6be0-11f1-9c60-eeee0a944cb1.OPERATION#flowable-async-job-executor-thread-7127#
[UploadAppStep] Getting application "sales-order-backend-db-deployer"...#
#2026 06 19 13:09:54.296#Z#DEBUG#1ab74262-6be0-11f1-9c60-eeee0a944cb1.OPERATION#App upload monitor: 02806cd5-b818-40d7-b58e-ac13aa88eb73#
[UploadAppStep] Upload status: PROCESSING_UPLOAD#
#2026 06 19 13:09:54.325#Z#DEBUG#1ab74262-6be0-11f1-9c60-eeee0a944cb1.OPERATION#flowable-async-job-executor-thread-7127#
[UploadAppStep] Getting environment of application "282d6190-5c64-4101-ab50-6e41f87acfff"...#
#2026 06 19 13:09:54.361#Z#DEBUG#1ab74262-6be0-11f1-9c60-eeee0a944cb1.OPERATION#flowable-async-job-executor-thread-7127#
[UploadAppStep] Updating environment of application "sales-order-backend-db-deployer"#
#2026 06 19 13:09:54.458#Z#DEBUG#1ab74262-6be0-11f1-9c60-eeee0a944cb1.OPERATION#flowable-async-job-executor-thread-7127#
Step "Upload App" finished#
#2026 06 19 13:09:54.478#Z#DEBUG#1ab74262-6be0-11f1-9c60-eeee0a944cb1.OPERATION#flowable-async-job-executor-thread-7779#
Step "Bind Service to Application" finished#
#2026 06 19 13:09:59.324#Z#DEBUG#1ab74262-6be0-11f1-9c60-eeee0a944cb1.OPERATION#App upload monitor: 02806cd5-b818-40d7-b58e-ac13aa88eb73#
[UploadAppStep] Upload status: READY#
#2026 06 19 13:10:04.206#Z#DEBUG#1ab74262-6be0-11f1-9c60-eeee0a944cb1.OPERATION#flowable-async-job-executor-thread-7785#
[UploadAppStep] Executing task "uploadAppTask" of process "24ff18ae-6be0-11f1-9e25-eeee0a983c96"...#
#2026 06 19 13:10:04.207#Z#DEBUG#1ab74262-6be0-11f1-9c60-eeee0a944cb1.OPERATION#flowable-async-job-executor-thread-7785#
[UploadAppStep] Application upload timeout is default one: 3,600 seconds#
#2026 06 19 13:10:04.207#Z#DEBUG#1ab74262-6be0-11f1-9c60-eeee0a944cb1.OPERATION#flowable-async-job-executor-thread-7785#
[UploadAppStep] Checking upload status of application "sales-order-backend-db-deployer"...#
#2026 06 19 13:10:04.208#Z#DEBUG#1ab74262-6be0-11f1-9c60-eeee0a944cb1.OPERATION#flowable-async-job-executor-thread-7785#
[UploadAppStep] Getting package "02806cd5-b818-40d7-b58e-ac13aa88eb73"...#
#2026 06 19 13:10:04.242#Z#DEBUG#1ab74262-6be0-11f1-9c60-eeee0a944cb1.OPERATION#flowable-async-job-executor-thread-7785#
[UploadAppStep] Application "sales-order-backend-db-deployer" uploaded#
#2026 06 19 13:10:04.243#Z#DEBUG#1ab74262-6be0-11f1-9c60-eeee0a944cb1.OPERATION#flowable-async-job-executor-thread-7785#
Step "Upload App" finished#
#2026 06 19 13:10:04.148#Z#DEBUG#1ab74262-6be0-11f1-9c60-eeee0a944cb1.OPERATION#flowable-async-job-executor-thread-7786#
[BindServiceToApplicationStep] Executing task "bindServiceToApplicationTask" of process "263b4250-6be0-11f1-9e25-eeee0a983c96"...#
#2026 06 19 13:10:04.151#Z#DEBUG#1ab74262-6be0-11f1-9c60-eeee0a944cb1.OPERATION#flowable-async-job-executor-thread-7786#
[BindServiceToApplicationStep] Getting async job "403961f4-1289-405e-84de-be0a56504da2"#
#2026 06 19 13:10:04.178#Z#DEBUG#1ab74262-6be0-11f1-9c60-eeee0a944cb1.OPERATION#flowable-async-job-executor-thread-7786#
[BindServiceToApplicationStep] Getting service instance "sales-order-backend-uaa"...#
#2026 06 19 13:10:04.197#Z#DEBUG#1ab74262-6be0-11f1-9c60-eeee0a944cb1.OPERATION#flowable-async-job-executor-thread-7781#
[BindServiceToApplicationStep] Executing task "bindServiceToApplicationTask" of process "2529d1f0-6be0-11f1-820a-eeee0a9e7842"...#
#2026 06 19 13:10:04.199#Z#DEBUG#1ab74262-6be0-11f1-9c60-eeee0a944cb1.OPERATION#flowable-async-job-executor-thread-7781#
[BindServiceToApplicationStep] Getting async job "54adf564-d520-4d03-969f-de9141117f93"#
#2026 06 19 13:10:04.242#Z#DEBUG#1ab74262-6be0-11f1-9c60-eeee0a944cb1.OPERATION#flowable-async-job-executor-thread-7781#
[BindServiceToApplicationStep] Getting service instance "sales-order-backend-uaa"...#
#2026 06 19 13:10:04.318#Z#DEBUG#1ab74262-6be0-11f1-9c60-eeee0a944cb1.OPERATION#flowable-async-job-executor-thread-7786#
[BindServiceToApplicationStep] Async service binding operation with id "403961f4-1289-405e-84de-be0a56504da2" finished#
#2026 06 19 13:10:04.319#Z#DEBUG#1ab74262-6be0-11f1-9c60-eeee0a944cb1.OPERATION#flowable-async-job-executor-thread-7786#
Step "Bind Service to Application" finished#
#2026 06 19 13:10:04.279#Z#DEBUG#1ab74262-6be0-11f1-9c60-eeee0a944cb1.OPERATION#flowable-async-job-executor-thread-7785#
[ScaleAppStep] Executing task "scaleAppTask" of process "24ff18ae-6be0-11f1-9e25-eeee0a983c96"...#
#2026 06 19 13:10:04.282#Z#DEBUG#1ab74262-6be0-11f1-9c60-eeee0a944cb1.OPERATION#flowable-async-job-executor-thread-7785#
[ScaleAppStep] Scaling application "sales-order-backend-db-deployer"...#
#2026 06 19 13:10:04.282#Z#DEBUG#1ab74262-6be0-11f1-9c60-eeee0a944cb1.OPERATION#flowable-async-job-executor-thread-7785#
[ScaleAppStep] Getting application guid "sales-order-backend-db-deployer"...#
#2026 06 19 13:10:04.322#Z#DEBUG#1ab74262-6be0-11f1-9c60-eeee0a944cb1.OPERATION#flowable-async-job-executor-thread-7785#
[ScaleAppStep] Getting process for application "282d6190-5c64-4101-ab50-6e41f87acfff"...#
#2026 06 19 13:10:04.360#Z#DEBUG#1ab74262-6be0-11f1-9c60-eeee0a944cb1.OPERATION#flowable-async-job-executor-thread-7785#
[ScaleAppStep] Application "sales-order-backend-db-deployer" scaled#
#2026 06 19 13:10:04.360#Z#DEBUG#1ab74262-6be0-11f1-9c60-eeee0a944cb1.OPERATION#flowable-async-job-executor-thread-7785#
Step "Scale App" finished#
#2026 06 19 13:10:04.369#Z#DEBUG#1ab74262-6be0-11f1-9c60-eeee0a944cb1.OPERATION#flowable-async-job-executor-thread-7781#
[BindServiceToApplicationStep] Async service binding operation with id "54adf564-d520-4d03-969f-de9141117f93" finished#
#2026 06 19 13:10:04.370#Z#DEBUG#1ab74262-6be0-11f1-9c60-eeee0a944cb1.OPERATION#flowable-async-job-executor-thread-7781#
Step "Bind Service to Application" finished#
#2026 06 19 13:10:04.459#Z#DEBUG#1ab74262-6be0-11f1-9c60-eeee0a944cb1.OPERATION#flowable-async-job-executor-thread-7786#
[DetermineVcapServicesPropertiesChangedStep] Executing task "determineVcapServicesPropertiesChangedTask" of process "2fcce72c-6be0-11f1-9e25-eeee0a983c96"...#
#2026 06 19 13:10:04.461#Z#DEBUG#1ab74262-6be0-11f1-9c60-eeee0a944cb1.OPERATION#flowable-async-job-executor-thread-7786#
[DetermineVcapServicesPropertiesChangedStep] VCAP_SERVICES properties for application "sales-order-backend-app-router" changed: true#
#2026 06 19 13:10:04.461#Z#DEBUG#1ab74262-6be0-11f1-9c60-eeee0a944cb1.OPERATION#flowable-async-job-executor-thread-7786#
Step "Determine vcap services properties changed" finished#
#2026 06 19 13:10:04.394#Z#DEBUG#1ab74262-6be0-11f1-9c60-eeee0a944cb1.OPERATION#flowable-async-job-executor-thread-7785#
[DetermineDesiredStateAchievingActionsStep] Executing task "determineDesiredStateAchievingActionsTask" of process "24ff18ae-6be0-11f1-9e25-eeee0a983c96"...#
#2026 06 19 13:10:04.396#Z#DEBUG#1ab74262-6be0-11f1-9c60-eeee0a944cb1.OPERATION#flowable-async-job-executor-thread-7785#
[DetermineDesiredStateAchievingActionsStep] Getting application "sales-order-backend-db-deployer"...#
#2026 06 19 13:10:04.437#Z#DEBUG#1ab74262-6be0-11f1-9c60-eeee0a944cb1.OPERATION#flowable-async-job-executor-thread-7785#
[DetermineDesiredStateAchievingActionsStep] Getting instances for application "sales-order-backend-db-deployer"...#
#2026 06 19 13:10:04.437#Z#DEBUG#1ab74262-6be0-11f1-9c60-eeee0a944cb1.OPERATION#flowable-async-job-executor-thread-7785#
[DetermineDesiredStateAchievingActionsStep] Getting environment of application "282d6190-5c64-4101-ab50-6e41f87acfff"...#
#2026 06 19 13:10:04.470#Z#DEBUG#1ab74262-6be0-11f1-9c60-eeee0a944cb1.OPERATION#flowable-async-job-executor-thread-7785#
[DetermineDesiredStateAchievingActionsStep] Current state of application sales-order-backend-db-deployer: STOPPED#
#2026 06 19 13:10:04.470#Z#DEBUG#1ab74262-6be0-11f1-9c60-eeee0a944cb1.OPERATION#flowable-async-job-executor-thread-7785#
[DetermineDesiredStateAchievingActionsStep] Desired state of application sales-order-backend-db-deployer: STOPPED#
#2026 06 19 13:10:04.470#Z#DEBUG#1ab74262-6be0-11f1-9c60-eeee0a944cb1.OPERATION#flowable-async-job-executor-thread-7785#
[DetermineDesiredStateAchievingActionsStep] Actions that should be executed on application sales-order-backend-db-deployer: [STAGE]#
#2026 06 19 13:10:04.471#Z#DEBUG#1ab74262-6be0-11f1-9c60-eeee0a944cb1.OPERATION#flowable-async-job-executor-thread-7785#
Step "Determine Desired State Achieving Actions" finished#
#2026 06 19 13:10:04.508#Z#DEBUG#1ab74262-6be0-11f1-9c60-eeee0a944cb1.OPERATION#flowable-async-job-executor-thread-7781#
[DetermineVcapServicesPropertiesChangedStep] Executing task "determineVcapServicesPropertiesChangedTask" of process "2fd41320-6be0-11f1-9e25-eeee0a983c96"...#
#2026 06 19 13:10:04.509#Z#DEBUG#1ab74262-6be0-11f1-9c60-eeee0a944cb1.OPERATION#flowable-async-job-executor-thread-7781#
[DetermineVcapServicesPropertiesChangedStep] VCAP_SERVICES properties for application "sales-order-backend-service" changed: true#
#2026 06 19 13:10:04.509#Z#DEBUG#1ab74262-6be0-11f1-9c60-eeee0a944cb1.OPERATION#flowable-async-job-executor-thread-7781#
Step "Determine vcap services properties changed" finished#
#2026 06 19 13:10:04.497#Z#DEBUG#1ab74262-6be0-11f1-9c60-eeee0a944cb1.OPERATION#flowable-async-job-executor-thread-7786#
[UploadAppStep] Executing task "uploadAppTask" of process "2fcce72c-6be0-11f1-9e25-eeee0a983c96"...#
#2026 06 19 13:10:04.498#Z#DEBUG#1ab74262-6be0-11f1-9c60-eeee0a944cb1.OPERATION#flowable-async-job-executor-thread-7786#
[UploadAppStep] Application upload timeout is default one: 3,600 seconds#
#2026 06 19 13:10:04.498#Z#INFO#1ab74262-6be0-11f1-9c60-eeee0a944cb1.OPERATION#flowable-async-job-executor-thread-7786#
[UploadAppStep] Uploading application "sales-order-backend-app-router"...#
#2026 06 19 13:10:04.504#Z#DEBUG#1ab74262-6be0-11f1-9c60-eeee0a944cb1.OPERATION#flowable-async-job-executor-thread-7786#
[UploadAppStep] Getting application "sales-order-backend-app-router"...#
#2026 06 19 13:10:04.540#Z#DEBUG#1ab74262-6be0-11f1-9c60-eeee0a944cb1.OPERATION#flowable-async-job-executor-thread-7781#
[UploadAppStep] Executing task "uploadAppTask" of process "2fd41320-6be0-11f1-9e25-eeee0a983c96"...#
#2026 06 19 13:10:04.541#Z#DEBUG#1ab74262-6be0-11f1-9c60-eeee0a944cb1.OPERATION#flowable-async-job-executor-thread-7781#
[UploadAppStep] Application upload timeout is default one: 3,600 seconds#
#2026 06 19 13:10:04.541#Z#INFO#1ab74262-6be0-11f1-9c60-eeee0a944cb1.OPERATION#flowable-async-job-executor-thread-7781#
[UploadAppStep] Uploading application "sales-order-backend-service"...#
#2026 06 19 13:10:04.541#Z#DEBUG#1ab74262-6be0-11f1-9c60-eeee0a944cb1.OPERATION#flowable-async-job-executor-thread-7786#
[UploadAppStep] Getting environment of application "d4422378-c609-4f4e-b8f5-34906345cc41"...#
#2026 06 19 13:10:04.546#Z#DEBUG#1ab74262-6be0-11f1-9c60-eeee0a944cb1.OPERATION#flowable-async-job-executor-thread-7781#
[UploadAppStep] Getting application "sales-order-backend-service"...#
#2026 06 19 13:10:04.574#Z#INFO#1ab74262-6be0-11f1-9c60-eeee0a944cb1.OPERATION#flowable-async-job-executor-thread-7786#
[UploadAppStep] Calculating application digest: "sales-order-backend-app-router"#
#2026 06 19 13:10:04.586#Z#DEBUG#1ab74262-6be0-11f1-9c60-eeee0a944cb1.OPERATION#flowable-async-job-executor-thread-7781#
[UploadAppStep] Getting environment of application "9003f0e5-6bcf-4d09-9c8c-7e9f95590466"...#
#2026 06 19 13:10:04.612#Z#DEBUG#1ab74262-6be0-11f1-9c60-eeee0a944cb1.OPERATION#flowable-async-job-executor-thread-7786#
[UploadAppStep] Getting packages for application: "d4422378-c609-4f4e-b8f5-34906345cc41"#
#2026 06 19 13:10:04.619#Z#INFO#1ab74262-6be0-11f1-9c60-eeee0a944cb1.OPERATION#flowable-async-job-executor-thread-7781#
[UploadAppStep] Calculating application digest: "sales-order-backend-service"#
#2026 06 19 13:10:04.648#Z#DEBUG#1ab74262-6be0-11f1-9c60-eeee0a944cb1.OPERATION#flowable-async-job-executor-thread-7786#
[UploadAppStep] Getting the current droplet for application: "d4422378-c609-4f4e-b8f5-34906345cc41"#
#2026 06 19 13:10:04.649#Z#DEBUG#1ab74262-6be0-11f1-9c60-eeee0a944cb1.OPERATION#flowable-async-job-executor-thread-7781#
Step "Upload App" finished#
#2026 06 19 13:10:04.677#Z#DEBUG#1ab74262-6be0-11f1-9c60-eeee0a944cb1.OPERATION#flowable-async-job-executor-thread-7786#
[UploadAppStep] Getting packages for application: "d4422378-c609-4f4e-b8f5-34906345cc41"#
#2026 06 19 13:10:04.712#Z#DEBUG#1ab74262-6be0-11f1-9c60-eeee0a944cb1.OPERATION#flowable-async-job-executor-thread-7786#
[UploadAppStep] Getting builds for application "d4422378-c609-4f4e-b8f5-34906345cc41"...#
#2026 06 19 13:10:04.752#Z#DEBUG#1ab74262-6be0-11f1-9c60-eeee0a944cb1.OPERATION#flowable-async-job-executor-thread-7786#
[UploadAppStep] Getting the current droplet for application: "d4422378-c609-4f4e-b8f5-34906345cc41"#
#2026 06 19 13:10:04.782#Z#DEBUG#1ab74262-6be0-11f1-9c60-eeee0a944cb1.OPERATION#flowable-async-job-executor-thread-7786#
[UploadAppStep] Application "sales-order-backend-app-router" was not staged correctly during the previous deployment. Current droplet was not set#
#2026 06 19 13:10:04.782#Z#DEBUG#1ab74262-6be0-11f1-9c60-eeee0a944cb1.OPERATION#flowable-async-job-executor-thread-7786#
Step "Upload App" finished#
#2026 06 19 13:10:04.514#Z#DEBUG#1ab74262-6be0-11f1-9c60-eeee0a944cb1.OPERATION#flowable-async-job-executor-thread-7785#
[StageAppStep] Executing task "stageAppTask" of process "24ff18ae-6be0-11f1-9e25-eeee0a983c96"...#
#2026 06 19 13:10:04.514#Z#DEBUG#1ab74262-6be0-11f1-9c60-eeee0a944cb1.OPERATION#flowable-async-job-executor-thread-7785#
[StageAppStep] Application stage timeout is default one: 3,600 seconds#
#2026 06 19 13:10:04.516#Z#INFO#1ab74262-6be0-11f1-9c60-eeee0a944cb1.OPERATION#flowable-async-job-executor-thread-7785#
[StageAppStep] Staging application "sales-order-backend-db-deployer"...#
#2026 06 19 13:10:04.520#Z#DEBUG#1ab74262-6be0-11f1-9c60-eeee0a944cb1.OPERATION#flowable-async-job-executor-thread-7785#
[StageAppStep] Creating build for package "02806cd5-b818-40d7-b58e-ac13aa88eb73"...#
#2026 06 19 13:10:04.962#Z#DEBUG#1ab74262-6be0-11f1-9c60-eeee0a944cb1.OPERATION#flowable-async-job-executor-thread-7785#
Step "Stage App" finished#
#2026 06 19 13:10:14.300#Z#DEBUG#1ab74262-6be0-11f1-9c60-eeee0a944cb1.OPERATION#flowable-async-job-executor-thread-7795#
[StageAppStep] Executing task "stageAppTask" of process "24ff18ae-6be0-11f1-9e25-eeee0a983c96"...#
#2026 06 19 13:10:14.302#Z#DEBUG#1ab74262-6be0-11f1-9c60-eeee0a944cb1.OPERATION#flowable-async-job-executor-thread-7795#
[StageAppStep] Application stage timeout is default one: 3,600 seconds#
#2026 06 19 13:10:14.303#Z#DEBUG#1ab74262-6be0-11f1-9c60-eeee0a944cb1.OPERATION#flowable-async-job-executor-thread-7795#
[StageAppStep] Checking status of application "sales-order-backend-db-deployer"...#
#2026 06 19 13:10:14.303#Z#DEBUG#1ab74262-6be0-11f1-9c60-eeee0a944cb1.OPERATION#flowable-async-job-executor-thread-7795#
[StageAppStep] Getting build "b36c11ce-7dee-4dd4-878c-1698f17a2876"...#
#2026 06 19 13:10:14.345#Z#DEBUG#1ab74262-6be0-11f1-9c60-eeee0a944cb1.OPERATION#flowable-async-job-executor-thread-7795#
[StageAppStep] Staging status of application "sales-order-backend-db-deployer": PENDING#
#2026 06 19 13:10:14.346#Z#DEBUG#1ab74262-6be0-11f1-9c60-eeee0a944cb1.OPERATION#flowable-async-job-executor-thread-7795#
[StageAppStep] Getting application guid "sales-order-backend-db-deployer"...#
#2026 06 19 13:10:14.446#Z#DEBUG#1ab74262-6be0-11f1-9c60-eeee0a944cb1.OPERATION#flowable-async-job-executor-thread-7795#
Step "Stage App" finished#
#2026 06 19 13:10:14.273#Z#DEBUG#1ab74262-6be0-11f1-9c60-eeee0a944cb1.OPERATION#flowable-async-job-executor-thread-6718#
[UploadAppStep] Executing task "uploadAppTask" of process "2fcce72c-6be0-11f1-9e25-eeee0a983c96"...#
#2026 06 19 13:10:14.275#Z#DEBUG#1ab74262-6be0-11f1-9c60-eeee0a944cb1.OPERATION#flowable-async-job-executor-thread-6718#
[UploadAppStep] Application upload timeout is default one: 3,600 seconds#
#2026 06 19 13:10:14.278#Z#DEBUG#1ab74262-6be0-11f1-9c60-eeee0a944cb1.OPERATION#pool-21-thread-3#
[UploadAppStep] Upload of application: sales-order-backend-app-router started on instance: 1#
#2026 06 19 13:10:14.278#Z#DEBUG#1ab74262-6be0-11f1-9c60-eeee0a944cb1.OPERATION#pool-21-thread-3#
[UploadAppStep] Uploading file "sales-order-backend-app-router/data.zip" for application "sales-order-backend-app-router"#
#2026 06 19 13:10:14.309#Z#INFO#1ab74262-6be0-11f1-9c60-eeee0a944cb1.OPERATION#pool-21-thread-3#
[UploadAppStep] Time elapsed for app binary download: 30 in millis#
#2026 06 19 13:10:14.309#Z#INFO#1ab74262-6be0-11f1-9c60-eeee0a944cb1.OPERATION#pool-21-thread-3#
[UploadAppStep] Size of app sales-order-backend-app-router is 152,265 bytes#
#2026 06 19 13:10:14.309#Z#DEBUG#1ab74262-6be0-11f1-9c60-eeee0a944cb1.OPERATION#pool-21-thread-3#
[UploadAppStep] Asynchronously uploading binaries for application "sales-order-backend-app-router"...#
#2026 06 19 13:10:14.438#Z#DEBUG#1ab74262-6be0-11f1-9c60-eeee0a944cb1.OPERATION#flowable-async-job-executor-thread-6714#
[UploadAppStep] Executing task "uploadAppTask" of process "2fd41320-6be0-11f1-9e25-eeee0a983c96"...#
#2026 06 19 13:10:14.439#Z#DEBUG#1ab74262-6be0-11f1-9c60-eeee0a944cb1.OPERATION#flowable-async-job-executor-thread-6714#
[UploadAppStep] Application upload timeout is default one: 3,600 seconds#
#2026 06 19 13:10:14.444#Z#DEBUG#1ab74262-6be0-11f1-9c60-eeee0a944cb1.OPERATION#pool-21-thread-4#
[UploadAppStep] Upload of application: sales-order-backend-service started on instance: 1#
#2026 06 19 13:10:14.444#Z#DEBUG#1ab74262-6be0-11f1-9c60-eeee0a944cb1.OPERATION#pool-21-thread-4#
[UploadAppStep] Uploading file "sales-order-backend-service/data.zip" for application "sales-order-backend-service"#
#2026 06 19 13:10:14.482#Z#INFO#1ab74262-6be0-11f1-9c60-eeee0a944cb1.OPERATION#pool-21-thread-4#
[UploadAppStep] Time elapsed for app binary download: 38 in millis#
#2026 06 19 13:10:14.482#Z#INFO#1ab74262-6be0-11f1-9c60-eeee0a944cb1.OPERATION#pool-21-thread-4#
[UploadAppStep] Size of app sales-order-backend-service is 263,064 bytes#
#2026 06 19 13:10:14.482#Z#DEBUG#1ab74262-6be0-11f1-9c60-eeee0a944cb1.OPERATION#pool-21-thread-4#
[UploadAppStep] Asynchronously uploading binaries for application "sales-order-backend-service"...#
#2026 06 19 13:10:14.501#Z#INFO#1ab74262-6be0-11f1-9c60-eeee0a944cb1.OPERATION#pool-21-thread-3#
[UploadAppStep] Started async upload of application "sales-order-backend-app-router"#
#2026 06 19 13:10:14.511#Z#INFO#1ab74262-6be0-11f1-9c60-eeee0a944cb1.OPERATION#flowable-async-job-executor-thread-6718#
[UploadAppStep] Time elapsed for upload: 236 in millis#
#2026 06 19 13:10:14.511#Z#DEBUG#1ab74262-6be0-11f1-9c60-eeee0a944cb1.OPERATION#flowable-async-job-executor-thread-6718#
[UploadAppStep] Getting application "sales-order-backend-app-router"...#
#2026 06 19 13:10:14.527#Z#DEBUG#1ab74262-6be0-11f1-9c60-eeee0a944cb1.OPERATION#App upload monitor: 4904fa6c-bd1f-4a4b-ac08-f3ed6cf7d947#
[UploadAppStep] Upload status: PROCESSING_UPLOAD#
#2026 06 19 13:10:14.559#Z#DEBUG#1ab74262-6be0-11f1-9c60-eeee0a944cb1.OPERATION#flowable-async-job-executor-thread-6718#
Step "Upload App" finished#
#2026 06 19 13:10:14.698#Z#INFO#1ab74262-6be0-11f1-9c60-eeee0a944cb1.OPERATION#pool-21-thread-4#
[UploadAppStep] Started async upload of application "sales-order-backend-service"#
#2026 06 19 13:10:14.705#Z#INFO#1ab74262-6be0-11f1-9c60-eeee0a944cb1.OPERATION#flowable-async-job-executor-thread-6714#
[UploadAppStep] Time elapsed for upload: 265 in millis#
#2026 06 19 13:10:14.706#Z#DEBUG#1ab74262-6be0-11f1-9c60-eeee0a944cb1.OPERATION#flowable-async-job-executor-thread-6714#
[UploadAppStep] Getting application "sales-order-backend-service"...#
#2026 06 19 13:10:14.727#Z#DEBUG#1ab74262-6be0-11f1-9c60-eeee0a944cb1.OPERATION#App upload monitor: 70010229-76a6-4cef-9365-fb99b490ac73#
[UploadAppStep] Upload status: PROCESSING_UPLOAD#
#2026 06 19 13:10:14.745#Z#DEBUG#1ab74262-6be0-11f1-9c60-eeee0a944cb1.OPERATION#flowable-async-job-executor-thread-6714#
[UploadAppStep] Getting environment of application "9003f0e5-6bcf-4d09-9c8c-7e9f95590466"...#
#2026 06 19 13:10:14.782#Z#DEBUG#1ab74262-6be0-11f1-9c60-eeee0a944cb1.OPERATION#flowable-async-job-executor-thread-6714#
[UploadAppStep] Updating environment of application "sales-order-backend-service"#
#2026 06 19 13:10:14.905#Z#DEBUG#1ab74262-6be0-11f1-9c60-eeee0a944cb1.OPERATION#flowable-async-job-executor-thread-6714#
Step "Upload App" finished#
#2026 06 19 13:10:19.557#Z#DEBUG#1ab74262-6be0-11f1-9c60-eeee0a944cb1.OPERATION#App upload monitor: 4904fa6c-bd1f-4a4b-ac08-f3ed6cf7d947#
[UploadAppStep] Upload status: READY#
#2026 06 19 13:10:19.756#Z#DEBUG#1ab74262-6be0-11f1-9c60-eeee0a944cb1.OPERATION#App upload monitor: 70010229-76a6-4cef-9365-fb99b490ac73#
[UploadAppStep] Upload status: READY#
#2026 06 19 13:10:24.441#Z#DEBUG#1ab74262-6be0-11f1-9c60-eeee0a944cb1.OPERATION#flowable-async-job-executor-thread-7149#
[UploadAppStep] Executing task "uploadAppTask" of process "2fcce72c-6be0-11f1-9e25-eeee0a983c96"...#
#2026 06 19 13:10:24.444#Z#DEBUG#1ab74262-6be0-11f1-9c60-eeee0a944cb1.OPERATION#flowable-async-job-executor-thread-7149#
[UploadAppStep] Application upload timeout is default one: 3,600 seconds#
#2026 06 19 13:10:24.444#Z#DEBUG#1ab74262-6be0-11f1-9c60-eeee0a944cb1.OPERATION#flowable-async-job-executor-thread-7149#
[UploadAppStep] Checking upload status of application "sales-order-backend-app-router"...#
#2026 06 19 13:10:24.445#Z#DEBUG#1ab74262-6be0-11f1-9c60-eeee0a944cb1.OPERATION#flowable-async-job-executor-thread-7149#
[UploadAppStep] Getting package "4904fa6c-bd1f-4a4b-ac08-f3ed6cf7d947"...#
#2026 06 19 13:10:24.471#Z#DEBUG#1ab74262-6be0-11f1-9c60-eeee0a944cb1.OPERATION#flowable-async-job-executor-thread-7149#
[UploadAppStep] Application "sales-order-backend-app-router" uploaded#
#2026 06 19 13:10:24.472#Z#DEBUG#1ab74262-6be0-11f1-9c60-eeee0a944cb1.OPERATION#flowable-async-job-executor-thread-7149#
Step "Upload App" finished#
#2026 06 19 13:10:24.485#Z#DEBUG#1ab74262-6be0-11f1-9c60-eeee0a944cb1.OPERATION#flowable-async-job-executor-thread-7151#
[UploadAppStep] Executing task "uploadAppTask" of process "2fd41320-6be0-11f1-9e25-eeee0a983c96"...#
#2026 06 19 13:10:24.487#Z#DEBUG#1ab74262-6be0-11f1-9c60-eeee0a944cb1.OPERATION#flowable-async-job-executor-thread-7151#
[UploadAppStep] Application upload timeout is default one: 3,600 seconds#
#2026 06 19 13:10:24.487#Z#DEBUG#1ab74262-6be0-11f1-9c60-eeee0a944cb1.OPERATION#flowable-async-job-executor-thread-7151#
[UploadAppStep] Checking upload status of application "sales-order-backend-service"...#
#2026 06 19 13:10:24.488#Z#DEBUG#1ab74262-6be0-11f1-9c60-eeee0a944cb1.OPERATION#flowable-async-job-executor-thread-7151#
[UploadAppStep] Getting package "70010229-76a6-4cef-9365-fb99b490ac73"...#
#2026 06 19 13:10:24.513#Z#DEBUG#1ab74262-6be0-11f1-9c60-eeee0a944cb1.OPERATION#flowable-async-job-executor-thread-7151#
[UploadAppStep] Application "sales-order-backend-service" uploaded#
#2026 06 19 13:10:24.514#Z#DEBUG#1ab74262-6be0-11f1-9c60-eeee0a944cb1.OPERATION#flowable-async-job-executor-thread-7151#
Step "Upload App" finished#
#2026 06 19 13:10:24.401#Z#DEBUG#1ab74262-6be0-11f1-9c60-eeee0a944cb1.OPERATION#flowable-async-job-executor-thread-7799#
[StageAppStep] Executing task "stageAppTask" of process "24ff18ae-6be0-11f1-9e25-eeee0a983c96"...#
#2026 06 19 13:10:24.402#Z#DEBUG#1ab74262-6be0-11f1-9c60-eeee0a944cb1.OPERATION#flowable-async-job-executor-thread-7799#
[StageAppStep] Application stage timeout is default one: 3,600 seconds#
#2026 06 19 13:10:24.403#Z#DEBUG#1ab74262-6be0-11f1-9c60-eeee0a944cb1.OPERATION#flowable-async-job-executor-thread-7799#
[StageAppStep] Checking status of application "sales-order-backend-db-deployer"...#
#2026 06 19 13:10:24.403#Z#DEBUG#1ab74262-6be0-11f1-9c60-eeee0a944cb1.OPERATION#flowable-async-job-executor-thread-7799#
[StageAppStep] Getting build "b36c11ce-7dee-4dd4-878c-1698f17a2876"...#
#2026 06 19 13:10:24.446#Z#DEBUG#1ab74262-6be0-11f1-9c60-eeee0a944cb1.OPERATION#flowable-async-job-executor-thread-7799#
[StageAppStep] Staging status of application "sales-order-backend-db-deployer": PENDING#
#2026 06 19 13:10:24.447#Z#DEBUG#1ab74262-6be0-11f1-9c60-eeee0a944cb1.OPERATION#flowable-async-job-executor-thread-7799#
[StageAppStep] Getting application guid "sales-order-backend-db-deployer"...#
#2026 06 19 13:10:24.550#Z#DEBUG#1ab74262-6be0-11f1-9c60-eeee0a944cb1.OPERATION#flowable-async-job-executor-thread-7799#
Step "Stage App" finished#
#2026 06 19 13:10:24.526#Z#DEBUG#1ab74262-6be0-11f1-9c60-eeee0a944cb1.OPERATION#flowable-async-job-executor-thread-7149#
[ScaleAppStep] Executing task "scaleAppTask" of process "2fcce72c-6be0-11f1-9e25-eeee0a983c96"...#
#2026 06 19 13:10:24.530#Z#DEBUG#1ab74262-6be0-11f1-9c60-eeee0a944cb1.OPERATION#flowable-async-job-executor-thread-7149#
[ScaleAppStep] Scaling application "sales-order-backend-app-router"...#
#2026 06 19 13:10:24.530#Z#DEBUG#1ab74262-6be0-11f1-9c60-eeee0a944cb1.OPERATION#flowable-async-job-executor-thread-7149#
[ScaleAppStep] Getting application guid "sales-order-backend-app-router"...#
#2026 06 19 13:10:24.565#Z#DEBUG#1ab74262-6be0-11f1-9c60-eeee0a944cb1.OPERATION#flowable-async-job-executor-thread-7152#
[ScaleAppStep] Executing task "scaleAppTask" of process "2fd41320-6be0-11f1-9e25-eeee0a983c96"...#
#2026 06 19 13:10:24.565#Z#DEBUG#1ab74262-6be0-11f1-9c60-eeee0a944cb1.OPERATION#flowable-async-job-executor-thread-7149#
[ScaleAppStep] Getting process for application "d4422378-c609-4f4e-b8f5-34906345cc41"...#
#2026 06 19 13:10:24.573#Z#DEBUG#1ab74262-6be0-11f1-9c60-eeee0a944cb1.OPERATION#flowable-async-job-executor-thread-7152#
[ScaleAppStep] Scaling application "sales-order-backend-service"...#
#2026 06 19 13:10:24.573#Z#DEBUG#1ab74262-6be0-11f1-9c60-eeee0a944cb1.OPERATION#flowable-async-job-executor-thread-7152#
[ScaleAppStep] Getting application guid "sales-order-backend-service"...#
#2026 06 19 13:10:24.601#Z#DEBUG#1ab74262-6be0-11f1-9c60-eeee0a944cb1.OPERATION#flowable-async-job-executor-thread-7149#
[ScaleAppStep] Application "sales-order-backend-app-router" scaled#
#2026 06 19 13:10:24.601#Z#DEBUG#1ab74262-6be0-11f1-9c60-eeee0a944cb1.OPERATION#flowable-async-job-executor-thread-7149#
Step "Scale App" finished#
#2026 06 19 13:10:24.623#Z#DEBUG#1ab74262-6be0-11f1-9c60-eeee0a944cb1.OPERATION#flowable-async-job-executor-thread-7152#
[ScaleAppStep] Getting process for application "9003f0e5-6bcf-4d09-9c8c-7e9f95590466"...#
#2026 06 19 13:10:24.678#Z#DEBUG#1ab74262-6be0-11f1-9c60-eeee0a944cb1.OPERATION#flowable-async-job-executor-thread-7152#
[ScaleAppStep] Application "sales-order-backend-service" scaled#
#2026 06 19 13:10:24.679#Z#DEBUG#1ab74262-6be0-11f1-9c60-eeee0a944cb1.OPERATION#flowable-async-job-executor-thread-7152#
Step "Scale App" finished#
#2026 06 19 13:10:24.649#Z#DEBUG#1ab74262-6be0-11f1-9c60-eeee0a944cb1.OPERATION#flowable-async-job-executor-thread-7149#
[DetermineDesiredStateAchievingActionsStep] Executing task "determineDesiredStateAchievingActionsTask" of process "2fcce72c-6be0-11f1-9e25-eeee0a983c96"...#
#2026 06 19 13:10:24.651#Z#DEBUG#1ab74262-6be0-11f1-9c60-eeee0a944cb1.OPERATION#flowable-async-job-executor-thread-7149#
[DetermineDesiredStateAchievingActionsStep] Getting application "sales-order-backend-app-router"...#
#2026 06 19 13:10:24.689#Z#DEBUG#1ab74262-6be0-11f1-9c60-eeee0a944cb1.OPERATION#flowable-async-job-executor-thread-7149#
[DetermineDesiredStateAchievingActionsStep] Getting instances for application "sales-order-backend-app-router"...#
#2026 06 19 13:10:24.689#Z#DEBUG#1ab74262-6be0-11f1-9c60-eeee0a944cb1.OPERATION#flowable-async-job-executor-thread-7149#
[DetermineDesiredStateAchievingActionsStep] Getting environment of application "d4422378-c609-4f4e-b8f5-34906345cc41"...#
#2026 06 19 13:10:24.720#Z#DEBUG#1ab74262-6be0-11f1-9c60-eeee0a944cb1.OPERATION#flowable-async-job-executor-thread-7149#
[DetermineDesiredStateAchievingActionsStep] Current state of application sales-order-backend-app-router: STOPPED#
#2026 06 19 13:10:24.721#Z#DEBUG#1ab74262-6be0-11f1-9c60-eeee0a944cb1.OPERATION#flowable-async-job-executor-thread-7149#
[DetermineDesiredStateAchievingActionsStep] Desired state of application sales-order-backend-app-router: STARTED#
#2026 06 19 13:10:24.721#Z#DEBUG#1ab74262-6be0-11f1-9c60-eeee0a944cb1.OPERATION#flowable-async-job-executor-thread-7149#
[DetermineDesiredStateAchievingActionsStep] Actions that should be executed on application sales-order-backend-app-router: [STAGE, START]#
#2026 06 19 13:10:24.721#Z#DEBUG#1ab74262-6be0-11f1-9c60-eeee0a944cb1.OPERATION#flowable-async-job-executor-thread-7149#
Step "Determine Desired State Achieving Actions" finished#
#2026 06 19 13:10:24.776#Z#DEBUG#1ab74262-6be0-11f1-9c60-eeee0a944cb1.OPERATION#flowable-async-job-executor-thread-7152#
[DetermineDesiredStateAchievingActionsStep] Executing task "determineDesiredStateAchievingActionsTask" of process "2fd41320-6be0-11f1-9e25-eeee0a983c96"...#
#2026 06 19 13:10:24.779#Z#DEBUG#1ab74262-6be0-11f1-9c60-eeee0a944cb1.OPERATION#flowable-async-job-executor-thread-7152#
[DetermineDesiredStateAchievingActionsStep] Getting application "sales-order-backend-service"...#
#2026 06 19 13:10:24.822#Z#DEBUG#1ab74262-6be0-11f1-9c60-eeee0a944cb1.OPERATION#flowable-async-job-executor-thread-7152#
[DetermineDesiredStateAchievingActionsStep] Getting instances for application "sales-order-backend-service"...#
#2026 06 19 13:10:24.861#Z#DEBUG#1ab74262-6be0-11f1-9c60-eeee0a944cb1.OPERATION#flowable-async-job-executor-thread-7152#
[DetermineDesiredStateAchievingActionsStep] Getting environment of application "9003f0e5-6bcf-4d09-9c8c-7e9f95590466"...#
#2026 06 19 13:10:24.901#Z#DEBUG#1ab74262-6be0-11f1-9c60-eeee0a944cb1.OPERATION#flowable-async-job-executor-thread-7152#
[DetermineDesiredStateAchievingActionsStep] Current state of application sales-order-backend-service: INCONSISTENT#
#2026 06 19 13:10:24.901#Z#DEBUG#1ab74262-6be0-11f1-9c60-eeee0a944cb1.OPERATION#flowable-async-job-executor-thread-7152#
[DetermineDesiredStateAchievingActionsStep] Desired state of application sales-order-backend-service: STARTED#
#2026 06 19 13:10:24.901#Z#DEBUG#1ab74262-6be0-11f1-9c60-eeee0a944cb1.OPERATION#flowable-async-job-executor-thread-7152#
[DetermineDesiredStateAchievingActionsStep] Actions that should be executed on application sales-order-backend-service: [STOP, STAGE, START]#
#2026 06 19 13:10:24.901#Z#DEBUG#1ab74262-6be0-11f1-9c60-eeee0a944cb1.OPERATION#flowable-async-job-executor-thread-7152#
Step "Determine Desired State Achieving Actions" finished#
#2026 06 19 13:10:24.950#Z#DEBUG#1ab74262-6be0-11f1-9c60-eeee0a944cb1.OPERATION#flowable-async-job-executor-thread-7152#
[StopAppStep] Executing task "stopAppTask" of process "2fd41320-6be0-11f1-9e25-eeee0a983c96"...#
#2026 06 19 13:10:24.955#Z#INFO#1ab74262-6be0-11f1-9c60-eeee0a944cb1.OPERATION#flowable-async-job-executor-thread-7152#
[StopAppStep] Stopping application "sales-order-backend-service"...#
#2026 06 19 13:10:24.963#Z#DEBUG#1ab74262-6be0-11f1-9c60-eeee0a944cb1.OPERATION#flowable-async-job-executor-thread-7152#
[StopAppStep] Stopping application "sales-order-backend-service"...#
#2026 06 19 13:10:25.082#Z#DEBUG#1ab74262-6be0-11f1-9c60-eeee0a944cb1.OPERATION#flowable-async-job-executor-thread-7152#
[StopAppStep] Application "sales-order-backend-service" stopped#
#2026 06 19 13:10:25.082#Z#DEBUG#1ab74262-6be0-11f1-9c60-eeee0a944cb1.OPERATION#flowable-async-job-executor-thread-7152#
[StopAppStep] Getting environment of application "9003f0e5-6bcf-4d09-9c8c-7e9f95590466"...#
#2026 06 19 13:10:25.112#Z#DEBUG#1ab74262-6be0-11f1-9c60-eeee0a944cb1.OPERATION#flowable-async-job-executor-thread-7152#
Step "Stop App" finished#
#2026 06 19 13:10:24.812#Z#DEBUG#1ab74262-6be0-11f1-9c60-eeee0a944cb1.OPERATION#flowable-async-job-executor-thread-7149#
[StageAppStep] Executing task "stageAppTask" of process "2fcce72c-6be0-11f1-9e25-eeee0a983c96"...#
#2026 06 19 13:10:24.813#Z#DEBUG#1ab74262-6be0-11f1-9c60-eeee0a944cb1.OPERATION#flowable-async-job-executor-thread-7149#
[StageAppStep] Application stage timeout is default one: 3,600 seconds#
#2026 06 19 13:10:24.815#Z#INFO#1ab74262-6be0-11f1-9c60-eeee0a944cb1.OPERATION#flowable-async-job-executor-thread-7149#
[StageAppStep] Staging application "sales-order-backend-app-router"...#
#2026 06 19 13:10:24.820#Z#DEBUG#1ab74262-6be0-11f1-9c60-eeee0a944cb1.OPERATION#flowable-async-job-executor-thread-7149#
[StageAppStep] Creating build for package "4904fa6c-bd1f-4a4b-ac08-f3ed6cf7d947"...#
#2026 06 19 13:10:25.182#Z#DEBUG#1ab74262-6be0-11f1-9c60-eeee0a944cb1.OPERATION#flowable-async-job-executor-thread-7152#
[StageAppStep] Executing task "stageAppTask" of process "3c265f30-6be0-11f1-820a-eeee0a9e7842"...#
#2026 06 19 13:10:25.183#Z#DEBUG#1ab74262-6be0-11f1-9c60-eeee0a944cb1.OPERATION#flowable-async-job-executor-thread-7152#
[StageAppStep] Application stage timeout is default one: 3,600 seconds#
#2026 06 19 13:10:25.186#Z#INFO#1ab74262-6be0-11f1-9c60-eeee0a944cb1.OPERATION#flowable-async-job-executor-thread-7152#
[StageAppStep] Staging application "sales-order-backend-service"...#
#2026 06 19 13:10:25.202#Z#DEBUG#1ab74262-6be0-11f1-9c60-eeee0a944cb1.OPERATION#flowable-async-job-executor-thread-7152#
[StageAppStep] Creating build for package "70010229-76a6-4cef-9365-fb99b490ac73"...#
#2026 06 19 13:10:25.677#Z#DEBUG#1ab74262-6be0-11f1-9c60-eeee0a944cb1.OPERATION#flowable-async-job-executor-thread-7152#
Step "Stage App" finished#
#2026 06 19 13:10:26.296#Z#DEBUG#1ab74262-6be0-11f1-9c60-eeee0a944cb1.OPERATION#flowable-async-job-executor-thread-7149#
Step "Stage App" finished#
#2026 06 19 13:10:34.548#Z#DEBUG#1ab74262-6be0-11f1-9c60-eeee0a944cb1.OPERATION#flowable-async-job-executor-thread-7799#
[StageAppStep] Executing task "stageAppTask" of process "24ff18ae-6be0-11f1-9e25-eeee0a983c96"...#
#2026 06 19 13:10:34.549#Z#DEBUG#1ab74262-6be0-11f1-9c60-eeee0a944cb1.OPERATION#flowable-async-job-executor-thread-7799#
[StageAppStep] Application stage timeout is default one: 3,600 seconds#
#2026 06 19 13:10:34.550#Z#DEBUG#1ab74262-6be0-11f1-9c60-eeee0a944cb1.OPERATION#flowable-async-job-executor-thread-7799#
[StageAppStep] Checking status of application "sales-order-backend-db-deployer"...#
#2026 06 19 13:10:34.550#Z#DEBUG#1ab74262-6be0-11f1-9c60-eeee0a944cb1.OPERATION#flowable-async-job-executor-thread-7799#
[StageAppStep] Getting build "b36c11ce-7dee-4dd4-878c-1698f17a2876"...#
#2026 06 19 13:10:34.584#Z#DEBUG#1ab74262-6be0-11f1-9c60-eeee0a944cb1.OPERATION#flowable-async-job-executor-thread-7799#
[StageAppStep] Staging status of application "sales-order-backend-db-deployer": PENDING#
#2026 06 19 13:10:34.585#Z#DEBUG#1ab74262-6be0-11f1-9c60-eeee0a944cb1.OPERATION#flowable-async-job-executor-thread-7799#
[StageAppStep] Getting application guid "sales-order-backend-db-deployer"...#
#2026 06 19 13:10:34.678#Z#DEBUG#1ab74262-6be0-11f1-9c60-eeee0a944cb1.OPERATION#flowable-async-job-executor-thread-7806#
[StageAppStep] Executing task "stageAppTask" of process "3c265f30-6be0-11f1-820a-eeee0a9e7842"...#
#2026 06 19 13:10:34.680#Z#DEBUG#1ab74262-6be0-11f1-9c60-eeee0a944cb1.OPERATION#flowable-async-job-executor-thread-7806#
[StageAppStep] Application stage timeout is default one: 3,600 seconds#
#2026 06 19 13:10:34.681#Z#DEBUG#1ab74262-6be0-11f1-9c60-eeee0a944cb1.OPERATION#flowable-async-job-executor-thread-7806#
[StageAppStep] Checking status of application "sales-order-backend-service"...#
#2026 06 19 13:10:34.681#Z#DEBUG#1ab74262-6be0-11f1-9c60-eeee0a944cb1.OPERATION#flowable-async-job-executor-thread-7806#
[StageAppStep] Getting build "4eaa3777-2f53-49cb-bbdb-90c6ca1cac7c"...#
#2026 06 19 13:10:34.688#Z#DEBUG#1ab74262-6be0-11f1-9c60-eeee0a944cb1.OPERATION#flowable-async-job-executor-thread-7799#
Step "Stage App" finished#
#2026 06 19 13:10:34.714#Z#DEBUG#1ab74262-6be0-11f1-9c60-eeee0a944cb1.OPERATION#flowable-async-job-executor-thread-7806#
[StageAppStep] Staging status of application "sales-order-backend-service": PENDING#
#2026 06 19 13:10:34.715#Z#DEBUG#1ab74262-6be0-11f1-9c60-eeee0a944cb1.OPERATION#flowable-async-job-executor-thread-7806#
[StageAppStep] Getting application guid "sales-order-backend-service"...#
#2026 06 19 13:10:34.724#Z#DEBUG#1ab74262-6be0-11f1-9c60-eeee0a944cb1.OPERATION#flowable-async-job-executor-thread-7799#
[StageAppStep] Executing task "stageAppTask" of process "2fcce72c-6be0-11f1-9e25-eeee0a983c96"...#
#2026 06 19 13:10:34.725#Z#DEBUG#1ab74262-6be0-11f1-9c60-eeee0a944cb1.OPERATION#flowable-async-job-executor-thread-7799#
[StageAppStep] Application stage timeout is default one: 3,600 seconds#
#2026 06 19 13:10:34.725#Z#DEBUG#1ab74262-6be0-11f1-9c60-eeee0a944cb1.OPERATION#flowable-async-job-executor-thread-7799#
[StageAppStep] Checking status of application "sales-order-backend-app-router"...#
#2026 06 19 13:10:34.725#Z#DEBUG#1ab74262-6be0-11f1-9c60-eeee0a944cb1.OPERATION#flowable-async-job-executor-thread-7799#
[StageAppStep] Getting build "bb5e592d-1384-4e86-af4d-15e75d3090d8"...#
#2026 06 19 13:10:34.757#Z#DEBUG#1ab74262-6be0-11f1-9c60-eeee0a944cb1.OPERATION#flowable-async-job-executor-thread-7799#
[StageAppStep] Staging status of application "sales-order-backend-app-router": FAILED#
#2026 06 19 13:10:34.758#Z#DEBUG#1ab74262-6be0-11f1-9c60-eeee0a944cb1.OPERATION#flowable-async-job-executor-thread-7799#
[StageAppStep] Getting application guid "sales-order-backend-app-router"...#
#2026 06 19 13:10:34.821#Z#DEBUG#1ab74262-6be0-11f1-9c60-eeee0a944cb1.OPERATION#flowable-async-job-executor-thread-7806#
Step "Stage App" finished#
#2026 06 19 13:10:34.867#Z#ERROR#1ab74262-6be0-11f1-9c60-eeee0a944cb1.OPERATION#flowable-async-job-executor-thread-7799#
[StageAppStep] Error staging application "sales-order-backend-app-router": BuildpackCompileFailed - App staging failed in the buildpack compile phase. Check the application logs of your application for details.#
#2026 06 19 13:10:34.873#Z#INFO#1ab74262-6be0-11f1-9c60-eeee0a944cb1.OPERATION#flowable-async-job-executor-thread-7799#
[StageAppStep] Download the MTA operation logs for more details.#
#2026 06 19 13:10:34.878#Z#DEBUG#1ab74262-6be0-11f1-9c60-eeee0a944cb1.OPERATION#flowable-async-job-executor-thread-7799#
Step "Stage App" finished#
#2026 06 19 13:10:44.932#Z#DEBUG#1ab74262-6be0-11f1-9c60-eeee0a944cb1.OPERATION#flowable-async-job-executor-thread-7815#
[StageAppStep] Executing task "stageAppTask" of process "3c265f30-6be0-11f1-820a-eeee0a9e7842"...#
#2026 06 19 13:10:44.933#Z#DEBUG#1ab74262-6be0-11f1-9c60-eeee0a944cb1.OPERATION#flowable-async-job-executor-thread-7815#
[StageAppStep] Application stage timeout is default one: 3,600 seconds#
#2026 06 19 13:10:44.986#Z#DEBUG#1ab74262-6be0-11f1-9c60-eeee0a944cb1.OPERATION#flowable-async-job-executor-thread-7815#
[StageAppStep] Checking status of application "sales-order-backend-service"...#
#2026 06 19 13:10:44.986#Z#DEBUG#1ab74262-6be0-11f1-9c60-eeee0a944cb1.OPERATION#flowable-async-job-executor-thread-7815#
[StageAppStep] Getting build "4eaa3777-2f53-49cb-bbdb-90c6ca1cac7c"...#
#2026 06 19 13:10:44.986#Z#DEBUG#1ab74262-6be0-11f1-9c60-eeee0a944cb1.OPERATION#flowable-async-job-executor-thread-7813#
[StageAppStep] Executing task "stageAppTask" of process "24ff18ae-6be0-11f1-9e25-eeee0a983c96"...#
#2026 06 19 13:10:44.987#Z#DEBUG#1ab74262-6be0-11f1-9c60-eeee0a944cb1.OPERATION#flowable-async-job-executor-thread-7813#
[StageAppStep] Application stage timeout is default one: 3,600 seconds#
#2026 06 19 13:10:44.987#Z#DEBUG#1ab74262-6be0-11f1-9c60-eeee0a944cb1.OPERATION#flowable-async-job-executor-thread-7813#
[StageAppStep] Checking status of application "sales-order-backend-db-deployer"...#
#2026 06 19 13:10:44.988#Z#DEBUG#1ab74262-6be0-11f1-9c60-eeee0a944cb1.OPERATION#flowable-async-job-executor-thread-7813#
[StageAppStep] Getting build "b36c11ce-7dee-4dd4-878c-1698f17a2876"...#
#2026 06 19 13:10:45.033#Z#DEBUG#1ab74262-6be0-11f1-9c60-eeee0a944cb1.OPERATION#flowable-async-job-executor-thread-7813#
[StageAppStep] Staging status of application "sales-order-backend-db-deployer": PENDING#
#2026 06 19 13:10:45.034#Z#DEBUG#1ab74262-6be0-11f1-9c60-eeee0a944cb1.OPERATION#flowable-async-job-executor-thread-7813#
[StageAppStep] Getting application guid "sales-order-backend-db-deployer"...#
#2026 06 19 13:10:45.043#Z#DEBUG#1ab74262-6be0-11f1-9c60-eeee0a944cb1.OPERATION#flowable-async-job-executor-thread-7815#
[StageAppStep] Staging status of application "sales-order-backend-service": PENDING#
#2026 06 19 13:10:45.044#Z#DEBUG#1ab74262-6be0-11f1-9c60-eeee0a944cb1.OPERATION#flowable-async-job-executor-thread-7815#
[StageAppStep] Getting application guid "sales-order-backend-service"...#
#2026 06 19 13:10:45.131#Z#DEBUG#1ab74262-6be0-11f1-9c60-eeee0a944cb1.OPERATION#flowable-async-job-executor-thread-7813#
Step "Stage App" finished#
#2026 06 19 13:10:45.152#Z#DEBUG#1ab74262-6be0-11f1-9c60-eeee0a944cb1.OPERATION#flowable-async-job-executor-thread-7815#
Step "Stage App" finished#
#2026 06 19 13:10:54.797#Z#DEBUG#1ab74262-6be0-11f1-9c60-eeee0a944cb1.OPERATION#flowable-async-job-executor-thread-7822#
[StageAppStep] Executing task "stageAppTask" of process "24ff18ae-6be0-11f1-9e25-eeee0a983c96"...#
#2026 06 19 13:10:54.799#Z#DEBUG#1ab74262-6be0-11f1-9c60-eeee0a944cb1.OPERATION#flowable-async-job-executor-thread-7822#
[StageAppStep] Application stage timeout is default one: 3,600 seconds#
#2026 06 19 13:10:54.800#Z#DEBUG#1ab74262-6be0-11f1-9c60-eeee0a944cb1.OPERATION#flowable-async-job-executor-thread-7822#
[StageAppStep] Checking status of application "sales-order-backend-db-deployer"...#
#2026 06 19 13:10:54.800#Z#DEBUG#1ab74262-6be0-11f1-9c60-eeee0a944cb1.OPERATION#flowable-async-job-executor-thread-7822#
[StageAppStep] Getting build "b36c11ce-7dee-4dd4-878c-1698f17a2876"...#
#2026 06 19 13:10:54.829#Z#DEBUG#1ab74262-6be0-11f1-9c60-eeee0a944cb1.OPERATION#flowable-async-job-executor-thread-7822#
[StageAppStep] Staging status of application "sales-order-backend-db-deployer": STAGED#
#2026 06 19 13:10:54.831#Z#DEBUG#1ab74262-6be0-11f1-9c60-eeee0a944cb1.OPERATION#flowable-async-job-executor-thread-7822#
[StageAppStep] Getting application guid "sales-order-backend-db-deployer"...#
#2026 06 19 13:10:54.937#Z#DEBUG#1ab74262-6be0-11f1-9c60-eeee0a944cb1.OPERATION#flowable-async-job-executor-thread-7822#
[StageAppStep] Getting build "b36c11ce-7dee-4dd4-878c-1698f17a2876"...#
#2026 06 19 13:10:54.963#Z#DEBUG#1ab74262-6be0-11f1-9c60-eeee0a944cb1.OPERATION#flowable-async-job-executor-thread-7817#
[StageAppStep] Executing task "stageAppTask" of process "3c265f30-6be0-11f1-820a-eeee0a9e7842"...#
#2026 06 19 13:10:54.964#Z#DEBUG#1ab74262-6be0-11f1-9c60-eeee0a944cb1.OPERATION#flowable-async-job-executor-thread-7817#
[StageAppStep] Application stage timeout is default one: 3,600 seconds#
#2026 06 19 13:10:54.965#Z#DEBUG#1ab74262-6be0-11f1-9c60-eeee0a944cb1.OPERATION#flowable-async-job-executor-thread-7817#
[StageAppStep] Checking status of application "sales-order-backend-service"...#
#2026 06 19 13:10:54.965#Z#DEBUG#1ab74262-6be0-11f1-9c60-eeee0a944cb1.OPERATION#flowable-async-job-executor-thread-7817#
[StageAppStep] Getting build "4eaa3777-2f53-49cb-bbdb-90c6ca1cac7c"...#
#2026 06 19 13:10:54.969#Z#DEBUG#1ab74262-6be0-11f1-9c60-eeee0a944cb1.OPERATION#flowable-async-job-executor-thread-7822#
[StageAppStep] Binding droplet "b0d5b67c-63d5-4e77-9acb-2f3b7a896e77" to application "282d6190-5c64-4101-ab50-6e41f87acfff"...#
#2026 06 19 13:10:54.997#Z#DEBUG#1ab74262-6be0-11f1-9c60-eeee0a944cb1.OPERATION#flowable-async-job-executor-thread-7817#
[StageAppStep] Staging status of application "sales-order-backend-service": PENDING#
#2026 06 19 13:10:54.999#Z#DEBUG#1ab74262-6be0-11f1-9c60-eeee0a944cb1.OPERATION#flowable-async-job-executor-thread-7817#
[StageAppStep] Getting application guid "sales-order-backend-service"...#
#2026 06 19 13:10:55.021#Z#INFO#1ab74262-6be0-11f1-9c60-eeee0a944cb1.OPERATION#flowable-async-job-executor-thread-7822#
[StageAppStep] Application "sales-order-backend-db-deployer" staged#
#2026 06 19 13:10:55.032#Z#DEBUG#1ab74262-6be0-11f1-9c60-eeee0a944cb1.OPERATION#flowable-async-job-executor-thread-7822#
Step "Stage App" finished#
#2026 06 19 13:10:55.065#Z#DEBUG#1ab74262-6be0-11f1-9c60-eeee0a944cb1.OPERATION#flowable-async-job-executor-thread-7817#
Step "Stage App" finished#
#2026 06 19 13:10:55.334#Z#DEBUG#1ab74262-6be0-11f1-9c60-eeee0a944cb1.OPERATION#flowable-async-job-executor-thread-7819#
[PrepareToExecuteTasksStep] Executing task "prepareToExecuteTasksTask" of process "4e232c18-6be0-11f1-9e25-eeee0a983c96"...#
#2026 06 19 13:10:55.336#Z#DEBUG#1ab74262-6be0-11f1-9c60-eeee0a944cb1.OPERATION#flowable-async-job-executor-thread-7819#
Step "Prepare To Execute Tasks" finished#
#2026 06 19 13:10:55.369#Z#DEBUG#1ab74262-6be0-11f1-9c60-eeee0a944cb1.OPERATION#flowable-async-job-executor-thread-7819#
[ExecuteTaskStep] Executing task "executeTaskTask" of process "4e232c18-6be0-11f1-9e25-eeee0a983c96"...#
#2026 06 19 13:10:55.370#Z#DEBUG#1ab74262-6be0-11f1-9c60-eeee0a944cb1.OPERATION#flowable-async-job-executor-thread-7819#
[ExecuteTaskStep] Application task execution timeout is default one: 43,200 seconds#
#2026 06 19 13:10:55.372#Z#INFO#1ab74262-6be0-11f1-9c60-eeee0a944cb1.OPERATION#flowable-async-job-executor-thread-7819#
[ExecuteTaskStep] Executing task "deploy" on application "sales-order-backend-db-deployer"...#
#2026 06 19 13:10:55.379#Z#DEBUG#1ab74262-6be0-11f1-9c60-eeee0a944cb1.OPERATION#flowable-async-job-executor-thread-7819#
[ExecuteTaskStep] Running task on application "sales-order-backend-db-deployer": {
  "name" : "deploy",
  "command" : "npm start",
  "limits" : {
    "memory" : 256
  }
}#
#2026 06 19 13:10:55.736#Z#DEBUG#1ab74262-6be0-11f1-9c60-eeee0a944cb1.OPERATION#flowable-async-job-executor-thread-7819#
Step "Execute Task" finished#
#2026 06 19 13:11:05.102#Z#DEBUG#1ab74262-6be0-11f1-9c60-eeee0a944cb1.OPERATION#flowable-async-job-executor-thread-7829#
[StageAppStep] Executing task "stageAppTask" of process "3c265f30-6be0-11f1-820a-eeee0a9e7842"...#
#2026 06 19 13:11:05.103#Z#DEBUG#1ab74262-6be0-11f1-9c60-eeee0a944cb1.OPERATION#flowable-async-job-executor-thread-7829#
[StageAppStep] Application stage timeout is default one: 3,600 seconds#
#2026 06 19 13:11:05.104#Z#DEBUG#1ab74262-6be0-11f1-9c60-eeee0a944cb1.OPERATION#flowable-async-job-executor-thread-7829#
[StageAppStep] Checking status of application "sales-order-backend-service"...#
#2026 06 19 13:11:05.104#Z#DEBUG#1ab74262-6be0-11f1-9c60-eeee0a944cb1.OPERATION#flowable-async-job-executor-thread-7829#
[StageAppStep] Getting build "4eaa3777-2f53-49cb-bbdb-90c6ca1cac7c"...#
#2026 06 19 13:11:05.137#Z#DEBUG#1ab74262-6be0-11f1-9c60-eeee0a944cb1.OPERATION#flowable-async-job-executor-thread-7829#
[StageAppStep] Staging status of application "sales-order-backend-service": PENDING#
#2026 06 19 13:11:05.138#Z#DEBUG#1ab74262-6be0-11f1-9c60-eeee0a944cb1.OPERATION#flowable-async-job-executor-thread-7829#
[StageAppStep] Getting application guid "sales-order-backend-service"...#
#2026 06 19 13:11:05.212#Z#DEBUG#1ab74262-6be0-11f1-9c60-eeee0a944cb1.OPERATION#flowable-async-job-executor-thread-7829#
Step "Stage App" finished#
#2026 06 19 13:11:05.183#Z#DEBUG#1ab74262-6be0-11f1-9c60-eeee0a944cb1.OPERATION#flowable-async-job-executor-thread-7824#
[ExecuteTaskStep] Executing task "executeTaskTask" of process "4e232c18-6be0-11f1-9e25-eeee0a983c96"...#
#2026 06 19 13:11:05.184#Z#DEBUG#1ab74262-6be0-11f1-9c60-eeee0a944cb1.OPERATION#flowable-async-job-executor-thread-7824#
[ExecuteTaskStep] Application task execution timeout is default one: 43,200 seconds#
#2026 06 19 13:11:05.186#Z#DEBUG#1ab74262-6be0-11f1-9c60-eeee0a944cb1.OPERATION#flowable-async-job-executor-thread-7824#
[ExecuteTaskStep] Getting task "626ece13-961c-40b5-8e1e-afed8522b0d1"...#
#2026 06 19 13:11:05.222#Z#DEBUG#1ab74262-6be0-11f1-9c60-eeee0a944cb1.OPERATION#flowable-async-job-executor-thread-7824#
[ExecuteTaskStep] Task execution status: running#
#2026 06 19 13:11:05.223#Z#DEBUG#1ab74262-6be0-11f1-9c60-eeee0a944cb1.OPERATION#flowable-async-job-executor-thread-7824#
[ExecuteTaskStep] Getting application guid "sales-order-backend-db-deployer"...#
#2026 06 19 13:11:05.314#Z#DEBUG#1ab74262-6be0-11f1-9c60-eeee0a944cb1.OPERATION#flowable-async-job-executor-thread-7824#
Step "Execute Task" finished#
#2026 06 19 13:11:15.157#Z#DEBUG#1ab74262-6be0-11f1-9c60-eeee0a944cb1.OPERATION#flowable-async-job-executor-thread-7837#
[StageAppStep] Executing task "stageAppTask" of process "3c265f30-6be0-11f1-820a-eeee0a9e7842"...#
#2026 06 19 13:11:15.158#Z#DEBUG#1ab74262-6be0-11f1-9c60-eeee0a944cb1.OPERATION#flowable-async-job-executor-thread-7837#
[StageAppStep] Application stage timeout is default one: 3,600 seconds#
#2026 06 19 13:11:15.159#Z#DEBUG#1ab74262-6be0-11f1-9c60-eeee0a944cb1.OPERATION#flowable-async-job-executor-thread-7837#
[StageAppStep] Checking status of application "sales-order-backend-service"...#
#2026 06 19 13:11:15.159#Z#DEBUG#1ab74262-6be0-11f1-9c60-eeee0a944cb1.OPERATION#flowable-async-job-executor-thread-7837#
[StageAppStep] Getting build "4eaa3777-2f53-49cb-bbdb-90c6ca1cac7c"...#
#2026 06 19 13:11:15.190#Z#DEBUG#1ab74262-6be0-11f1-9c60-eeee0a944cb1.OPERATION#flowable-async-job-executor-thread-7837#
[StageAppStep] Staging status of application "sales-order-backend-service": PENDING#
#2026 06 19 13:11:15.192#Z#DEBUG#1ab74262-6be0-11f1-9c60-eeee0a944cb1.OPERATION#flowable-async-job-executor-thread-7837#
[StageAppStep] Getting application guid "sales-order-backend-service"...#
#2026 06 19 13:11:15.265#Z#DEBUG#1ab74262-6be0-11f1-9c60-eeee0a944cb1.OPERATION#flowable-async-job-executor-thread-7837#
Step "Stage App" finished#
#2026 06 19 13:11:15.255#Z#DEBUG#1ab74262-6be0-11f1-9c60-eeee0a944cb1.OPERATION#flowable-async-job-executor-thread-7834#
[ExecuteTaskStep] Executing task "executeTaskTask" of process "4e232c18-6be0-11f1-9e25-eeee0a983c96"...#
#2026 06 19 13:11:15.256#Z#DEBUG#1ab74262-6be0-11f1-9c60-eeee0a944cb1.OPERATION#flowable-async-job-executor-thread-7834#
[ExecuteTaskStep] Application task execution timeout is default one: 43,200 seconds#
#2026 06 19 13:11:15.258#Z#DEBUG#1ab74262-6be0-11f1-9c60-eeee0a944cb1.OPERATION#flowable-async-job-executor-thread-7834#
[ExecuteTaskStep] Getting task "626ece13-961c-40b5-8e1e-afed8522b0d1"...#
#2026 06 19 13:11:15.292#Z#DEBUG#1ab74262-6be0-11f1-9c60-eeee0a944cb1.OPERATION#flowable-async-job-executor-thread-7834#
[ExecuteTaskStep] Task execution status: succeeded#
#2026 06 19 13:11:15.294#Z#DEBUG#1ab74262-6be0-11f1-9c60-eeee0a944cb1.OPERATION#flowable-async-job-executor-thread-7834#
[ExecuteTaskStep] Getting application guid "sales-order-backend-db-deployer"...#
#2026 06 19 13:11:15.413#Z#DEBUG#1ab74262-6be0-11f1-9c60-eeee0a944cb1.OPERATION#flowable-async-job-executor-thread-7834#
Step "Execute Task" finished#
#2026 06 19 13:11:15.460#Z#DEBUG#1ab74262-6be0-11f1-9c60-eeee0a944cb1.OPERATION#flowable-async-job-executor-thread-7837#
[IncrementIndexStep] Executing task "incrementTaskIndexTask" of process "4e232c18-6be0-11f1-9e25-eeee0a983c96"...#
#2026 06 19 13:11:15.461#Z#DEBUG#1ab74262-6be0-11f1-9c60-eeee0a944cb1.OPERATION#flowable-async-job-executor-thread-7837#
Step "Increment Task Index" finished#
#2026 06 19 13:11:15.555#Z#DEBUG#1ab74262-6be0-11f1-9c60-eeee0a944cb1.OPERATION#flowable-async-job-executor-thread-7837#
[PublishConfigurationEntriesStep] Executing task "publishProvidedDependenciesTask" of process "24ff18ae-6be0-11f1-9e25-eeee0a983c96"...#
#2026 06 19 13:11:15.555#Z#DEBUG#1ab74262-6be0-11f1-9c60-eeee0a944cb1.OPERATION#flowable-async-job-executor-thread-7837#
[PublishConfigurationEntriesStep] Publishing public provided dependencies for application "sales-order-backend-db-deployer"...#
#2026 06 19 13:11:15.556#Z#DEBUG#1ab74262-6be0-11f1-9c60-eeee0a944cb1.OPERATION#flowable-async-job-executor-thread-7837#
[PublishConfigurationEntriesStep] No public provided dependencies for publishing#
#2026 06 19 13:11:15.556#Z#DEBUG#1ab74262-6be0-11f1-9c60-eeee0a944cb1.OPERATION#flowable-async-job-executor-thread-7837#
Step "Publish Provided Dependencies" finished#
#2026 06 19 13:11:15.594#Z#DEBUG#1ab74262-6be0-11f1-9c60-eeee0a944cb1.OPERATION#flowable-async-job-executor-thread-7837#
[CreateOrUpdateServiceBrokerStep] Executing task "createOrUpdateServiceBrokerTask" of process "24ff18ae-6be0-11f1-9e25-eeee0a983c96"...#
#2026 06 19 13:11:15.595#Z#DEBUG#1ab74262-6be0-11f1-9c60-eeee0a944cb1.OPERATION#flowable-async-job-executor-thread-7837#
[CreateOrUpdateServiceBrokerStep] Creating service brokers...#
#2026 06 19 13:11:15.596#Z#DEBUG#1ab74262-6be0-11f1-9c60-eeee0a944cb1.OPERATION#flowable-async-job-executor-thread-7837#
Step "Create Or Update Service Broker " finished#
#2026 06 19 13:11:25.326#Z#DEBUG#1ab74262-6be0-11f1-9c60-eeee0a944cb1.OPERATION#flowable-async-job-executor-thread-7844#
[StageAppStep] Executing task "stageAppTask" of process "3c265f30-6be0-11f1-820a-eeee0a9e7842"...#
#2026 06 19 13:11:25.327#Z#DEBUG#1ab74262-6be0-11f1-9c60-eeee0a944cb1.OPERATION#flowable-async-job-executor-thread-7844#
[StageAppStep] Application stage timeout is default one: 3,600 seconds#
#2026 06 19 13:11:25.328#Z#DEBUG#1ab74262-6be0-11f1-9c60-eeee0a944cb1.OPERATION#flowable-async-job-executor-thread-7844#
[StageAppStep] Checking status of application "sales-order-backend-service"...#
#2026 06 19 13:11:25.328#Z#DEBUG#1ab74262-6be0-11f1-9c60-eeee0a944cb1.OPERATION#flowable-async-job-executor-thread-7844#
[StageAppStep] Getting build "4eaa3777-2f53-49cb-bbdb-90c6ca1cac7c"...#
#2026 06 19 13:11:25.359#Z#DEBUG#1ab74262-6be0-11f1-9c60-eeee0a944cb1.OPERATION#flowable-async-job-executor-thread-7844#
[StageAppStep] Staging status of application "sales-order-backend-service": PENDING#
#2026 06 19 13:11:25.360#Z#DEBUG#1ab74262-6be0-11f1-9c60-eeee0a944cb1.OPERATION#flowable-async-job-executor-thread-7844#
[StageAppStep] Getting application guid "sales-order-backend-service"...#
#2026 06 19 13:11:25.458#Z#DEBUG#1ab74262-6be0-11f1-9c60-eeee0a944cb1.OPERATION#flowable-async-job-executor-thread-7844#
Step "Stage App" finished#
#2026 06 19 13:11:35.609#Z#DEBUG#1ab74262-6be0-11f1-9c60-eeee0a944cb1.OPERATION#flowable-async-job-executor-thread-7849#
[StageAppStep] Executing task "stageAppTask" of process "3c265f30-6be0-11f1-820a-eeee0a9e7842"...#
#2026 06 19 13:11:35.612#Z#DEBUG#1ab74262-6be0-11f1-9c60-eeee0a944cb1.OPERATION#flowable-async-job-executor-thread-7849#
[StageAppStep] Application stage timeout is default one: 3,600 seconds#
#2026 06 19 13:11:35.615#Z#DEBUG#1ab74262-6be0-11f1-9c60-eeee0a944cb1.OPERATION#flowable-async-job-executor-thread-7849#
[StageAppStep] Checking status of application "sales-order-backend-service"...#
#2026 06 19 13:11:35.615#Z#DEBUG#1ab74262-6be0-11f1-9c60-eeee0a944cb1.OPERATION#flowable-async-job-executor-thread-7849#
[StageAppStep] Getting build "4eaa3777-2f53-49cb-bbdb-90c6ca1cac7c"...#
#2026 06 19 13:11:35.651#Z#DEBUG#1ab74262-6be0-11f1-9c60-eeee0a944cb1.OPERATION#flowable-async-job-executor-thread-7849#
[StageAppStep] Staging status of application "sales-order-backend-service": STAGED#
#2026 06 19 13:11:35.652#Z#DEBUG#1ab74262-6be0-11f1-9c60-eeee0a944cb1.OPERATION#flowable-async-job-executor-thread-7849#
[StageAppStep] Getting application guid "sales-order-backend-service"...#
#2026 06 19 13:11:35.767#Z#DEBUG#1ab74262-6be0-11f1-9c60-eeee0a944cb1.OPERATION#flowable-async-job-executor-thread-7849#
[StageAppStep] Getting build "4eaa3777-2f53-49cb-bbdb-90c6ca1cac7c"...#
#2026 06 19 13:11:35.796#Z#DEBUG#1ab74262-6be0-11f1-9c60-eeee0a944cb1.OPERATION#flowable-async-job-executor-thread-7849#
[StageAppStep] Binding droplet "d07fd317-f0af-410e-bcca-f1c2d47128a8" to application "9003f0e5-6bcf-4d09-9c8c-7e9f95590466"...#
#2026 06 19 13:11:35.849#Z#INFO#1ab74262-6be0-11f1-9c60-eeee0a944cb1.OPERATION#flowable-async-job-executor-thread-7849#
[StageAppStep] Application "sales-order-backend-service" staged#
#2026 06 19 13:11:35.859#Z#DEBUG#1ab74262-6be0-11f1-9c60-eeee0a944cb1.OPERATION#flowable-async-job-executor-thread-7849#
Step "Stage App" finished#
#2026 06 19 13:11:36.018#Z#DEBUG#1ab74262-6be0-11f1-9c60-eeee0a944cb1.OPERATION#flowable-async-job-executor-thread-7849#
[RestartAppStep] Executing task "startAppTask" of process "3c265f30-6be0-11f1-820a-eeee0a9e7842"...#
#2026 06 19 13:11:36.027#Z#DEBUG#1ab74262-6be0-11f1-9c60-eeee0a944cb1.OPERATION#flowable-async-job-executor-thread-7849#
[RestartAppStep] Application start timeout is default one: 3,600 seconds#
#2026 06 19 13:11:36.051#Z#DEBUG#1ab74262-6be0-11f1-9c60-eeee0a944cb1.OPERATION#flowable-async-job-executor-thread-7849#
[RestartAppStep] Getting application "sales-order-backend-service"...#
#2026 06 19 13:11:36.096#Z#INFO#1ab74262-6be0-11f1-9c60-eeee0a944cb1.OPERATION#flowable-async-job-executor-thread-7849#
[RestartAppStep] Starting application "sales-order-backend-service"...#
#2026 06 19 13:11:36.105#Z#DEBUG#1ab74262-6be0-11f1-9c60-eeee0a944cb1.OPERATION#flowable-async-job-executor-thread-7849#
[RestartAppStep] Starting application "sales-order-backend-service"...#
#2026 06 19 13:11:36.365#Z#DEBUG#1ab74262-6be0-11f1-9c60-eeee0a944cb1.OPERATION#flowable-async-job-executor-thread-7849#
Step "Start App" finished#
