#2026 06 19 13:10:14.446#Z#DEBUG#1ab74262-6be0-11f1-9c60-eeee0a944cb1.sales-order-backend-db-deployer#flowable-async-job-executor-thread-7795#
[PollStageAppStatusExecution] 282d6190-5c64-4101-ab50-6e41f87acfff [2026-06-19T13:09:45.483562] Updated app with guid 282d6190-5c64-4101-ab50-6e41f87acfff ({"lifecycle"=>{"data"=>{"buildpacks"=>["nodejs_buildpack"]}, "type"=>"buildpack"}}) (STDOUT, API)#
#2026 06 19 13:10:14.446#Z#DEBUG#1ab74262-6be0-11f1-9c60-eeee0a944cb1.sales-order-backend-db-deployer#flowable-async-job-executor-thread-7795#
[PollStageAppStatusExecution] 282d6190-5c64-4101-ab50-6e41f87acfff [2026-06-19T13:09:45.571207] Updating process: "web" (STDOUT, API)#
#2026 06 19 13:10:14.446#Z#DEBUG#1ab74262-6be0-11f1-9c60-eeee0a944cb1.sales-order-backend-db-deployer#flowable-async-job-executor-thread-7795#
[PollStageAppStatusExecution] 282d6190-5c64-4101-ab50-6e41f87acfff [2026-06-19T13:09:54.219325] Uploading app package for app with guid 282d6190-5c64-4101-ab50-6e41f87acfff (STDOUT, API)#
#2026 06 19 13:10:14.446#Z#DEBUG#1ab74262-6be0-11f1-9c60-eeee0a944cb1.sales-order-backend-db-deployer#flowable-async-job-executor-thread-7795#
[PollStageAppStatusExecution] 282d6190-5c64-4101-ab50-6e41f87acfff [2026-06-19T13:09:54.439997] Updated app with guid 282d6190-5c64-4101-ab50-6e41f87acfff ({"environment_variables"=>"[PRIVATE DATA HIDDEN]"}) (STDOUT, API)#
#2026 06 19 13:10:14.446#Z#DEBUG#1ab74262-6be0-11f1-9c60-eeee0a944cb1.sales-order-backend-db-deployer#flowable-async-job-executor-thread-7795#
[PollStageAppStatusExecution] 282d6190-5c64-4101-ab50-6e41f87acfff [2026-06-19T13:10:04.605357] Creating build for app with guid 282d6190-5c64-4101-ab50-6e41f87acfff (STDOUT, API)#
#2026 06 19 13:10:14.446#Z#DEBUG#1ab74262-6be0-11f1-9c60-eeee0a944cb1.sales-order-backend-db-deployer#flowable-async-job-executor-thread-7795#
[PollStageAppStatusExecution] 282d6190-5c64-4101-ab50-6e41f87acfff [2026-06-19T13:10:05.063563] Downloading nodejs_buildpack... (STDOUT, STG)#
#2026 06 19 13:10:14.446#Z#DEBUG#1ab74262-6be0-11f1-9c60-eeee0a944cb1.sales-order-backend-db-deployer#flowable-async-job-executor-thread-7795#
[PollStageAppStatusExecution] 282d6190-5c64-4101-ab50-6e41f87acfff [2026-06-19T13:10:05.125608] Downloaded nodejs_buildpack (STDOUT, STG)#
#2026 06 19 13:10:14.446#Z#DEBUG#1ab74262-6be0-11f1-9c60-eeee0a944cb1.sales-order-backend-db-deployer#flowable-async-job-executor-thread-7795#
[PollStageAppStatusExecution] 282d6190-5c64-4101-ab50-6e41f87acfff [2026-06-19T13:10:05.125704] Cell 684caff8-89cd-492b-be01-b3d0835f1763 creating container for instance b36c11ce-7dee-4dd4-878c-1698f17a2876 (STDOUT, STG)#
#2026 06 19 13:10:14.446#Z#DEBUG#1ab74262-6be0-11f1-9c60-eeee0a944cb1.sales-order-backend-db-deployer#flowable-async-job-executor-thread-7795#
[PollStageAppStatusExecution] 282d6190-5c64-4101-ab50-6e41f87acfff [2026-06-19T13:10:06.870513] Security group rules were updated (STDOUT, STG)#
#2026 06 19 13:10:14.446#Z#DEBUG#1ab74262-6be0-11f1-9c60-eeee0a944cb1.sales-order-backend-db-deployer#flowable-async-job-executor-thread-7795#
[PollStageAppStatusExecution] 282d6190-5c64-4101-ab50-6e41f87acfff [2026-06-19T13:10:07.025681] Cell 684caff8-89cd-492b-be01-b3d0835f1763 successfully created container for instance b36c11ce-7dee-4dd4-878c-1698f17a2876 (STDOUT, STG)#
#2026 06 19 13:10:14.446#Z#DEBUG#1ab74262-6be0-11f1-9c60-eeee0a944cb1.sales-order-backend-db-deployer#flowable-async-job-executor-thread-7795#
[PollStageAppStatusExecution] 282d6190-5c64-4101-ab50-6e41f87acfff [2026-06-19T13:10:07.502789] Downloading app package... (STDOUT, STG)#
#2026 06 19 13:10:14.446#Z#DEBUG#1ab74262-6be0-11f1-9c60-eeee0a944cb1.sales-order-backend-db-deployer#flowable-async-job-executor-thread-7795#
[PollStageAppStatusExecution] 282d6190-5c64-4101-ab50-6e41f87acfff [2026-06-19T13:10:07.503175] Downloading build artifacts cache... (STDOUT, STG)#
#2026 06 19 13:10:14.446#Z#DEBUG#1ab74262-6be0-11f1-9c60-eeee0a944cb1.sales-order-backend-db-deployer#flowable-async-job-executor-thread-7795#
[PollStageAppStatusExecution] 282d6190-5c64-4101-ab50-6e41f87acfff [2026-06-19T13:10:07.573562] Downloaded app package (25K) (STDOUT, STG)#
#2026 06 19 13:10:14.446#Z#DEBUG#1ab74262-6be0-11f1-9c60-eeee0a944cb1.sales-order-backend-db-deployer#flowable-async-job-executor-thread-7795#
[PollStageAppStatusExecution] 282d6190-5c64-4101-ab50-6e41f87acfff [2026-06-19T13:10:07.732379] Downloaded build artifacts cache (1.6M) (STDOUT, STG)#
#2026 06 19 13:10:14.446#Z#DEBUG#1ab74262-6be0-11f1-9c60-eeee0a944cb1.sales-order-backend-db-deployer#flowable-async-job-executor-thread-7795#
[PollStageAppStatusExecution] 282d6190-5c64-4101-ab50-6e41f87acfff [2026-06-19T13:10:07.854690] -----> Nodejs Buildpack version 1.9.1 (STDOUT, STG)#
#2026 06 19 13:10:14.446#Z#DEBUG#1ab74262-6be0-11f1-9c60-eeee0a944cb1.sales-order-backend-db-deployer#flowable-async-job-executor-thread-7795#
[PollStageAppStatusExecution] 282d6190-5c64-4101-ab50-6e41f87acfff [2026-06-19T13:10:07.856451] -----> Bootstrapping python (STDOUT, STG)#
#2026 06 19 13:10:14.446#Z#DEBUG#1ab74262-6be0-11f1-9c60-eeee0a944cb1.sales-order-backend-db-deployer#flowable-async-job-executor-thread-7795#
[PollStageAppStatusExecution] 282d6190-5c64-4101-ab50-6e41f87acfff [2026-06-19T13:10:07.856473] -----> Installing python 3.13.13 (STDOUT, STG)#
#2026 06 19 13:10:14.446#Z#DEBUG#1ab74262-6be0-11f1-9c60-eeee0a944cb1.sales-order-backend-db-deployer#flowable-async-job-executor-thread-7795#
[PollStageAppStatusExecution] 282d6190-5c64-4101-ab50-6e41f87acfff [2026-06-19T13:10:07.856738] Copy [/tmp/buildpacks/ac648aa71a7866ca/dependencies/268a5e3743d51a14b86ea9da64439307/python_3.13.13_linux_x64_cflinuxfs4_8311abbf.tgz] (STDOUT, STG)#
#2026 06 19 13:10:14.446#Z#DEBUG#1ab74262-6be0-11f1-9c60-eeee0a944cb1.sales-order-backend-db-deployer#flowable-async-job-executor-thread-7795#
[PollStageAppStatusExecution] 282d6190-5c64-4101-ab50-6e41f87acfff [2026-06-19T13:10:12.127570] -----> Installing binaries (STDOUT, STG)#
#2026 06 19 13:10:14.446#Z#DEBUG#1ab74262-6be0-11f1-9c60-eeee0a944cb1.sales-order-backend-db-deployer#flowable-async-job-executor-thread-7795#
[PollStageAppStatusExecution] 282d6190-5c64-4101-ab50-6e41f87acfff [2026-06-19T13:10:12.127758] engines.node (package.json): ^20 || ^22 || ^24 (STDOUT, STG)#
#2026 06 19 13:10:14.446#Z#DEBUG#1ab74262-6be0-11f1-9c60-eeee0a944cb1.sales-order-backend-db-deployer#flowable-async-job-executor-thread-7795#
[PollStageAppStatusExecution] 282d6190-5c64-4101-ab50-6e41f87acfff [2026-06-19T13:10:12.127776] engines.npm (package.json): unspecified (use default) (STDOUT, STG)#
#2026 06 19 13:10:14.446#Z#DEBUG#1ab74262-6be0-11f1-9c60-eeee0a944cb1.sales-order-backend-db-deployer#flowable-async-job-executor-thread-7795#
[PollStageAppStatusExecution] 282d6190-5c64-4101-ab50-6e41f87acfff [2026-06-19T13:10:12.127987] -----> Installing node 24.15.0 (STDOUT, STG)#
#2026 06 19 13:10:14.446#Z#DEBUG#1ab74262-6be0-11f1-9c60-eeee0a944cb1.sales-order-backend-db-deployer#flowable-async-job-executor-thread-7795#
[PollStageAppStatusExecution] 282d6190-5c64-4101-ab50-6e41f87acfff [2026-06-19T13:10:12.128232] Copy [/tmp/buildpacks/ac648aa71a7866ca/dependencies/6441e97e6386f47ec4c16cfdf8db0a17/node_24.15.0_linux_x64_cflinuxfs4_1a62d98b.tgz] (STDOUT, STG)#
#2026 06 19 13:10:24.548#Z#DEBUG#1ab74262-6be0-11f1-9c60-eeee0a944cb1.sales-order-backend-db-deployer#flowable-async-job-executor-thread-7799#
[PollStageAppStatusExecution] 282d6190-5c64-4101-ab50-6e41f87acfff [2026-06-19T13:10:14.762834] Using default npm version: 11.12.1 (STDOUT, STG)#
#2026 06 19 13:10:24.548#Z#DEBUG#1ab74262-6be0-11f1-9c60-eeee0a944cb1.sales-order-backend-db-deployer#flowable-async-job-executor-thread-7799#
[PollStageAppStatusExecution] 282d6190-5c64-4101-ab50-6e41f87acfff [2026-06-19T13:10:14.762858] -----> Installing yarn 1.22.22 (STDOUT, STG)#
#2026 06 19 13:10:24.548#Z#DEBUG#1ab74262-6be0-11f1-9c60-eeee0a944cb1.sales-order-backend-db-deployer#flowable-async-job-executor-thread-7799#
[PollStageAppStatusExecution] 282d6190-5c64-4101-ab50-6e41f87acfff [2026-06-19T13:10:14.763044] Copy [/tmp/buildpacks/ac648aa71a7866ca/dependencies/e4fe26756e9984a665478d350474fa2e/yarn_1.22.22_linux_noarch_any-stack_b6132b86.tgz] (STDOUT, STG)#
#2026 06 19 13:10:24.548#Z#DEBUG#1ab74262-6be0-11f1-9c60-eeee0a944cb1.sales-order-backend-db-deployer#flowable-async-job-executor-thread-7799#
[PollStageAppStatusExecution] 282d6190-5c64-4101-ab50-6e41f87acfff [2026-06-19T13:10:15.161943] Installed yarn 1.22.22 (STDOUT, STG)#
#2026 06 19 13:10:24.548#Z#DEBUG#1ab74262-6be0-11f1-9c60-eeee0a944cb1.sales-order-backend-db-deployer#flowable-async-job-executor-thread-7799#
[PollStageAppStatusExecution] 282d6190-5c64-4101-ab50-6e41f87acfff [2026-06-19T13:10:15.161972] -----> Creating runtime environment (STDOUT, STG)#
#2026 06 19 13:10:24.548#Z#DEBUG#1ab74262-6be0-11f1-9c60-eeee0a944cb1.sales-order-backend-db-deployer#flowable-async-job-executor-thread-7799#
[PollStageAppStatusExecution] 282d6190-5c64-4101-ab50-6e41f87acfff [2026-06-19T13:10:15.163503] [34;1mPRO TIP:[0m It is recommended to vendor the application's Node.js dependencies (STDOUT, STG)#
#2026 06 19 13:10:24.548#Z#DEBUG#1ab74262-6be0-11f1-9c60-eeee0a944cb1.sales-order-backend-db-deployer#flowable-async-job-executor-thread-7799#
[PollStageAppStatusExecution] 282d6190-5c64-4101-ab50-6e41f87acfff [2026-06-19T13:10:15.163521] Visit http://docs.cloudfoundry.org/buildpacks/node/index.html#vendoring (STDOUT, STG)#
#2026 06 19 13:10:24.548#Z#DEBUG#1ab74262-6be0-11f1-9c60-eeee0a944cb1.sales-order-backend-db-deployer#flowable-async-job-executor-thread-7799#
[PollStageAppStatusExecution] 282d6190-5c64-4101-ab50-6e41f87acfff [2026-06-19T13:10:15.163537] NODE_ENV=production (STDOUT, STG)#
#2026 06 19 13:10:24.548#Z#DEBUG#1ab74262-6be0-11f1-9c60-eeee0a944cb1.sales-order-backend-db-deployer#flowable-async-job-executor-thread-7799#
[PollStageAppStatusExecution] 282d6190-5c64-4101-ab50-6e41f87acfff [2026-06-19T13:10:15.163543] NODE_HOME=/tmp/contents3183906003/deps/0/node (STDOUT, STG)#
#2026 06 19 13:10:24.548#Z#DEBUG#1ab74262-6be0-11f1-9c60-eeee0a944cb1.sales-order-backend-db-deployer#flowable-async-job-executor-thread-7799#
[PollStageAppStatusExecution] 282d6190-5c64-4101-ab50-6e41f87acfff [2026-06-19T13:10:15.163545] NODE_MODULES_CACHE=true (STDOUT, STG)#
#2026 06 19 13:10:24.548#Z#DEBUG#1ab74262-6be0-11f1-9c60-eeee0a944cb1.sales-order-backend-db-deployer#flowable-async-job-executor-thread-7799#
[PollStageAppStatusExecution] 282d6190-5c64-4101-ab50-6e41f87acfff [2026-06-19T13:10:15.163548] NODE_VERBOSE=false (STDOUT, STG)#
#2026 06 19 13:10:24.548#Z#DEBUG#1ab74262-6be0-11f1-9c60-eeee0a944cb1.sales-order-backend-db-deployer#flowable-async-job-executor-thread-7799#
[PollStageAppStatusExecution] 282d6190-5c64-4101-ab50-6e41f87acfff [2026-06-19T13:10:15.163551] NPM_CONFIG_LOGLEVEL=error (STDOUT, STG)#
#2026 06 19 13:10:24.548#Z#DEBUG#1ab74262-6be0-11f1-9c60-eeee0a944cb1.sales-order-backend-db-deployer#flowable-async-job-executor-thread-7799#
[PollStageAppStatusExecution] 282d6190-5c64-4101-ab50-6e41f87acfff [2026-06-19T13:10:15.163556] NPM_CONFIG_PRODUCTION=true (STDOUT, STG)#
#2026 06 19 13:10:24.548#Z#DEBUG#1ab74262-6be0-11f1-9c60-eeee0a944cb1.sales-order-backend-db-deployer#flowable-async-job-executor-thread-7799#
[PollStageAppStatusExecution] 282d6190-5c64-4101-ab50-6e41f87acfff [2026-06-19T13:10:15.163689] -----> Building dependencies (STDOUT, STG)#
#2026 06 19 13:10:24.548#Z#DEBUG#1ab74262-6be0-11f1-9c60-eeee0a944cb1.sales-order-backend-db-deployer#flowable-async-job-executor-thread-7799#
[PollStageAppStatusExecution] 282d6190-5c64-4101-ab50-6e41f87acfff [2026-06-19T13:10:15.163700] Installing node modules (yarn.lock) (STDOUT, STG)#
#2026 06 19 13:10:24.548#Z#DEBUG#1ab74262-6be0-11f1-9c60-eeee0a944cb1.sales-order-backend-db-deployer#flowable-async-job-executor-thread-7799#
[PollStageAppStatusExecution] 282d6190-5c64-4101-ab50-6e41f87acfff [2026-06-19T13:10:15.163705] Running yarn in online mode (STDOUT, STG)#
#2026 06 19 13:10:24.548#Z#DEBUG#1ab74262-6be0-11f1-9c60-eeee0a944cb1.sales-order-backend-db-deployer#flowable-async-job-executor-thread-7799#
[PollStageAppStatusExecution] 282d6190-5c64-4101-ab50-6e41f87acfff [2026-06-19T13:10:15.163708] To run yarn in offline mode, see: https://yarnpkg.com/blog/2016/11/24/offline-mirror (STDOUT, STG)#
#2026 06 19 13:10:24.548#Z#DEBUG#1ab74262-6be0-11f1-9c60-eeee0a944cb1.sales-order-backend-db-deployer#flowable-async-job-executor-thread-7799#
[PollStageAppStatusExecution] 282d6190-5c64-4101-ab50-6e41f87acfff [2026-06-19T13:10:15.387518] warning package.json: No license field (STDERR, STG)#
#2026 06 19 13:10:24.548#Z#DEBUG#1ab74262-6be0-11f1-9c60-eeee0a944cb1.sales-order-backend-db-deployer#flowable-async-job-executor-thread-7799#
[PollStageAppStatusExecution] 282d6190-5c64-4101-ab50-6e41f87acfff [2026-06-19T13:10:15.649196] warning package.json: No license field (STDERR, STG)#
#2026 06 19 13:10:24.548#Z#DEBUG#1ab74262-6be0-11f1-9c60-eeee0a944cb1.sales-order-backend-db-deployer#flowable-async-job-executor-thread-7799#
[PollStageAppStatusExecution] 282d6190-5c64-4101-ab50-6e41f87acfff [2026-06-19T13:10:15.897167] yarn install v1.22.22 (STDOUT, STG)#
#2026 06 19 13:10:24.548#Z#DEBUG#1ab74262-6be0-11f1-9c60-eeee0a944cb1.sales-order-backend-db-deployer#flowable-async-job-executor-thread-7799#
[PollStageAppStatusExecution] 282d6190-5c64-4101-ab50-6e41f87acfff [2026-06-19T13:10:15.909147] warning package.json: No license field (STDOUT, STG)#
#2026 06 19 13:10:24.548#Z#DEBUG#1ab74262-6be0-11f1-9c60-eeee0a944cb1.sales-order-backend-db-deployer#flowable-async-job-executor-thread-7799#
[PollStageAppStatusExecution] 282d6190-5c64-4101-ab50-6e41f87acfff [2026-06-19T13:10:15.923680] warning package-lock.json found. Your project contains lock files generated by tools other than Yarn. It is advised not to mix package managers in order to avoid resolution inconsistencies caused by unsynchronized lock files. To clear this warning, remove package-lock.json. (STDOUT, STG)#
#2026 06 19 13:10:24.548#Z#DEBUG#1ab74262-6be0-11f1-9c60-eeee0a944cb1.sales-order-backend-db-deployer#flowable-async-job-executor-thread-7799#
[PollStageAppStatusExecution] 282d6190-5c64-4101-ab50-6e41f87acfff [2026-06-19T13:10:15.924753] warning deploy: No license field (STDOUT, STG)#
#2026 06 19 13:10:24.548#Z#DEBUG#1ab74262-6be0-11f1-9c60-eeee0a944cb1.sales-order-backend-db-deployer#flowable-async-job-executor-thread-7799#
[PollStageAppStatusExecution] 282d6190-5c64-4101-ab50-6e41f87acfff [2026-06-19T13:10:15.929009] [1/4] Resolving packages... (STDOUT, STG)#
#2026 06 19 13:10:24.548#Z#DEBUG#1ab74262-6be0-11f1-9c60-eeee0a944cb1.sales-order-backend-db-deployer#flowable-async-job-executor-thread-7799#
[PollStageAppStatusExecution] 282d6190-5c64-4101-ab50-6e41f87acfff [2026-06-19T13:10:15.962141] (node:99) [DEP0169] DeprecationWarning: `url.parse()` behavior is not standardized and prone to errors that have security implications. Use the WHATWG URL API instead. CVEs are not issued for `url.parse()` vulnerabilities. (STDOUT, STG)#
#2026 06 19 13:10:24.548#Z#DEBUG#1ab74262-6be0-11f1-9c60-eeee0a944cb1.sales-order-backend-db-deployer#flowable-async-job-executor-thread-7799#
[PollStageAppStatusExecution] 282d6190-5c64-4101-ab50-6e41f87acfff [2026-06-19T13:10:15.962178] (Use `node --trace-deprecation ...` to show where the warning was created) (STDOUT, STG)#
#2026 06 19 13:10:24.548#Z#DEBUG#1ab74262-6be0-11f1-9c60-eeee0a944cb1.sales-order-backend-db-deployer#flowable-async-job-executor-thread-7799#
[PollStageAppStatusExecution] 282d6190-5c64-4101-ab50-6e41f87acfff [2026-06-19T13:10:16.068567] [2/4] Fetching packages... (STDOUT, STG)#
#2026 06 19 13:10:24.548#Z#DEBUG#1ab74262-6be0-11f1-9c60-eeee0a944cb1.sales-order-backend-db-deployer#flowable-async-job-executor-thread-7799#
[PollStageAppStatusExecution] 282d6190-5c64-4101-ab50-6e41f87acfff [2026-06-19T13:10:17.740527] [3/4] Linking dependencies... (STDOUT, STG)#
#2026 06 19 13:10:24.548#Z#DEBUG#1ab74262-6be0-11f1-9c60-eeee0a944cb1.sales-order-backend-db-deployer#flowable-async-job-executor-thread-7799#
[PollStageAppStatusExecution] 282d6190-5c64-4101-ab50-6e41f87acfff [2026-06-19T13:10:18.134850] [4/4] Building fresh packages... (STDOUT, STG)#
#2026 06 19 13:10:24.548#Z#DEBUG#1ab74262-6be0-11f1-9c60-eeee0a944cb1.sales-order-backend-db-deployer#flowable-async-job-executor-thread-7799#
[PollStageAppStatusExecution] 282d6190-5c64-4101-ab50-6e41f87acfff [2026-06-19T13:10:18.436421] Done in 2.54s. (STDOUT, STG)#
#2026 06 19 13:10:24.548#Z#DEBUG#1ab74262-6be0-11f1-9c60-eeee0a944cb1.sales-order-backend-db-deployer#flowable-async-job-executor-thread-7799#
[PollStageAppStatusExecution] 282d6190-5c64-4101-ab50-6e41f87acfff [2026-06-19T13:10:19.134466] [31;1m**WARNING**[0m Unmet dependencies don't fail yarn install but may cause runtime issues (STDOUT, STG)#
#2026 06 19 13:10:24.548#Z#DEBUG#1ab74262-6be0-11f1-9c60-eeee0a944cb1.sales-order-backend-db-deployer#flowable-async-job-executor-thread-7799#
[PollStageAppStatusExecution] 282d6190-5c64-4101-ab50-6e41f87acfff [2026-06-19T13:10:19.134506] See: https://github.com/npm/npm/issues/7494 (STDOUT, STG)#
#2026 06 19 13:10:24.548#Z#DEBUG#1ab74262-6be0-11f1-9c60-eeee0a944cb1.sales-order-backend-db-deployer#flowable-async-job-executor-thread-7799#
[PollStageAppStatusExecution] 282d6190-5c64-4101-ab50-6e41f87acfff [2026-06-19T13:10:19.172432] Contrast Security no credentials found. Will not write environment files. (STDOUT, STG)#
#2026 06 19 13:10:45.129#Z#DEBUG#1ab74262-6be0-11f1-9c60-eeee0a944cb1.sales-order-backend-db-deployer#flowable-async-job-executor-thread-7813#
[PollStageAppStatusExecution] 282d6190-5c64-4101-ab50-6e41f87acfff [2026-06-19T13:10:41.044084] Exit status 0 (STDOUT, STG)#
#2026 06 19 13:10:45.129#Z#DEBUG#1ab74262-6be0-11f1-9c60-eeee0a944cb1.sales-order-backend-db-deployer#flowable-async-job-executor-thread-7813#
[PollStageAppStatusExecution] 282d6190-5c64-4101-ab50-6e41f87acfff [2026-06-19T13:10:41.044154] Uploading droplet, build artifacts cache... (STDOUT, STG)#
#2026 06 19 13:10:45.129#Z#DEBUG#1ab74262-6be0-11f1-9c60-eeee0a944cb1.sales-order-backend-db-deployer#flowable-async-job-executor-thread-7813#
[PollStageAppStatusExecution] 282d6190-5c64-4101-ab50-6e41f87acfff [2026-06-19T13:10:41.044206] Uploading droplet... (STDOUT, STG)#
#2026 06 19 13:10:45.129#Z#DEBUG#1ab74262-6be0-11f1-9c60-eeee0a944cb1.sales-order-backend-db-deployer#flowable-async-job-executor-thread-7813#
[PollStageAppStatusExecution] 282d6190-5c64-4101-ab50-6e41f87acfff [2026-06-19T13:10:41.044257] Uploading build artifacts cache... (STDOUT, STG)#
#2026 06 19 13:10:45.129#Z#DEBUG#1ab74262-6be0-11f1-9c60-eeee0a944cb1.sales-order-backend-db-deployer#flowable-async-job-executor-thread-7813#
[PollStageAppStatusExecution] 282d6190-5c64-4101-ab50-6e41f87acfff [2026-06-19T13:10:42.308573] Creating droplet for app with guid 282d6190-5c64-4101-ab50-6e41f87acfff (STDOUT, API)#
#2026 06 19 13:10:45.129#Z#DEBUG#1ab74262-6be0-11f1-9c60-eeee0a944cb1.sales-order-backend-db-deployer#flowable-async-job-executor-thread-7813#
[PollStageAppStatusExecution] 282d6190-5c64-4101-ab50-6e41f87acfff [2026-06-19T13:10:42.627108] Uploaded build artifacts cache (120.5M) (STDOUT, STG)#
#2026 06 19 13:10:54.936#Z#DEBUG#1ab74262-6be0-11f1-9c60-eeee0a944cb1.sales-order-backend-db-deployer#flowable-async-job-executor-thread-7822#
[PollStageAppStatusExecution] 282d6190-5c64-4101-ab50-6e41f87acfff [2026-06-19T13:10:47.413541] Uploaded droplet (95.9M) (STDOUT, STG)#
#2026 06 19 13:10:54.936#Z#DEBUG#1ab74262-6be0-11f1-9c60-eeee0a944cb1.sales-order-backend-db-deployer#flowable-async-job-executor-thread-7822#
[PollStageAppStatusExecution] 282d6190-5c64-4101-ab50-6e41f87acfff [2026-06-19T13:10:47.450024] Uploading complete (STDOUT, STG)#
#2026 06 19 13:10:54.936#Z#DEBUG#1ab74262-6be0-11f1-9c60-eeee0a944cb1.sales-order-backend-db-deployer#flowable-async-job-executor-thread-7822#
[PollStageAppStatusExecution] 282d6190-5c64-4101-ab50-6e41f87acfff [2026-06-19T13:10:48.035397] Cell 684caff8-89cd-492b-be01-b3d0835f1763 stopping instance b36c11ce-7dee-4dd4-878c-1698f17a2876 (STDOUT, STG)#
#2026 06 19 13:10:54.936#Z#DEBUG#1ab74262-6be0-11f1-9c60-eeee0a944cb1.sales-order-backend-db-deployer#flowable-async-job-executor-thread-7822#
[PollStageAppStatusExecution] 282d6190-5c64-4101-ab50-6e41f87acfff [2026-06-19T13:10:48.035437] Cell 684caff8-89cd-492b-be01-b3d0835f1763 destroying container for instance b36c11ce-7dee-4dd4-878c-1698f17a2876 (STDOUT, STG)#
#2026 06 19 13:10:54.936#Z#DEBUG#1ab74262-6be0-11f1-9c60-eeee0a944cb1.sales-order-backend-db-deployer#flowable-async-job-executor-thread-7822#
[PollStageAppStatusExecution] 282d6190-5c64-4101-ab50-6e41f87acfff [2026-06-19T13:10:48.090184] Staging complete for build b36c11ce-7dee-4dd4-878c-1698f17a2876 (STDOUT, API)#
#2026 06 19 13:10:54.936#Z#DEBUG#1ab74262-6be0-11f1-9c60-eeee0a944cb1.sales-order-backend-db-deployer#flowable-async-job-executor-thread-7822#
[PollStageAppStatusExecution] 282d6190-5c64-4101-ab50-6e41f87acfff [2026-06-19T13:10:50.665600] Cell 684caff8-89cd-492b-be01-b3d0835f1763 successfully destroyed container for instance b36c11ce-7dee-4dd4-878c-1698f17a2876 (STDOUT, STG)#
#2026 06 19 13:11:05.314#Z#DEBUG#1ab74262-6be0-11f1-9c60-eeee0a944cb1.sales-order-backend-db-deployer#flowable-async-job-executor-thread-7824#
[PollExecuteTaskStatusExecution] 282d6190-5c64-4101-ab50-6e41f87acfff [2026-06-19T13:09:45.483562] Updated app with guid 282d6190-5c64-4101-ab50-6e41f87acfff ({"lifecycle"=>{"data"=>{"buildpacks"=>["nodejs_buildpack"]}, "type"=>"buildpack"}}) (STDOUT, API)#
#2026 06 19 13:11:05.314#Z#DEBUG#1ab74262-6be0-11f1-9c60-eeee0a944cb1.sales-order-backend-db-deployer#flowable-async-job-executor-thread-7824#
[PollExecuteTaskStatusExecution] 282d6190-5c64-4101-ab50-6e41f87acfff [2026-06-19T13:09:45.571207] Updating process: "web" (STDOUT, API)#
#2026 06 19 13:11:05.314#Z#DEBUG#1ab74262-6be0-11f1-9c60-eeee0a944cb1.sales-order-backend-db-deployer#flowable-async-job-executor-thread-7824#
[PollExecuteTaskStatusExecution] 282d6190-5c64-4101-ab50-6e41f87acfff [2026-06-19T13:09:54.219325] Uploading app package for app with guid 282d6190-5c64-4101-ab50-6e41f87acfff (STDOUT, API)#
#2026 06 19 13:11:05.314#Z#DEBUG#1ab74262-6be0-11f1-9c60-eeee0a944cb1.sales-order-backend-db-deployer#flowable-async-job-executor-thread-7824#
[PollExecuteTaskStatusExecution] 282d6190-5c64-4101-ab50-6e41f87acfff [2026-06-19T13:09:54.439997] Updated app with guid 282d6190-5c64-4101-ab50-6e41f87acfff ({"environment_variables"=>"[PRIVATE DATA HIDDEN]"}) (STDOUT, API)#
#2026 06 19 13:11:05.314#Z#DEBUG#1ab74262-6be0-11f1-9c60-eeee0a944cb1.sales-order-backend-db-deployer#flowable-async-job-executor-thread-7824#
[PollExecuteTaskStatusExecution] 282d6190-5c64-4101-ab50-6e41f87acfff [2026-06-19T13:10:04.605357] Creating build for app with guid 282d6190-5c64-4101-ab50-6e41f87acfff (STDOUT, API)#
#2026 06 19 13:11:05.314#Z#DEBUG#1ab74262-6be0-11f1-9c60-eeee0a944cb1.sales-order-backend-db-deployer#flowable-async-job-executor-thread-7824#
[PollExecuteTaskStatusExecution] 282d6190-5c64-4101-ab50-6e41f87acfff [2026-06-19T13:10:05.063563] Downloading nodejs_buildpack... (STDOUT, STG)#
#2026 06 19 13:11:05.314#Z#DEBUG#1ab74262-6be0-11f1-9c60-eeee0a944cb1.sales-order-backend-db-deployer#flowable-async-job-executor-thread-7824#
[PollExecuteTaskStatusExecution] 282d6190-5c64-4101-ab50-6e41f87acfff [2026-06-19T13:10:05.125608] Downloaded nodejs_buildpack (STDOUT, STG)#
#2026 06 19 13:11:05.314#Z#DEBUG#1ab74262-6be0-11f1-9c60-eeee0a944cb1.sales-order-backend-db-deployer#flowable-async-job-executor-thread-7824#
[PollExecuteTaskStatusExecution] 282d6190-5c64-4101-ab50-6e41f87acfff [2026-06-19T13:10:05.125704] Cell 684caff8-89cd-492b-be01-b3d0835f1763 creating container for instance b36c11ce-7dee-4dd4-878c-1698f17a2876 (STDOUT, STG)#
#2026 06 19 13:11:05.314#Z#DEBUG#1ab74262-6be0-11f1-9c60-eeee0a944cb1.sales-order-backend-db-deployer#flowable-async-job-executor-thread-7824#
[PollExecuteTaskStatusExecution] 282d6190-5c64-4101-ab50-6e41f87acfff [2026-06-19T13:10:06.870513] Security group rules were updated (STDOUT, STG)#
#2026 06 19 13:11:05.314#Z#DEBUG#1ab74262-6be0-11f1-9c60-eeee0a944cb1.sales-order-backend-db-deployer#flowable-async-job-executor-thread-7824#
[PollExecuteTaskStatusExecution] 282d6190-5c64-4101-ab50-6e41f87acfff [2026-06-19T13:10:07.025681] Cell 684caff8-89cd-492b-be01-b3d0835f1763 successfully created container for instance b36c11ce-7dee-4dd4-878c-1698f17a2876 (STDOUT, STG)#
#2026 06 19 13:11:05.314#Z#DEBUG#1ab74262-6be0-11f1-9c60-eeee0a944cb1.sales-order-backend-db-deployer#flowable-async-job-executor-thread-7824#
[PollExecuteTaskStatusExecution] 282d6190-5c64-4101-ab50-6e41f87acfff [2026-06-19T13:10:07.502789] Downloading app package... (STDOUT, STG)#
#2026 06 19 13:11:05.314#Z#DEBUG#1ab74262-6be0-11f1-9c60-eeee0a944cb1.sales-order-backend-db-deployer#flowable-async-job-executor-thread-7824#
[PollExecuteTaskStatusExecution] 282d6190-5c64-4101-ab50-6e41f87acfff [2026-06-19T13:10:07.503175] Downloading build artifacts cache... (STDOUT, STG)#
#2026 06 19 13:11:05.314#Z#DEBUG#1ab74262-6be0-11f1-9c60-eeee0a944cb1.sales-order-backend-db-deployer#flowable-async-job-executor-thread-7824#
[PollExecuteTaskStatusExecution] 282d6190-5c64-4101-ab50-6e41f87acfff [2026-06-19T13:10:07.573562] Downloaded app package (25K) (STDOUT, STG)#
#2026 06 19 13:11:05.314#Z#DEBUG#1ab74262-6be0-11f1-9c60-eeee0a944cb1.sales-order-backend-db-deployer#flowable-async-job-executor-thread-7824#
[PollExecuteTaskStatusExecution] 282d6190-5c64-4101-ab50-6e41f87acfff [2026-06-19T13:10:07.732379] Downloaded build artifacts cache (1.6M) (STDOUT, STG)#
#2026 06 19 13:11:05.314#Z#DEBUG#1ab74262-6be0-11f1-9c60-eeee0a944cb1.sales-order-backend-db-deployer#flowable-async-job-executor-thread-7824#
[PollExecuteTaskStatusExecution] 282d6190-5c64-4101-ab50-6e41f87acfff [2026-06-19T13:10:07.854690] -----> Nodejs Buildpack version 1.9.1 (STDOUT, STG)#
#2026 06 19 13:11:05.314#Z#DEBUG#1ab74262-6be0-11f1-9c60-eeee0a944cb1.sales-order-backend-db-deployer#flowable-async-job-executor-thread-7824#
[PollExecuteTaskStatusExecution] 282d6190-5c64-4101-ab50-6e41f87acfff [2026-06-19T13:10:07.856451] -----> Bootstrapping python (STDOUT, STG)#
#2026 06 19 13:11:05.314#Z#DEBUG#1ab74262-6be0-11f1-9c60-eeee0a944cb1.sales-order-backend-db-deployer#flowable-async-job-executor-thread-7824#
[PollExecuteTaskStatusExecution] 282d6190-5c64-4101-ab50-6e41f87acfff [2026-06-19T13:10:07.856473] -----> Installing python 3.13.13 (STDOUT, STG)#
#2026 06 19 13:11:05.314#Z#DEBUG#1ab74262-6be0-11f1-9c60-eeee0a944cb1.sales-order-backend-db-deployer#flowable-async-job-executor-thread-7824#
[PollExecuteTaskStatusExecution] 282d6190-5c64-4101-ab50-6e41f87acfff [2026-06-19T13:10:07.856738] Copy [/tmp/buildpacks/ac648aa71a7866ca/dependencies/268a5e3743d51a14b86ea9da64439307/python_3.13.13_linux_x64_cflinuxfs4_8311abbf.tgz] (STDOUT, STG)#
#2026 06 19 13:11:05.314#Z#DEBUG#1ab74262-6be0-11f1-9c60-eeee0a944cb1.sales-order-backend-db-deployer#flowable-async-job-executor-thread-7824#
[PollExecuteTaskStatusExecution] 282d6190-5c64-4101-ab50-6e41f87acfff [2026-06-19T13:10:12.127570] -----> Installing binaries (STDOUT, STG)#
#2026 06 19 13:11:05.314#Z#DEBUG#1ab74262-6be0-11f1-9c60-eeee0a944cb1.sales-order-backend-db-deployer#flowable-async-job-executor-thread-7824#
[PollExecuteTaskStatusExecution] 282d6190-5c64-4101-ab50-6e41f87acfff [2026-06-19T13:10:12.127758] engines.node (package.json): ^20 || ^22 || ^24 (STDOUT, STG)#
#2026 06 19 13:11:05.314#Z#DEBUG#1ab74262-6be0-11f1-9c60-eeee0a944cb1.sales-order-backend-db-deployer#flowable-async-job-executor-thread-7824#
[PollExecuteTaskStatusExecution] 282d6190-5c64-4101-ab50-6e41f87acfff [2026-06-19T13:10:12.127776] engines.npm (package.json): unspecified (use default) (STDOUT, STG)#
#2026 06 19 13:11:05.314#Z#DEBUG#1ab74262-6be0-11f1-9c60-eeee0a944cb1.sales-order-backend-db-deployer#flowable-async-job-executor-thread-7824#
[PollExecuteTaskStatusExecution] 282d6190-5c64-4101-ab50-6e41f87acfff [2026-06-19T13:10:12.127987] -----> Installing node 24.15.0 (STDOUT, STG)#
#2026 06 19 13:11:05.314#Z#DEBUG#1ab74262-6be0-11f1-9c60-eeee0a944cb1.sales-order-backend-db-deployer#flowable-async-job-executor-thread-7824#
[PollExecuteTaskStatusExecution] 282d6190-5c64-4101-ab50-6e41f87acfff [2026-06-19T13:10:12.128232] Copy [/tmp/buildpacks/ac648aa71a7866ca/dependencies/6441e97e6386f47ec4c16cfdf8db0a17/node_24.15.0_linux_x64_cflinuxfs4_1a62d98b.tgz] (STDOUT, STG)#
#2026 06 19 13:11:05.314#Z#DEBUG#1ab74262-6be0-11f1-9c60-eeee0a944cb1.sales-order-backend-db-deployer#flowable-async-job-executor-thread-7824#
[PollExecuteTaskStatusExecution] 282d6190-5c64-4101-ab50-6e41f87acfff [2026-06-19T13:10:14.762834] Using default npm version: 11.12.1 (STDOUT, STG)#
#2026 06 19 13:11:05.314#Z#DEBUG#1ab74262-6be0-11f1-9c60-eeee0a944cb1.sales-order-backend-db-deployer#flowable-async-job-executor-thread-7824#
[PollExecuteTaskStatusExecution] 282d6190-5c64-4101-ab50-6e41f87acfff [2026-06-19T13:10:14.762858] -----> Installing yarn 1.22.22 (STDOUT, STG)#
#2026 06 19 13:11:05.314#Z#DEBUG#1ab74262-6be0-11f1-9c60-eeee0a944cb1.sales-order-backend-db-deployer#flowable-async-job-executor-thread-7824#
[PollExecuteTaskStatusExecution] 282d6190-5c64-4101-ab50-6e41f87acfff [2026-06-19T13:10:14.763044] Copy [/tmp/buildpacks/ac648aa71a7866ca/dependencies/e4fe26756e9984a665478d350474fa2e/yarn_1.22.22_linux_noarch_any-stack_b6132b86.tgz] (STDOUT, STG)#
#2026 06 19 13:11:05.314#Z#DEBUG#1ab74262-6be0-11f1-9c60-eeee0a944cb1.sales-order-backend-db-deployer#flowable-async-job-executor-thread-7824#
[PollExecuteTaskStatusExecution] 282d6190-5c64-4101-ab50-6e41f87acfff [2026-06-19T13:10:15.161943] Installed yarn 1.22.22 (STDOUT, STG)#
#2026 06 19 13:11:05.314#Z#DEBUG#1ab74262-6be0-11f1-9c60-eeee0a944cb1.sales-order-backend-db-deployer#flowable-async-job-executor-thread-7824#
[PollExecuteTaskStatusExecution] 282d6190-5c64-4101-ab50-6e41f87acfff [2026-06-19T13:10:15.161972] -----> Creating runtime environment (STDOUT, STG)#
#2026 06 19 13:11:05.314#Z#DEBUG#1ab74262-6be0-11f1-9c60-eeee0a944cb1.sales-order-backend-db-deployer#flowable-async-job-executor-thread-7824#
[PollExecuteTaskStatusExecution] 282d6190-5c64-4101-ab50-6e41f87acfff [2026-06-19T13:10:15.163503] [34;1mPRO TIP:[0m It is recommended to vendor the application's Node.js dependencies (STDOUT, STG)#
#2026 06 19 13:11:05.314#Z#DEBUG#1ab74262-6be0-11f1-9c60-eeee0a944cb1.sales-order-backend-db-deployer#flowable-async-job-executor-thread-7824#
[PollExecuteTaskStatusExecution] 282d6190-5c64-4101-ab50-6e41f87acfff [2026-06-19T13:10:15.163521] Visit http://docs.cloudfoundry.org/buildpacks/node/index.html#vendoring (STDOUT, STG)#
#2026 06 19 13:11:05.314#Z#DEBUG#1ab74262-6be0-11f1-9c60-eeee0a944cb1.sales-order-backend-db-deployer#flowable-async-job-executor-thread-7824#
[PollExecuteTaskStatusExecution] 282d6190-5c64-4101-ab50-6e41f87acfff [2026-06-19T13:10:15.163537] NODE_ENV=production (STDOUT, STG)#
#2026 06 19 13:11:05.314#Z#DEBUG#1ab74262-6be0-11f1-9c60-eeee0a944cb1.sales-order-backend-db-deployer#flowable-async-job-executor-thread-7824#
[PollExecuteTaskStatusExecution] 282d6190-5c64-4101-ab50-6e41f87acfff [2026-06-19T13:10:15.163543] NODE_HOME=/tmp/contents3183906003/deps/0/node (STDOUT, STG)#
#2026 06 19 13:11:05.314#Z#DEBUG#1ab74262-6be0-11f1-9c60-eeee0a944cb1.sales-order-backend-db-deployer#flowable-async-job-executor-thread-7824#
[PollExecuteTaskStatusExecution] 282d6190-5c64-4101-ab50-6e41f87acfff [2026-06-19T13:10:15.163545] NODE_MODULES_CACHE=true (STDOUT, STG)#
#2026 06 19 13:11:05.314#Z#DEBUG#1ab74262-6be0-11f1-9c60-eeee0a944cb1.sales-order-backend-db-deployer#flowable-async-job-executor-thread-7824#
[PollExecuteTaskStatusExecution] 282d6190-5c64-4101-ab50-6e41f87acfff [2026-06-19T13:10:15.163548] NODE_VERBOSE=false (STDOUT, STG)#
#2026 06 19 13:11:05.314#Z#DEBUG#1ab74262-6be0-11f1-9c60-eeee0a944cb1.sales-order-backend-db-deployer#flowable-async-job-executor-thread-7824#
[PollExecuteTaskStatusExecution] 282d6190-5c64-4101-ab50-6e41f87acfff [2026-06-19T13:10:15.163551] NPM_CONFIG_LOGLEVEL=error (STDOUT, STG)#
#2026 06 19 13:11:05.314#Z#DEBUG#1ab74262-6be0-11f1-9c60-eeee0a944cb1.sales-order-backend-db-deployer#flowable-async-job-executor-thread-7824#
[PollExecuteTaskStatusExecution] 282d6190-5c64-4101-ab50-6e41f87acfff [2026-06-19T13:10:15.163556] NPM_CONFIG_PRODUCTION=true (STDOUT, STG)#
#2026 06 19 13:11:05.314#Z#DEBUG#1ab74262-6be0-11f1-9c60-eeee0a944cb1.sales-order-backend-db-deployer#flowable-async-job-executor-thread-7824#
[PollExecuteTaskStatusExecution] 282d6190-5c64-4101-ab50-6e41f87acfff [2026-06-19T13:10:15.163689] -----> Building dependencies (STDOUT, STG)#
#2026 06 19 13:11:05.314#Z#DEBUG#1ab74262-6be0-11f1-9c60-eeee0a944cb1.sales-order-backend-db-deployer#flowable-async-job-executor-thread-7824#
[PollExecuteTaskStatusExecution] 282d6190-5c64-4101-ab50-6e41f87acfff [2026-06-19T13:10:15.163700] Installing node modules (yarn.lock) (STDOUT, STG)#
#2026 06 19 13:11:05.314#Z#DEBUG#1ab74262-6be0-11f1-9c60-eeee0a944cb1.sales-order-backend-db-deployer#flowable-async-job-executor-thread-7824#
[PollExecuteTaskStatusExecution] 282d6190-5c64-4101-ab50-6e41f87acfff [2026-06-19T13:10:15.163705] Running yarn in online mode (STDOUT, STG)#
#2026 06 19 13:11:05.314#Z#DEBUG#1ab74262-6be0-11f1-9c60-eeee0a944cb1.sales-order-backend-db-deployer#flowable-async-job-executor-thread-7824#
[PollExecuteTaskStatusExecution] 282d6190-5c64-4101-ab50-6e41f87acfff [2026-06-19T13:10:15.163708] To run yarn in offline mode, see: https://yarnpkg.com/blog/2016/11/24/offline-mirror (STDOUT, STG)#
#2026 06 19 13:11:05.314#Z#DEBUG#1ab74262-6be0-11f1-9c60-eeee0a944cb1.sales-order-backend-db-deployer#flowable-async-job-executor-thread-7824#
[PollExecuteTaskStatusExecution] 282d6190-5c64-4101-ab50-6e41f87acfff [2026-06-19T13:10:15.387518] warning package.json: No license field (STDERR, STG)#
#2026 06 19 13:11:05.314#Z#DEBUG#1ab74262-6be0-11f1-9c60-eeee0a944cb1.sales-order-backend-db-deployer#flowable-async-job-executor-thread-7824#
[PollExecuteTaskStatusExecution] 282d6190-5c64-4101-ab50-6e41f87acfff [2026-06-19T13:10:15.649196] warning package.json: No license field (STDERR, STG)#
#2026 06 19 13:11:05.314#Z#DEBUG#1ab74262-6be0-11f1-9c60-eeee0a944cb1.sales-order-backend-db-deployer#flowable-async-job-executor-thread-7824#
[PollExecuteTaskStatusExecution] 282d6190-5c64-4101-ab50-6e41f87acfff [2026-06-19T13:10:15.897167] yarn install v1.22.22 (STDOUT, STG)#
#2026 06 19 13:11:05.314#Z#DEBUG#1ab74262-6be0-11f1-9c60-eeee0a944cb1.sales-order-backend-db-deployer#flowable-async-job-executor-thread-7824#
[PollExecuteTaskStatusExecution] 282d6190-5c64-4101-ab50-6e41f87acfff [2026-06-19T13:10:15.909147] warning package.json: No license field (STDOUT, STG)#
#2026 06 19 13:11:05.314#Z#DEBUG#1ab74262-6be0-11f1-9c60-eeee0a944cb1.sales-order-backend-db-deployer#flowable-async-job-executor-thread-7824#
[PollExecuteTaskStatusExecution] 282d6190-5c64-4101-ab50-6e41f87acfff [2026-06-19T13:10:15.923680] warning package-lock.json found. Your project contains lock files generated by tools other than Yarn. It is advised not to mix package managers in order to avoid resolution inconsistencies caused by unsynchronized lock files. To clear this warning, remove package-lock.json. (STDOUT, STG)#
#2026 06 19 13:11:05.314#Z#DEBUG#1ab74262-6be0-11f1-9c60-eeee0a944cb1.sales-order-backend-db-deployer#flowable-async-job-executor-thread-7824#
[PollExecuteTaskStatusExecution] 282d6190-5c64-4101-ab50-6e41f87acfff [2026-06-19T13:10:15.924753] warning deploy: No license field (STDOUT, STG)#
#2026 06 19 13:11:05.314#Z#DEBUG#1ab74262-6be0-11f1-9c60-eeee0a944cb1.sales-order-backend-db-deployer#flowable-async-job-executor-thread-7824#
[PollExecuteTaskStatusExecution] 282d6190-5c64-4101-ab50-6e41f87acfff [2026-06-19T13:10:15.929009] [1/4] Resolving packages... (STDOUT, STG)#
#2026 06 19 13:11:05.314#Z#DEBUG#1ab74262-6be0-11f1-9c60-eeee0a944cb1.sales-order-backend-db-deployer#flowable-async-job-executor-thread-7824#
[PollExecuteTaskStatusExecution] 282d6190-5c64-4101-ab50-6e41f87acfff [2026-06-19T13:10:15.962141] (node:99) [DEP0169] DeprecationWarning: `url.parse()` behavior is not standardized and prone to errors that have security implications. Use the WHATWG URL API instead. CVEs are not issued for `url.parse()` vulnerabilities. (STDOUT, STG)#
#2026 06 19 13:11:05.314#Z#DEBUG#1ab74262-6be0-11f1-9c60-eeee0a944cb1.sales-order-backend-db-deployer#flowable-async-job-executor-thread-7824#
[PollExecuteTaskStatusExecution] 282d6190-5c64-4101-ab50-6e41f87acfff [2026-06-19T13:10:15.962178] (Use `node --trace-deprecation ...` to show where the warning was created) (STDOUT, STG)#
#2026 06 19 13:11:05.314#Z#DEBUG#1ab74262-6be0-11f1-9c60-eeee0a944cb1.sales-order-backend-db-deployer#flowable-async-job-executor-thread-7824#
[PollExecuteTaskStatusExecution] 282d6190-5c64-4101-ab50-6e41f87acfff [2026-06-19T13:10:16.068567] [2/4] Fetching packages... (STDOUT, STG)#
#2026 06 19 13:11:05.314#Z#DEBUG#1ab74262-6be0-11f1-9c60-eeee0a944cb1.sales-order-backend-db-deployer#flowable-async-job-executor-thread-7824#
[PollExecuteTaskStatusExecution] 282d6190-5c64-4101-ab50-6e41f87acfff [2026-06-19T13:10:17.740527] [3/4] Linking dependencies... (STDOUT, STG)#
#2026 06 19 13:11:05.314#Z#DEBUG#1ab74262-6be0-11f1-9c60-eeee0a944cb1.sales-order-backend-db-deployer#flowable-async-job-executor-thread-7824#
[PollExecuteTaskStatusExecution] 282d6190-5c64-4101-ab50-6e41f87acfff [2026-06-19T13:10:18.134850] [4/4] Building fresh packages... (STDOUT, STG)#
#2026 06 19 13:11:05.314#Z#DEBUG#1ab74262-6be0-11f1-9c60-eeee0a944cb1.sales-order-backend-db-deployer#flowable-async-job-executor-thread-7824#
[PollExecuteTaskStatusExecution] 282d6190-5c64-4101-ab50-6e41f87acfff [2026-06-19T13:10:18.436421] Done in 2.54s. (STDOUT, STG)#
#2026 06 19 13:11:05.314#Z#DEBUG#1ab74262-6be0-11f1-9c60-eeee0a944cb1.sales-order-backend-db-deployer#flowable-async-job-executor-thread-7824#
[PollExecuteTaskStatusExecution] 282d6190-5c64-4101-ab50-6e41f87acfff [2026-06-19T13:10:19.134466] [31;1m**WARNING**[0m Unmet dependencies don't fail yarn install but may cause runtime issues (STDOUT, STG)#
#2026 06 19 13:11:05.314#Z#DEBUG#1ab74262-6be0-11f1-9c60-eeee0a944cb1.sales-order-backend-db-deployer#flowable-async-job-executor-thread-7824#
[PollExecuteTaskStatusExecution] 282d6190-5c64-4101-ab50-6e41f87acfff [2026-06-19T13:10:19.134506] See: https://github.com/npm/npm/issues/7494 (STDOUT, STG)#
#2026 06 19 13:11:05.314#Z#DEBUG#1ab74262-6be0-11f1-9c60-eeee0a944cb1.sales-order-backend-db-deployer#flowable-async-job-executor-thread-7824#
[PollExecuteTaskStatusExecution] 282d6190-5c64-4101-ab50-6e41f87acfff [2026-06-19T13:10:19.172432] Contrast Security no credentials found. Will not write environment files. (STDOUT, STG)#
#2026 06 19 13:11:05.314#Z#DEBUG#1ab74262-6be0-11f1-9c60-eeee0a944cb1.sales-order-backend-db-deployer#flowable-async-job-executor-thread-7824#
[PollExecuteTaskStatusExecution] 282d6190-5c64-4101-ab50-6e41f87acfff [2026-06-19T13:10:41.044084] Exit status 0 (STDOUT, STG)#
#2026 06 19 13:11:05.314#Z#DEBUG#1ab74262-6be0-11f1-9c60-eeee0a944cb1.sales-order-backend-db-deployer#flowable-async-job-executor-thread-7824#
[PollExecuteTaskStatusExecution] 282d6190-5c64-4101-ab50-6e41f87acfff [2026-06-19T13:10:41.044154] Uploading droplet, build artifacts cache... (STDOUT, STG)#
#2026 06 19 13:11:05.314#Z#DEBUG#1ab74262-6be0-11f1-9c60-eeee0a944cb1.sales-order-backend-db-deployer#flowable-async-job-executor-thread-7824#
[PollExecuteTaskStatusExecution] 282d6190-5c64-4101-ab50-6e41f87acfff [2026-06-19T13:10:41.044206] Uploading droplet... (STDOUT, STG)#
#2026 06 19 13:11:05.314#Z#DEBUG#1ab74262-6be0-11f1-9c60-eeee0a944cb1.sales-order-backend-db-deployer#flowable-async-job-executor-thread-7824#
[PollExecuteTaskStatusExecution] 282d6190-5c64-4101-ab50-6e41f87acfff [2026-06-19T13:10:41.044257] Uploading build artifacts cache... (STDOUT, STG)#
#2026 06 19 13:11:05.314#Z#DEBUG#1ab74262-6be0-11f1-9c60-eeee0a944cb1.sales-order-backend-db-deployer#flowable-async-job-executor-thread-7824#
[PollExecuteTaskStatusExecution] 282d6190-5c64-4101-ab50-6e41f87acfff [2026-06-19T13:10:42.308573] Creating droplet for app with guid 282d6190-5c64-4101-ab50-6e41f87acfff (STDOUT, API)#
#2026 06 19 13:11:05.314#Z#DEBUG#1ab74262-6be0-11f1-9c60-eeee0a944cb1.sales-order-backend-db-deployer#flowable-async-job-executor-thread-7824#
[PollExecuteTaskStatusExecution] 282d6190-5c64-4101-ab50-6e41f87acfff [2026-06-19T13:10:42.627108] Uploaded build artifacts cache (120.5M) (STDOUT, STG)#
#2026 06 19 13:11:05.314#Z#DEBUG#1ab74262-6be0-11f1-9c60-eeee0a944cb1.sales-order-backend-db-deployer#flowable-async-job-executor-thread-7824#
[PollExecuteTaskStatusExecution] 282d6190-5c64-4101-ab50-6e41f87acfff [2026-06-19T13:10:47.413541] Uploaded droplet (95.9M) (STDOUT, STG)#
#2026 06 19 13:11:05.314#Z#DEBUG#1ab74262-6be0-11f1-9c60-eeee0a944cb1.sales-order-backend-db-deployer#flowable-async-job-executor-thread-7824#
[PollExecuteTaskStatusExecution] 282d6190-5c64-4101-ab50-6e41f87acfff [2026-06-19T13:10:47.450024] Uploading complete (STDOUT, STG)#
#2026 06 19 13:11:05.314#Z#DEBUG#1ab74262-6be0-11f1-9c60-eeee0a944cb1.sales-order-backend-db-deployer#flowable-async-job-executor-thread-7824#
[PollExecuteTaskStatusExecution] 282d6190-5c64-4101-ab50-6e41f87acfff [2026-06-19T13:10:48.035397] Cell 684caff8-89cd-492b-be01-b3d0835f1763 stopping instance b36c11ce-7dee-4dd4-878c-1698f17a2876 (STDOUT, STG)#
#2026 06 19 13:11:05.314#Z#DEBUG#1ab74262-6be0-11f1-9c60-eeee0a944cb1.sales-order-backend-db-deployer#flowable-async-job-executor-thread-7824#
[PollExecuteTaskStatusExecution] 282d6190-5c64-4101-ab50-6e41f87acfff [2026-06-19T13:10:48.035437] Cell 684caff8-89cd-492b-be01-b3d0835f1763 destroying container for instance b36c11ce-7dee-4dd4-878c-1698f17a2876 (STDOUT, STG)#
#2026 06 19 13:11:05.314#Z#DEBUG#1ab74262-6be0-11f1-9c60-eeee0a944cb1.sales-order-backend-db-deployer#flowable-async-job-executor-thread-7824#
[PollExecuteTaskStatusExecution] 282d6190-5c64-4101-ab50-6e41f87acfff [2026-06-19T13:10:48.090184] Staging complete for build b36c11ce-7dee-4dd4-878c-1698f17a2876 (STDOUT, API)#
#2026 06 19 13:11:05.314#Z#DEBUG#1ab74262-6be0-11f1-9c60-eeee0a944cb1.sales-order-backend-db-deployer#flowable-async-job-executor-thread-7824#
[PollExecuteTaskStatusExecution] 282d6190-5c64-4101-ab50-6e41f87acfff [2026-06-19T13:10:50.665600] Cell 684caff8-89cd-492b-be01-b3d0835f1763 successfully destroyed container for instance b36c11ce-7dee-4dd4-878c-1698f17a2876 (STDOUT, STG)#
#2026 06 19 13:11:05.314#Z#DEBUG#1ab74262-6be0-11f1-9c60-eeee0a944cb1.sales-order-backend-db-deployer#flowable-async-job-executor-thread-7824#
[PollExecuteTaskStatusExecution] 282d6190-5c64-4101-ab50-6e41f87acfff [2026-06-19T13:10:55.007629] Updated app with guid 282d6190-5c64-4101-ab50-6e41f87acfff ({:droplet_guid=>"b0d5b67c-63d5-4e77-9acb-2f3b7a896e77"}) (STDOUT, API)#
#2026 06 19 13:11:05.314#Z#DEBUG#1ab74262-6be0-11f1-9c60-eeee0a944cb1.sales-order-backend-db-deployer#flowable-async-job-executor-thread-7824#
[PollExecuteTaskStatusExecution] 282d6190-5c64-4101-ab50-6e41f87acfff [2026-06-19T13:10:55.841341] Cell 684caff8-89cd-492b-be01-b3d0835f1763 creating container for instance 626ece13-961c-40b5-8e1e-afed8522b0d1 (STDOUT, CELL)#
#2026 06 19 13:11:05.314#Z#DEBUG#1ab74262-6be0-11f1-9c60-eeee0a944cb1.sales-order-backend-db-deployer#flowable-async-job-executor-thread-7824#
[PollExecuteTaskStatusExecution] 282d6190-5c64-4101-ab50-6e41f87acfff [2026-06-19T13:10:57.889570] Security group rules were updated (STDOUT, CELL)#
#2026 06 19 13:11:05.314#Z#DEBUG#1ab74262-6be0-11f1-9c60-eeee0a944cb1.sales-order-backend-db-deployer#flowable-async-job-executor-thread-7824#
[PollExecuteTaskStatusExecution] 282d6190-5c64-4101-ab50-6e41f87acfff [2026-06-19T13:10:58.112943] Cell 684caff8-89cd-492b-be01-b3d0835f1763 successfully created container for instance 626ece13-961c-40b5-8e1e-afed8522b0d1 (STDOUT, CELL)#
#2026 06 19 13:11:15.409#Z#DEBUG#1ab74262-6be0-11f1-9c60-eeee0a944cb1.sales-order-backend-db-deployer#flowable-async-job-executor-thread-7834#
[PollExecuteTaskStatusExecution] 282d6190-5c64-4101-ab50-6e41f87acfff [2026-06-19T13:11:06.447495] Invoking pre-start scripts. (STDOUT, APP/TASK/deploy)#
#2026 06 19 13:11:15.409#Z#DEBUG#1ab74262-6be0-11f1-9c60-eeee0a944cb1.sales-order-backend-db-deployer#flowable-async-job-executor-thread-7834#
[PollExecuteTaskStatusExecution] 282d6190-5c64-4101-ab50-6e41f87acfff [2026-06-19T13:11:06.659311] Invoking start command. (STDOUT, APP/TASK/deploy)#
#2026 06 19 13:11:15.409#Z#DEBUG#1ab74262-6be0-11f1-9c60-eeee0a944cb1.sales-order-backend-db-deployer#flowable-async-job-executor-thread-7834#
[PollExecuteTaskStatusExecution] 282d6190-5c64-4101-ab50-6e41f87acfff [2026-06-19T13:11:07.162992] > start (STDOUT, APP/TASK/deploy)#
#2026 06 19 13:11:15.409#Z#DEBUG#1ab74262-6be0-11f1-9c60-eeee0a944cb1.sales-order-backend-db-deployer#flowable-async-job-executor-thread-7834#
[PollExecuteTaskStatusExecution] 282d6190-5c64-4101-ab50-6e41f87acfff [2026-06-19T13:11:07.163022] > node node_modules/@sap/hdi-deploy/deploy.js --auto-undeploy (STDOUT, APP/TASK/deploy)#
#2026 06 19 13:11:15.409#Z#DEBUG#1ab74262-6be0-11f1-9c60-eeee0a944cb1.sales-order-backend-db-deployer#flowable-async-job-executor-thread-7834#
[PollExecuteTaskStatusExecution] 282d6190-5c64-4101-ab50-6e41f87acfff [2026-06-19T13:11:07.381766] VCAP_SERVICES: (STDOUT, APP/TASK/deploy)#
#2026 06 19 13:11:15.409#Z#DEBUG#1ab74262-6be0-11f1-9c60-eeee0a944cb1.sales-order-backend-db-deployer#flowable-async-job-executor-thread-7834#
[PollExecuteTaskStatusExecution] 282d6190-5c64-4101-ab50-6e41f87acfff [2026-06-19T13:11:07.381895] { (STDOUT, APP/TASK/deploy)#
#2026 06 19 13:11:15.409#Z#DEBUG#1ab74262-6be0-11f1-9c60-eeee0a944cb1.sales-order-backend-db-deployer#flowable-async-job-executor-thread-7834#
[PollExecuteTaskStatusExecution] 282d6190-5c64-4101-ab50-6e41f87acfff [2026-06-19T13:11:07.381916] "hana": [ (STDOUT, APP/TASK/deploy)#
#2026 06 19 13:11:15.409#Z#DEBUG#1ab74262-6be0-11f1-9c60-eeee0a944cb1.sales-order-backend-db-deployer#flowable-async-job-executor-thread-7834#
[PollExecuteTaskStatusExecution] 282d6190-5c64-4101-ab50-6e41f87acfff [2026-06-19T13:11:07.381919] { (STDOUT, APP/TASK/deploy)#
#2026 06 19 13:11:15.409#Z#DEBUG#1ab74262-6be0-11f1-9c60-eeee0a944cb1.sales-order-backend-db-deployer#flowable-async-job-executor-thread-7834#
[PollExecuteTaskStatusExecution] 282d6190-5c64-4101-ab50-6e41f87acfff [2026-06-19T13:11:07.381925] "name": "sales-order-backend-db", (STDOUT, APP/TASK/deploy)#
#2026 06 19 13:11:15.409#Z#DEBUG#1ab74262-6be0-11f1-9c60-eeee0a944cb1.sales-order-backend-db-deployer#flowable-async-job-executor-thread-7834#
[PollExecuteTaskStatusExecution] 282d6190-5c64-4101-ab50-6e41f87acfff [2026-06-19T13:11:07.381929] "label": "hana", (STDOUT, APP/TASK/deploy)#
#2026 06 19 13:11:15.409#Z#DEBUG#1ab74262-6be0-11f1-9c60-eeee0a944cb1.sales-order-backend-db-deployer#flowable-async-job-executor-thread-7834#
[PollExecuteTaskStatusExecution] 282d6190-5c64-4101-ab50-6e41f87acfff [2026-06-19T13:11:07.381933] "plan": "hdi-shared", (STDOUT, APP/TASK/deploy)#
#2026 06 19 13:11:15.409#Z#DEBUG#1ab74262-6be0-11f1-9c60-eeee0a944cb1.sales-order-backend-db-deployer#flowable-async-job-executor-thread-7834#
[PollExecuteTaskStatusExecution] 282d6190-5c64-4101-ab50-6e41f87acfff [2026-06-19T13:11:07.381936] "credentials": { (STDOUT, APP/TASK/deploy)#
#2026 06 19 13:11:15.409#Z#DEBUG#1ab74262-6be0-11f1-9c60-eeee0a944cb1.sales-order-backend-db-deployer#flowable-async-job-executor-thread-7834#
[PollExecuteTaskStatusExecution] 282d6190-5c64-4101-ab50-6e41f87acfff [2026-06-19T13:11:07.381959] "schema": "SALESORDERDB", (STDOUT, APP/TASK/deploy)#
#2026 06 19 13:11:15.409#Z#DEBUG#1ab74262-6be0-11f1-9c60-eeee0a944cb1.sales-order-backend-db-deployer#flowable-async-job-executor-thread-7834#
[PollExecuteTaskStatusExecution] 282d6190-5c64-4101-ab50-6e41f87acfff [2026-06-19T13:11:07.381962] "database_id": "1305073e-32b9-4df8-a516-59594d23df86", (STDOUT, APP/TASK/deploy)#
#2026 06 19 13:11:15.409#Z#DEBUG#1ab74262-6be0-11f1-9c60-eeee0a944cb1.sales-order-backend-db-deployer#flowable-async-job-executor-thread-7834#
[PollExecuteTaskStatusExecution] 282d6190-5c64-4101-ab50-6e41f87acfff [2026-06-19T13:11:07.381964] "user": "SALESORDERDB_C44QOG6BBW860HTKSC1CRBT5L_RT", (STDOUT, APP/TASK/deploy)#
#2026 06 19 13:11:15.409#Z#DEBUG#1ab74262-6be0-11f1-9c60-eeee0a944cb1.sales-order-backend-db-deployer#flowable-async-job-executor-thread-7834#
[PollExecuteTaskStatusExecution] 282d6190-5c64-4101-ab50-6e41f87acfff [2026-06-19T13:11:07.381967] "hdi_user": "SALESORDERDB_C44QOG6BBW860HTKSC1CRBT5L_DT" (STDOUT, APP/TASK/deploy)#
#2026 06 19 13:11:15.409#Z#DEBUG#1ab74262-6be0-11f1-9c60-eeee0a944cb1.sales-order-backend-db-deployer#flowable-async-job-executor-thread-7834#
[PollExecuteTaskStatusExecution] 282d6190-5c64-4101-ab50-6e41f87acfff [2026-06-19T13:11:07.381969] }, (STDOUT, APP/TASK/deploy)#
#2026 06 19 13:11:15.409#Z#DEBUG#1ab74262-6be0-11f1-9c60-eeee0a944cb1.sales-order-backend-db-deployer#flowable-async-job-executor-thread-7834#
[PollExecuteTaskStatusExecution] 282d6190-5c64-4101-ab50-6e41f87acfff [2026-06-19T13:11:07.381971] "tags": [ (STDOUT, APP/TASK/deploy)#
#2026 06 19 13:11:15.409#Z#DEBUG#1ab74262-6be0-11f1-9c60-eeee0a944cb1.sales-order-backend-db-deployer#flowable-async-job-executor-thread-7834#
[PollExecuteTaskStatusExecution] 282d6190-5c64-4101-ab50-6e41f87acfff [2026-06-19T13:11:07.381973] "hana", (STDOUT, APP/TASK/deploy)#
#2026 06 19 13:11:15.409#Z#DEBUG#1ab74262-6be0-11f1-9c60-eeee0a944cb1.sales-order-backend-db-deployer#flowable-async-job-executor-thread-7834#
[PollExecuteTaskStatusExecution] 282d6190-5c64-4101-ab50-6e41f87acfff [2026-06-19T13:11:07.381979] "database", (STDOUT, APP/TASK/deploy)#
#2026 06 19 13:11:15.409#Z#DEBUG#1ab74262-6be0-11f1-9c60-eeee0a944cb1.sales-order-backend-db-deployer#flowable-async-job-executor-thread-7834#
[PollExecuteTaskStatusExecution] 282d6190-5c64-4101-ab50-6e41f87acfff [2026-06-19T13:11:07.381983] "relational" (STDOUT, APP/TASK/deploy)#
#2026 06 19 13:11:15.409#Z#DEBUG#1ab74262-6be0-11f1-9c60-eeee0a944cb1.sales-order-backend-db-deployer#flowable-async-job-executor-thread-7834#
[PollExecuteTaskStatusExecution] 282d6190-5c64-4101-ab50-6e41f87acfff [2026-06-19T13:11:07.381986] ] (STDOUT, APP/TASK/deploy)#
#2026 06 19 13:11:15.409#Z#DEBUG#1ab74262-6be0-11f1-9c60-eeee0a944cb1.sales-order-backend-db-deployer#flowable-async-job-executor-thread-7834#
[PollExecuteTaskStatusExecution] 282d6190-5c64-4101-ab50-6e41f87acfff [2026-06-19T13:11:07.381988] } (STDOUT, APP/TASK/deploy)#
#2026 06 19 13:11:15.409#Z#DEBUG#1ab74262-6be0-11f1-9c60-eeee0a944cb1.sales-order-backend-db-deployer#flowable-async-job-executor-thread-7834#
[PollExecuteTaskStatusExecution] 282d6190-5c64-4101-ab50-6e41f87acfff [2026-06-19T13:11:07.381990] ] (STDOUT, APP/TASK/deploy)#
#2026 06 19 13:11:15.409#Z#DEBUG#1ab74262-6be0-11f1-9c60-eeee0a944cb1.sales-order-backend-db-deployer#flowable-async-job-executor-thread-7834#
[PollExecuteTaskStatusExecution] 282d6190-5c64-4101-ab50-6e41f87acfff [2026-06-19T13:11:07.381992] } (STDOUT, APP/TASK/deploy)#
#2026 06 19 13:11:15.409#Z#DEBUG#1ab74262-6be0-11f1-9c60-eeee0a944cb1.sales-order-backend-db-deployer#flowable-async-job-executor-thread-7834#
[PollExecuteTaskStatusExecution] 282d6190-5c64-4101-ab50-6e41f87acfff [2026-06-19T13:11:07.797345] @sap/hdi-deploy, version 5.6.1 (mode default), server version 4.00.000.00.1780992861 (4.0.0.0), cloud version 2026.2.18, node version 24.15.0, HDI version 1016, container API version 1007 (STDOUT, APP/TASK/deploy)#
#2026 06 19 13:11:15.409#Z#DEBUG#1ab74262-6be0-11f1-9c60-eeee0a944cb1.sales-order-backend-db-deployer#flowable-async-job-executor-thread-7834#
[PollExecuteTaskStatusExecution] 282d6190-5c64-4101-ab50-6e41f87acfff [2026-06-19T13:11:07.797638] Deployment started at 2026-06-19 13:11:07 (STDOUT, APP/TASK/deploy)#
#2026 06 19 13:11:15.409#Z#DEBUG#1ab74262-6be0-11f1-9c60-eeee0a944cb1.sales-order-backend-db-deployer#flowable-async-job-executor-thread-7834#
[PollExecuteTaskStatusExecution] 282d6190-5c64-4101-ab50-6e41f87acfff [2026-06-19T13:11:07.798059] Using @sap/hana-client@2.29.23 for connection (STDOUT, APP/TASK/deploy)#
#2026 06 19 13:11:15.409#Z#DEBUG#1ab74262-6be0-11f1-9c60-eeee0a944cb1.sales-order-backend-db-deployer#flowable-async-job-executor-thread-7834#
[PollExecuteTaskStatusExecution] 282d6190-5c64-4101-ab50-6e41f87acfff [2026-06-19T13:11:07.817935] No ignore file at /home/vcap/app/.hdiignore. (STDOUT, APP/TASK/deploy)#
#2026 06 19 13:11:15.409#Z#DEBUG#1ab74262-6be0-11f1-9c60-eeee0a944cb1.sales-order-backend-db-deployer#flowable-async-job-executor-thread-7834#
[PollExecuteTaskStatusExecution] 282d6190-5c64-4101-ab50-6e41f87acfff [2026-06-19T13:11:07.818348] Collecting files... (STDOUT, APP/TASK/deploy)#
#2026 06 19 13:11:15.409#Z#DEBUG#1ab74262-6be0-11f1-9c60-eeee0a944cb1.sales-order-backend-db-deployer#flowable-async-job-executor-thread-7834#
[PollExecuteTaskStatusExecution] 282d6190-5c64-4101-ab50-6e41f87acfff [2026-06-19T13:11:07.824984] Collecting files... ok (0s 4ms) (STDOUT, APP/TASK/deploy)#
#2026 06 19 13:11:15.409#Z#DEBUG#1ab74262-6be0-11f1-9c60-eeee0a944cb1.sales-order-backend-db-deployer#flowable-async-job-executor-thread-7834#
[PollExecuteTaskStatusExecution] 282d6190-5c64-4101-ab50-6e41f87acfff [2026-06-19T13:11:07.825040] 2 directories collected (STDOUT, APP/TASK/deploy)#
#2026 06 19 13:11:15.409#Z#DEBUG#1ab74262-6be0-11f1-9c60-eeee0a944cb1.sales-order-backend-db-deployer#flowable-async-job-executor-thread-7834#
[PollExecuteTaskStatusExecution] 282d6190-5c64-4101-ab50-6e41f87acfff [2026-06-19T13:11:07.825253] 20 files collected (STDOUT, APP/TASK/deploy)#
#2026 06 19 13:11:15.409#Z#DEBUG#1ab74262-6be0-11f1-9c60-eeee0a944cb1.sales-order-backend-db-deployer#flowable-async-job-executor-thread-7834#
[PollExecuteTaskStatusExecution] 282d6190-5c64-4101-ab50-6e41f87acfff [2026-06-19T13:11:07.825298] 0 reusable modules collected (STDOUT, APP/TASK/deploy)#
#2026 06 19 13:11:15.409#Z#DEBUG#1ab74262-6be0-11f1-9c60-eeee0a944cb1.sales-order-backend-db-deployer#flowable-async-job-executor-thread-7834#
[PollExecuteTaskStatusExecution] 282d6190-5c64-4101-ab50-6e41f87acfff [2026-06-19T13:11:07.825396] Target service: sales-order-backend-db (STDOUT, APP/TASK/deploy)#
#2026 06 19 13:11:15.409#Z#DEBUG#1ab74262-6be0-11f1-9c60-eeee0a944cb1.sales-order-backend-db-deployer#flowable-async-job-executor-thread-7834#
[PollExecuteTaskStatusExecution] 282d6190-5c64-4101-ab50-6e41f87acfff [2026-06-19T13:11:07.935545] Session variable APPLICATION is set to "SAP_HDI/dev/ba813a92trial". (STDOUT, APP/TASK/deploy)#
#2026 06 19 13:11:15.409#Z#DEBUG#1ab74262-6be0-11f1-9c60-eeee0a944cb1.sales-order-backend-db-deployer#flowable-async-job-executor-thread-7834#
[PollExecuteTaskStatusExecution] 282d6190-5c64-4101-ab50-6e41f87acfff [2026-06-19T13:11:08.045589] Could not determine status of last build: Could not find any information about the previous deployment. (STDOUT, APP/TASK/deploy)#
#2026 06 19 13:11:15.409#Z#DEBUG#1ab74262-6be0-11f1-9c60-eeee0a944cb1.sales-order-backend-db-deployer#flowable-async-job-executor-thread-7834#
[PollExecuteTaskStatusExecution] 282d6190-5c64-4101-ab50-6e41f87acfff [2026-06-19T13:11:08.045732] Processing revoke files... (STDOUT, APP/TASK/deploy)#
#2026 06 19 13:11:15.409#Z#DEBUG#1ab74262-6be0-11f1-9c60-eeee0a944cb1.sales-order-backend-db-deployer#flowable-async-job-executor-thread-7834#
[PollExecuteTaskStatusExecution] 282d6190-5c64-4101-ab50-6e41f87acfff [2026-06-19T13:11:08.045894] Processing revoke files... ok (0s 0ms) (STDOUT, APP/TASK/deploy)#
#2026 06 19 13:11:15.409#Z#DEBUG#1ab74262-6be0-11f1-9c60-eeee0a944cb1.sales-order-backend-db-deployer#flowable-async-job-executor-thread-7834#
[PollExecuteTaskStatusExecution] 282d6190-5c64-4101-ab50-6e41f87acfff [2026-06-19T13:11:08.046036] Processing grants files... (STDOUT, APP/TASK/deploy)#
#2026 06 19 13:11:15.409#Z#DEBUG#1ab74262-6be0-11f1-9c60-eeee0a944cb1.sales-order-backend-db-deployer#flowable-async-job-executor-thread-7834#
[PollExecuteTaskStatusExecution] 282d6190-5c64-4101-ab50-6e41f87acfff [2026-06-19T13:11:08.046184] Processing grants files... ok (0s 0ms) (STDOUT, APP/TASK/deploy)#
#2026 06 19 13:11:15.409#Z#DEBUG#1ab74262-6be0-11f1-9c60-eeee0a944cb1.sales-order-backend-db-deployer#flowable-async-job-executor-thread-7834#
[PollExecuteTaskStatusExecution] 282d6190-5c64-4101-ab50-6e41f87acfff [2026-06-19T13:11:08.048230] Preprocessing files... (STDOUT, APP/TASK/deploy)#
#2026 06 19 13:11:15.409#Z#DEBUG#1ab74262-6be0-11f1-9c60-eeee0a944cb1.sales-order-backend-db-deployer#flowable-async-job-executor-thread-7834#
[PollExecuteTaskStatusExecution] 282d6190-5c64-4101-ab50-6e41f87acfff [2026-06-19T13:11:08.048655] Preprocessing files... ok (0s 0ms) (STDOUT, APP/TASK/deploy)#
#2026 06 19 13:11:15.409#Z#DEBUG#1ab74262-6be0-11f1-9c60-eeee0a944cb1.sales-order-backend-db-deployer#flowable-async-job-executor-thread-7834#
[PollExecuteTaskStatusExecution] 282d6190-5c64-4101-ab50-6e41f87acfff [2026-06-19T13:11:08.048741] Connecting to the container "SALESORDERDB"... (STDOUT, APP/TASK/deploy)#
#2026 06 19 13:11:15.409#Z#DEBUG#1ab74262-6be0-11f1-9c60-eeee0a944cb1.sales-order-backend-db-deployer#flowable-async-job-executor-thread-7834#
[PollExecuteTaskStatusExecution] 282d6190-5c64-4101-ab50-6e41f87acfff [2026-06-19T13:11:08.126481] Connecting to the container "SALESORDERDB"... ok (0s 77ms) (STDOUT, APP/TASK/deploy)#
#2026 06 19 13:11:15.410#Z#DEBUG#1ab74262-6be0-11f1-9c60-eeee0a944cb1.sales-order-backend-db-deployer#flowable-async-job-executor-thread-7834#
[PollExecuteTaskStatusExecution] 282d6190-5c64-4101-ab50-6e41f87acfff [2026-06-19T13:11:08.126508] Locking the container "SALESORDERDB"... (STDOUT, APP/TASK/deploy)#
#2026 06 19 13:11:15.410#Z#DEBUG#1ab74262-6be0-11f1-9c60-eeee0a944cb1.sales-order-backend-db-deployer#flowable-async-job-executor-thread-7834#
[PollExecuteTaskStatusExecution] 282d6190-5c64-4101-ab50-6e41f87acfff [2026-06-19T13:11:08.394929] Locking the container "SALESORDERDB"... ok (0s 268ms) (STDOUT, APP/TASK/deploy)#
#2026 06 19 13:11:15.410#Z#DEBUG#1ab74262-6be0-11f1-9c60-eeee0a944cb1.sales-order-backend-db-deployer#flowable-async-job-executor-thread-7834#
[PollExecuteTaskStatusExecution] 282d6190-5c64-4101-ab50-6e41f87acfff [2026-06-19T13:11:08.394956] Synchronizing files with the container "SALESORDERDB"... (STDOUT, APP/TASK/deploy)#
#2026 06 19 13:11:15.410#Z#DEBUG#1ab74262-6be0-11f1-9c60-eeee0a944cb1.sales-order-backend-db-deployer#flowable-async-job-executor-thread-7834#
[PollExecuteTaskStatusExecution] 282d6190-5c64-4101-ab50-6e41f87acfff [2026-06-19T13:11:08.747022] Deleting files... (STDOUT, APP/TASK/deploy)#
#2026 06 19 13:11:15.410#Z#DEBUG#1ab74262-6be0-11f1-9c60-eeee0a944cb1.sales-order-backend-db-deployer#flowable-async-job-executor-thread-7834#
[PollExecuteTaskStatusExecution] 282d6190-5c64-4101-ab50-6e41f87acfff [2026-06-19T13:11:08.936502] Deleting files... ok (STDOUT, APP/TASK/deploy)#
#2026 06 19 13:11:15.410#Z#DEBUG#1ab74262-6be0-11f1-9c60-eeee0a944cb1.sales-order-backend-db-deployer#flowable-async-job-executor-thread-7834#
[PollExecuteTaskStatusExecution] 282d6190-5c64-4101-ab50-6e41f87acfff [2026-06-19T13:11:08.936683] Writing files... (STDOUT, APP/TASK/deploy)#
#2026 06 19 13:11:15.410#Z#DEBUG#1ab74262-6be0-11f1-9c60-eeee0a944cb1.sales-order-backend-db-deployer#flowable-async-job-executor-thread-7834#
[PollExecuteTaskStatusExecution] 282d6190-5c64-4101-ab50-6e41f87acfff [2026-06-19T13:11:08.936883] Writing 22 items (STDOUT, APP/TASK/deploy)#
#2026 06 19 13:11:15.410#Z#DEBUG#1ab74262-6be0-11f1-9c60-eeee0a944cb1.sales-order-backend-db-deployer#flowable-async-job-executor-thread-7834#
[PollExecuteTaskStatusExecution] 282d6190-5c64-4101-ab50-6e41f87acfff [2026-06-19T13:11:09.441249] Writing files... ok (STDOUT, APP/TASK/deploy)#
#2026 06 19 13:11:15.410#Z#DEBUG#1ab74262-6be0-11f1-9c60-eeee0a944cb1.sales-order-backend-db-deployer#flowable-async-job-executor-thread-7834#
[PollExecuteTaskStatusExecution] 282d6190-5c64-4101-ab50-6e41f87acfff [2026-06-19T13:11:09.441268] Synchronizing files with the container "SALESORDERDB"... ok (1s 46ms) (STDOUT, APP/TASK/deploy)#
#2026 06 19 13:11:15.410#Z#DEBUG#1ab74262-6be0-11f1-9c60-eeee0a944cb1.sales-order-backend-db-deployer#flowable-async-job-executor-thread-7834#
[PollExecuteTaskStatusExecution] 282d6190-5c64-4101-ab50-6e41f87acfff [2026-06-19T13:11:09.441668] added files: [ (STDOUT, APP/TASK/deploy)#
#2026 06 19 13:11:15.410#Z#DEBUG#1ab74262-6be0-11f1-9c60-eeee0a944cb1.sales-order-backend-db-deployer#flowable-async-job-executor-thread-7834#
[PollExecuteTaskStatusExecution] 282d6190-5c64-4101-ab50-6e41f87acfff [2026-06-19T13:11:09.441682] "src/.hdiconfig", (STDOUT, APP/TASK/deploy)#
#2026 06 19 13:11:15.410#Z#DEBUG#1ab74262-6be0-11f1-9c60-eeee0a944cb1.sales-order-backend-db-deployer#flowable-async-job-executor-thread-7834#
[PollExecuteTaskStatusExecution] 282d6190-5c64-4101-ab50-6e41f87acfff [2026-06-19T13:11:09.441685] "src/gen/.hdiconfig", (STDOUT, APP/TASK/deploy)#
#2026 06 19 13:11:15.410#Z#DEBUG#1ab74262-6be0-11f1-9c60-eeee0a944cb1.sales-order-backend-db-deployer#flowable-async-job-executor-thread-7834#
[PollExecuteTaskStatusExecution] 282d6190-5c64-4101-ab50-6e41f87acfff [2026-06-19T13:11:09.441693] "src/gen/.hdinamespace", (STDOUT, APP/TASK/deploy)#
#2026 06 19 13:11:15.410#Z#DEBUG#1ab74262-6be0-11f1-9c60-eeee0a944cb1.sales-order-backend-db-deployer#flowable-async-job-executor-thread-7834#
[PollExecuteTaskStatusExecution] 282d6190-5c64-4101-ab50-6e41f87acfff [2026-06-19T13:11:09.441695] "src/gen/SalesOrderService.SalesOrderItems.hdbview", (STDOUT, APP/TASK/deploy)#
#2026 06 19 13:11:15.410#Z#DEBUG#1ab74262-6be0-11f1-9c60-eeee0a944cb1.sales-order-backend-db-deployer#flowable-async-job-executor-thread-7834#
[PollExecuteTaskStatusExecution] 282d6190-5c64-4101-ab50-6e41f87acfff [2026-06-19T13:11:09.441697] "src/gen/SalesOrderService.SalesOrderLog.hdbview", (STDOUT, APP/TASK/deploy)#
#2026 06 19 13:11:15.410#Z#DEBUG#1ab74262-6be0-11f1-9c60-eeee0a944cb1.sales-order-backend-db-deployer#flowable-async-job-executor-thread-7834#
[PollExecuteTaskStatusExecution] 282d6190-5c64-4101-ab50-6e41f87acfff [2026-06-19T13:11:09.441699] "src/gen/SalesOrderService.SalesOrderStatuses.hdbview", (STDOUT, APP/TASK/deploy)#
#2026 06 19 13:11:15.410#Z#DEBUG#1ab74262-6be0-11f1-9c60-eeee0a944cb1.sales-order-backend-db-deployer#flowable-async-job-executor-thread-7834#
[PollExecuteTaskStatusExecution] 282d6190-5c64-4101-ab50-6e41f87acfff [2026-06-19T13:11:09.441701] "src/gen/SalesOrderService.SalesOrderStatuses_texts.hdbview", (STDOUT, APP/TASK/deploy)#
#2026 06 19 13:11:15.410#Z#DEBUG#1ab74262-6be0-11f1-9c60-eeee0a944cb1.sales-order-backend-db-deployer#flowable-async-job-executor-thread-7834#
[PollExecuteTaskStatusExecution] 282d6190-5c64-4101-ab50-6e41f87acfff [2026-06-19T13:11:09.441703] "src/gen/SalesOrderService.SalesOrdersHeaders.hdbview", (STDOUT, APP/TASK/deploy)#
#2026 06 19 13:11:15.410#Z#DEBUG#1ab74262-6be0-11f1-9c60-eeee0a944cb1.sales-order-backend-db-deployer#flowable-async-job-executor-thread-7834#
[PollExecuteTaskStatusExecution] 282d6190-5c64-4101-ab50-6e41f87acfff [2026-06-19T13:11:09.441706] "src/gen/SalesOrderService.customers.hdbview", (STDOUT, APP/TASK/deploy)#
#2026 06 19 13:11:15.410#Z#DEBUG#1ab74262-6be0-11f1-9c60-eeee0a944cb1.sales-order-backend-db-deployer#flowable-async-job-executor-thread-7834#
[PollExecuteTaskStatusExecution] 282d6190-5c64-4101-ab50-6e41f87acfff [2026-06-19T13:11:09.441712] "src/gen/SalesOrderService.products.hdbview", (STDOUT, APP/TASK/deploy)#
#2026 06 19 13:11:15.410#Z#DEBUG#1ab74262-6be0-11f1-9c60-eeee0a944cb1.sales-order-backend-db-deployer#flowable-async-job-executor-thread-7834#
[PollExecuteTaskStatusExecution] 282d6190-5c64-4101-ab50-6e41f87acfff [2026-06-19T13:11:09.441715] "src/gen/cds.outbox.Messages.hdbtable", (STDOUT, APP/TASK/deploy)#
#2026 06 19 13:11:15.410#Z#DEBUG#1ab74262-6be0-11f1-9c60-eeee0a944cb1.sales-order-backend-db-deployer#flowable-async-job-executor-thread-7834#
[PollExecuteTaskStatusExecution] 282d6190-5c64-4101-ab50-6e41f87acfff [2026-06-19T13:11:09.441718] "src/gen/localized.SalesOrderService.SalesOrderStatuses.hdbview", (STDOUT, APP/TASK/deploy)#
#2026 06 19 13:11:15.410#Z#DEBUG#1ab74262-6be0-11f1-9c60-eeee0a944cb1.sales-order-backend-db-deployer#flowable-async-job-executor-thread-7834#
[PollExecuteTaskStatusExecution] 282d6190-5c64-4101-ab50-6e41f87acfff [2026-06-19T13:11:09.441724] "src/gen/localized.sales.SalesOrderStatuses.hdbview", (STDOUT, APP/TASK/deploy)#
#2026 06 19 13:11:15.410#Z#DEBUG#1ab74262-6be0-11f1-9c60-eeee0a944cb1.sales-order-backend-db-deployer#flowable-async-job-executor-thread-7834#
[PollExecuteTaskStatusExecution] 282d6190-5c64-4101-ab50-6e41f87acfff [2026-06-19T13:11:09.441726] "src/gen/sales.SalesOrderHeaders.hdbtable", (STDOUT, APP/TASK/deploy)#
#2026 06 19 13:11:15.410#Z#DEBUG#1ab74262-6be0-11f1-9c60-eeee0a944cb1.sales-order-backend-db-deployer#flowable-async-job-executor-thread-7834#
[PollExecuteTaskStatusExecution] 282d6190-5c64-4101-ab50-6e41f87acfff [2026-06-19T13:11:09.441729] "src/gen/sales.SalesOrderItems.hdbtable", (STDOUT, APP/TASK/deploy)#
#2026 06 19 13:11:15.410#Z#DEBUG#1ab74262-6be0-11f1-9c60-eeee0a944cb1.sales-order-backend-db-deployer#flowable-async-job-executor-thread-7834#
[PollExecuteTaskStatusExecution] 282d6190-5c64-4101-ab50-6e41f87acfff [2026-06-19T13:11:09.441731] "src/gen/sales.SalesOrderLog.hdbtable", (STDOUT, APP/TASK/deploy)#
#2026 06 19 13:11:15.410#Z#DEBUG#1ab74262-6be0-11f1-9c60-eeee0a944cb1.sales-order-backend-db-deployer#flowable-async-job-executor-thread-7834#
[PollExecuteTaskStatusExecution] 282d6190-5c64-4101-ab50-6e41f87acfff [2026-06-19T13:11:09.441736] "src/gen/sales.SalesOrderStatuses.hdbtable", (STDOUT, APP/TASK/deploy)#
#2026 06 19 13:11:15.410#Z#DEBUG#1ab74262-6be0-11f1-9c60-eeee0a944cb1.sales-order-backend-db-deployer#flowable-async-job-executor-thread-7834#
[PollExecuteTaskStatusExecution] 282d6190-5c64-4101-ab50-6e41f87acfff [2026-06-19T13:11:09.441738] "src/gen/sales.SalesOrderStatuses_texts.hdbtable", (STDOUT, APP/TASK/deploy)#
#2026 06 19 13:11:15.410#Z#DEBUG#1ab74262-6be0-11f1-9c60-eeee0a944cb1.sales-order-backend-db-deployer#flowable-async-job-executor-thread-7834#
[PollExecuteTaskStatusExecution] 282d6190-5c64-4101-ab50-6e41f87acfff [2026-06-19T13:11:09.441740] "src/gen/sales.customers.hdbtable", (STDOUT, APP/TASK/deploy)#
#2026 06 19 13:11:15.410#Z#DEBUG#1ab74262-6be0-11f1-9c60-eeee0a944cb1.sales-order-backend-db-deployer#flowable-async-job-executor-thread-7834#
[PollExecuteTaskStatusExecution] 282d6190-5c64-4101-ab50-6e41f87acfff [2026-06-19T13:11:09.441743] "src/gen/sales.products.hdbtable" (STDOUT, APP/TASK/deploy)#
#2026 06 19 13:11:15.410#Z#DEBUG#1ab74262-6be0-11f1-9c60-eeee0a944cb1.sales-order-backend-db-deployer#flowable-async-job-executor-thread-7834#
[PollExecuteTaskStatusExecution] 282d6190-5c64-4101-ab50-6e41f87acfff [2026-06-19T13:11:09.441750] ] (STDOUT, APP/TASK/deploy)#
#2026 06 19 13:11:15.410#Z#DEBUG#1ab74262-6be0-11f1-9c60-eeee0a944cb1.sales-order-backend-db-deployer#flowable-async-job-executor-thread-7834#
[PollExecuteTaskStatusExecution] 282d6190-5c64-4101-ab50-6e41f87acfff [2026-06-19T13:11:09.441805] modified files: [] (STDOUT, APP/TASK/deploy)#
#2026 06 19 13:11:15.410#Z#DEBUG#1ab74262-6be0-11f1-9c60-eeee0a944cb1.sales-order-backend-db-deployer#flowable-async-job-executor-thread-7834#
[PollExecuteTaskStatusExecution] 282d6190-5c64-4101-ab50-6e41f87acfff [2026-06-19T13:11:09.441853] deleted files: [] (STDOUT, APP/TASK/deploy)#
#2026 06 19 13:11:15.410#Z#DEBUG#1ab74262-6be0-11f1-9c60-eeee0a944cb1.sales-order-backend-db-deployer#flowable-async-job-executor-thread-7834#
[PollExecuteTaskStatusExecution] 282d6190-5c64-4101-ab50-6e41f87acfff [2026-06-19T13:11:09.441902] 20 modified or added files are scheduled for deploy based on delta detection (STDOUT, APP/TASK/deploy)#
#2026 06 19 13:11:15.410#Z#DEBUG#1ab74262-6be0-11f1-9c60-eeee0a944cb1.sales-order-backend-db-deployer#flowable-async-job-executor-thread-7834#
[PollExecuteTaskStatusExecution] 282d6190-5c64-4101-ab50-6e41f87acfff [2026-06-19T13:11:09.442047] 0 deleted files are scheduled for undeploy based on delta detection (filtered by undeploy allowlist) (STDOUT, APP/TASK/deploy)#
#2026 06 19 13:11:15.410#Z#DEBUG#1ab74262-6be0-11f1-9c60-eeee0a944cb1.sales-order-backend-db-deployer#flowable-async-job-executor-thread-7834#
[PollExecuteTaskStatusExecution] 282d6190-5c64-4101-ab50-6e41f87acfff [2026-06-19T13:11:09.442176] 0 files are scheduled for deploy based on explicit specification (STDOUT, APP/TASK/deploy)#
#2026 06 19 13:11:15.410#Z#DEBUG#1ab74262-6be0-11f1-9c60-eeee0a944cb1.sales-order-backend-db-deployer#flowable-async-job-executor-thread-7834#
[PollExecuteTaskStatusExecution] 282d6190-5c64-4101-ab50-6e41f87acfff [2026-06-19T13:11:09.442186] 0 files are scheduled for undeploy based on explicit specification (STDOUT, APP/TASK/deploy)#
#2026 06 19 13:11:15.410#Z#DEBUG#1ab74262-6be0-11f1-9c60-eeee0a944cb1.sales-order-backend-db-deployer#flowable-async-job-executor-thread-7834#
[PollExecuteTaskStatusExecution] 282d6190-5c64-4101-ab50-6e41f87acfff [2026-06-19T13:11:09.442352] Deploying to the container "SALESORDERDB"... (STDOUT, APP/TASK/deploy)#
#2026 06 19 13:11:15.410#Z#DEBUG#1ab74262-6be0-11f1-9c60-eeee0a944cb1.sales-order-backend-db-deployer#flowable-async-job-executor-thread-7834#
[PollExecuteTaskStatusExecution] 282d6190-5c64-4101-ab50-6e41f87acfff [2026-06-19T13:11:10.173972] Polling messages for request id: 17 (STDOUT, APP/TASK/deploy)#
#2026 06 19 13:11:15.410#Z#DEBUG#1ab74262-6be0-11f1-9c60-eeee0a944cb1.sales-order-backend-db-deployer#flowable-async-job-executor-thread-7834#
[PollExecuteTaskStatusExecution] 282d6190-5c64-4101-ab50-6e41f87acfff [2026-06-19T13:11:10.262060] Starting make in the container "SALESORDERDB" with 20 files to deploy, 0 files to undeploy... (STDOUT, APP/TASK/deploy)#
#2026 06 19 13:11:15.410#Z#DEBUG#1ab74262-6be0-11f1-9c60-eeee0a944cb1.sales-order-backend-db-deployer#flowable-async-job-executor-thread-7834#
[PollExecuteTaskStatusExecution] 282d6190-5c64-4101-ab50-6e41f87acfff [2026-06-19T13:11:10.262097] Disabling table replication for the container schema "SALESORDERDB"... (STDOUT, APP/TASK/deploy)#
#2026 06 19 13:11:15.410#Z#DEBUG#1ab74262-6be0-11f1-9c60-eeee0a944cb1.sales-order-backend-db-deployer#flowable-async-job-executor-thread-7834#
[PollExecuteTaskStatusExecution] 282d6190-5c64-4101-ab50-6e41f87acfff [2026-06-19T13:11:10.262101] Disabling table replication for the container schema "SALESORDERDB"... ok (0s 14ms) (STDOUT, APP/TASK/deploy)#
#2026 06 19 13:11:15.410#Z#DEBUG#1ab74262-6be0-11f1-9c60-eeee0a944cb1.sales-order-backend-db-deployer#flowable-async-job-executor-thread-7834#
[PollExecuteTaskStatusExecution] 282d6190-5c64-4101-ab50-6e41f87acfff [2026-06-19T13:11:10.262104] Migrating libraries... (STDOUT, APP/TASK/deploy)#
#2026 06 19 13:11:15.410#Z#DEBUG#1ab74262-6be0-11f1-9c60-eeee0a944cb1.sales-order-backend-db-deployer#flowable-async-job-executor-thread-7834#
[PollExecuteTaskStatusExecution] 282d6190-5c64-4101-ab50-6e41f87acfff [2026-06-19T13:11:10.262107] Migrating libraries... ok (0s 103ms) (STDOUT, APP/TASK/deploy)#
#2026 06 19 13:11:15.410#Z#DEBUG#1ab74262-6be0-11f1-9c60-eeee0a944cb1.sales-order-backend-db-deployer#flowable-async-job-executor-thread-7834#
[PollExecuteTaskStatusExecution] 282d6190-5c64-4101-ab50-6e41f87acfff [2026-06-19T13:11:10.262111] Making... (STDOUT, APP/TASK/deploy)#
#2026 06 19 13:11:15.410#Z#DEBUG#1ab74262-6be0-11f1-9c60-eeee0a944cb1.sales-order-backend-db-deployer#flowable-async-job-executor-thread-7834#
[PollExecuteTaskStatusExecution] 282d6190-5c64-4101-ab50-6e41f87acfff [2026-06-19T13:11:10.262114] Preparing... (STDOUT, APP/TASK/deploy)#
#2026 06 19 13:11:15.410#Z#DEBUG#1ab74262-6be0-11f1-9c60-eeee0a944cb1.sales-order-backend-db-deployer#flowable-async-job-executor-thread-7834#
[PollExecuteTaskStatusExecution] 282d6190-5c64-4101-ab50-6e41f87acfff [2026-06-19T13:11:10.262117] Preparing the make transaction... (STDOUT, APP/TASK/deploy)#
#2026 06 19 13:11:15.410#Z#DEBUG#1ab74262-6be0-11f1-9c60-eeee0a944cb1.sales-order-backend-db-deployer#flowable-async-job-executor-thread-7834#
[PollExecuteTaskStatusExecution] 282d6190-5c64-4101-ab50-6e41f87acfff [2026-06-19T13:11:11.276713] Preparing the make transaction... ok (0s 770ms) (STDOUT, APP/TASK/deploy)#
#2026 06 19 13:11:15.410#Z#DEBUG#1ab74262-6be0-11f1-9c60-eeee0a944cb1.sales-order-backend-db-deployer#flowable-async-job-executor-thread-7834#
[PollExecuteTaskStatusExecution] 282d6190-5c64-4101-ab50-6e41f87acfff [2026-06-19T13:11:11.276823] Deploying the configuration file "src/.hdiconfig"... (STDOUT, APP/TASK/deploy)#
#2026 06 19 13:11:15.410#Z#DEBUG#1ab74262-6be0-11f1-9c60-eeee0a944cb1.sales-order-backend-db-deployer#flowable-async-job-executor-thread-7834#
[PollExecuteTaskStatusExecution] 282d6190-5c64-4101-ab50-6e41f87acfff [2026-06-19T13:11:11.276935] Warning: Could not find a configured library that contains the "com.sap.hana.di.tablefunction" build plugin [8211539] (STDOUT, APP/TASK/deploy)#
#2026 06 19 13:11:15.410#Z#DEBUG#1ab74262-6be0-11f1-9c60-eeee0a944cb1.sales-order-backend-db-deployer#flowable-async-job-executor-thread-7834#
[PollExecuteTaskStatusExecution] 282d6190-5c64-4101-ab50-6e41f87acfff [2026-06-19T13:11:11.276945] at "src/.hdiconfig" (0:0) (STDOUT, APP/TASK/deploy)#
#2026 06 19 13:11:15.410#Z#DEBUG#1ab74262-6be0-11f1-9c60-eeee0a944cb1.sales-order-backend-db-deployer#flowable-async-job-executor-thread-7834#
[PollExecuteTaskStatusExecution] 282d6190-5c64-4101-ab50-6e41f87acfff [2026-06-19T13:11:11.276957] Deploying the configuration file "src/.hdiconfig"... ok (0s 73ms) (STDOUT, APP/TASK/deploy)#
#2026 06 19 13:11:15.410#Z#DEBUG#1ab74262-6be0-11f1-9c60-eeee0a944cb1.sales-order-backend-db-deployer#flowable-async-job-executor-thread-7834#
[PollExecuteTaskStatusExecution] 282d6190-5c64-4101-ab50-6e41f87acfff [2026-06-19T13:11:11.276971] Deploying the configuration file "src/gen/.hdiconfig"... (STDOUT, APP/TASK/deploy)#
#2026 06 19 13:11:15.410#Z#DEBUG#1ab74262-6be0-11f1-9c60-eeee0a944cb1.sales-order-backend-db-deployer#flowable-async-job-executor-thread-7834#
[PollExecuteTaskStatusExecution] 282d6190-5c64-4101-ab50-6e41f87acfff [2026-06-19T13:11:11.276974] Deploying the configuration file "src/gen/.hdiconfig"... ok (0s 6ms) (STDOUT, APP/TASK/deploy)#
#2026 06 19 13:11:15.410#Z#DEBUG#1ab74262-6be0-11f1-9c60-eeee0a944cb1.sales-order-backend-db-deployer#flowable-async-job-executor-thread-7834#
[PollExecuteTaskStatusExecution] 282d6190-5c64-4101-ab50-6e41f87acfff [2026-06-19T13:11:11.277002] Deploying the namespace file "src/gen/.hdinamespace"... (STDOUT, APP/TASK/deploy)#
#2026 06 19 13:11:15.410#Z#DEBUG#1ab74262-6be0-11f1-9c60-eeee0a944cb1.sales-order-backend-db-deployer#flowable-async-job-executor-thread-7834#
[PollExecuteTaskStatusExecution] 282d6190-5c64-4101-ab50-6e41f87acfff [2026-06-19T13:11:11.277012] Deploying the namespace file "src/gen/.hdinamespace"... ok (0s 32ms) (STDOUT, APP/TASK/deploy)#
#2026 06 19 13:11:15.410#Z#DEBUG#1ab74262-6be0-11f1-9c60-eeee0a944cb1.sales-order-backend-db-deployer#flowable-async-job-executor-thread-7834#
[PollExecuteTaskStatusExecution] 282d6190-5c64-4101-ab50-6e41f87acfff [2026-06-19T13:11:11.277014] Adding "src/gen/SalesOrderService.SalesOrderItems.hdbview" for deploy... (STDOUT, APP/TASK/deploy)#
#2026 06 19 13:11:15.410#Z#DEBUG#1ab74262-6be0-11f1-9c60-eeee0a944cb1.sales-order-backend-db-deployer#flowable-async-job-executor-thread-7834#
[PollExecuteTaskStatusExecution] 282d6190-5c64-4101-ab50-6e41f87acfff [2026-06-19T13:11:11.277073] Adding "src/gen/SalesOrderService.SalesOrderItems.hdbview" for deploy... ok (0s 38ms) (STDOUT, APP/TASK/deploy)#
#2026 06 19 13:11:15.410#Z#DEBUG#1ab74262-6be0-11f1-9c60-eeee0a944cb1.sales-order-backend-db-deployer#flowable-async-job-executor-thread-7834#
[PollExecuteTaskStatusExecution] 282d6190-5c64-4101-ab50-6e41f87acfff [2026-06-19T13:11:11.277076] Adding "src/gen/SalesOrderService.SalesOrderLog.hdbview" for deploy... (STDOUT, APP/TASK/deploy)#
#2026 06 19 13:11:15.410#Z#DEBUG#1ab74262-6be0-11f1-9c60-eeee0a944cb1.sales-order-backend-db-deployer#flowable-async-job-executor-thread-7834#
[PollExecuteTaskStatusExecution] 282d6190-5c64-4101-ab50-6e41f87acfff [2026-06-19T13:11:11.277078] Adding "src/gen/SalesOrderService.SalesOrderLog.hdbview" for deploy... ok (0s 0ms) (STDOUT, APP/TASK/deploy)#
#2026 06 19 13:11:15.410#Z#DEBUG#1ab74262-6be0-11f1-9c60-eeee0a944cb1.sales-order-backend-db-deployer#flowable-async-job-executor-thread-7834#
[PollExecuteTaskStatusExecution] 282d6190-5c64-4101-ab50-6e41f87acfff [2026-06-19T13:11:11.277170] Adding "src/gen/SalesOrderService.SalesOrderStatuses.hdbview" for deploy... (STDOUT, APP/TASK/deploy)#
#2026 06 19 13:11:15.410#Z#DEBUG#1ab74262-6be0-11f1-9c60-eeee0a944cb1.sales-order-backend-db-deployer#flowable-async-job-executor-thread-7834#
[PollExecuteTaskStatusExecution] 282d6190-5c64-4101-ab50-6e41f87acfff [2026-06-19T13:11:11.277214] Adding "src/gen/SalesOrderService.SalesOrderStatuses.hdbview" for deploy... ok (0s 0ms) (STDOUT, APP/TASK/deploy)#
#2026 06 19 13:11:15.410#Z#DEBUG#1ab74262-6be0-11f1-9c60-eeee0a944cb1.sales-order-backend-db-deployer#flowable-async-job-executor-thread-7834#
[PollExecuteTaskStatusExecution] 282d6190-5c64-4101-ab50-6e41f87acfff [2026-06-19T13:11:11.277219] Adding "src/gen/SalesOrderService.SalesOrderStatuses_texts.hdbview" for deploy... (STDOUT, APP/TASK/deploy)#
#2026 06 19 13:11:15.410#Z#DEBUG#1ab74262-6be0-11f1-9c60-eeee0a944cb1.sales-order-backend-db-deployer#flowable-async-job-executor-thread-7834#
[PollExecuteTaskStatusExecution] 282d6190-5c64-4101-ab50-6e41f87acfff [2026-06-19T13:11:11.277246] Adding "src/gen/SalesOrderService.SalesOrderStatuses_texts.hdbview" for deploy... ok (0s 0ms) (STDOUT, APP/TASK/deploy)#
#2026 06 19 13:11:15.410#Z#DEBUG#1ab74262-6be0-11f1-9c60-eeee0a944cb1.sales-order-backend-db-deployer#flowable-async-job-executor-thread-7834#
[PollExecuteTaskStatusExecution] 282d6190-5c64-4101-ab50-6e41f87acfff [2026-06-19T13:11:11.277249] Adding "src/gen/SalesOrderService.SalesOrdersHeaders.hdbview" for deploy... (STDOUT, APP/TASK/deploy)#
#2026 06 19 13:11:15.410#Z#DEBUG#1ab74262-6be0-11f1-9c60-eeee0a944cb1.sales-order-backend-db-deployer#flowable-async-job-executor-thread-7834#
[PollExecuteTaskStatusExecution] 282d6190-5c64-4101-ab50-6e41f87acfff [2026-06-19T13:11:11.277253] Adding "src/gen/SalesOrderService.SalesOrdersHeaders.hdbview" for deploy... ok (0s 0ms) (STDOUT, APP/TASK/deploy)#
#2026 06 19 13:11:15.410#Z#DEBUG#1ab74262-6be0-11f1-9c60-eeee0a944cb1.sales-order-backend-db-deployer#flowable-async-job-executor-thread-7834#
[PollExecuteTaskStatusExecution] 282d6190-5c64-4101-ab50-6e41f87acfff [2026-06-19T13:11:11.277255] Adding "src/gen/SalesOrderService.customers.hdbview" for deploy... (STDOUT, APP/TASK/deploy)#
#2026 06 19 13:11:15.410#Z#DEBUG#1ab74262-6be0-11f1-9c60-eeee0a944cb1.sales-order-backend-db-deployer#flowable-async-job-executor-thread-7834#
[PollExecuteTaskStatusExecution] 282d6190-5c64-4101-ab50-6e41f87acfff [2026-06-19T13:11:11.277258] Adding "src/gen/SalesOrderService.customers.hdbview" for deploy... ok (0s 0ms) (STDOUT, APP/TASK/deploy)#
#2026 06 19 13:11:15.410#Z#DEBUG#1ab74262-6be0-11f1-9c60-eeee0a944cb1.sales-order-backend-db-deployer#flowable-async-job-executor-thread-7834#
[PollExecuteTaskStatusExecution] 282d6190-5c64-4101-ab50-6e41f87acfff [2026-06-19T13:11:11.277302] Adding "src/gen/SalesOrderService.products.hdbview" for deploy... (STDOUT, APP/TASK/deploy)#
#2026 06 19 13:11:15.410#Z#DEBUG#1ab74262-6be0-11f1-9c60-eeee0a944cb1.sales-order-backend-db-deployer#flowable-async-job-executor-thread-7834#
[PollExecuteTaskStatusExecution] 282d6190-5c64-4101-ab50-6e41f87acfff [2026-06-19T13:11:11.277305] Adding "src/gen/SalesOrderService.products.hdbview" for deploy... ok (0s 0ms) (STDOUT, APP/TASK/deploy)#
#2026 06 19 13:11:15.410#Z#DEBUG#1ab74262-6be0-11f1-9c60-eeee0a944cb1.sales-order-backend-db-deployer#flowable-async-job-executor-thread-7834#
[PollExecuteTaskStatusExecution] 282d6190-5c64-4101-ab50-6e41f87acfff [2026-06-19T13:11:11.277311] Adding "src/gen/cds.outbox.Messages.hdbtable" for deploy... (STDOUT, APP/TASK/deploy)#
#2026 06 19 13:11:15.410#Z#DEBUG#1ab74262-6be0-11f1-9c60-eeee0a944cb1.sales-order-backend-db-deployer#flowable-async-job-executor-thread-7834#
[PollExecuteTaskStatusExecution] 282d6190-5c64-4101-ab50-6e41f87acfff [2026-06-19T13:11:11.277354] Adding "src/gen/cds.outbox.Messages.hdbtable" for deploy... ok (0s 0ms) (STDOUT, APP/TASK/deploy)#
#2026 06 19 13:11:15.410#Z#DEBUG#1ab74262-6be0-11f1-9c60-eeee0a944cb1.sales-order-backend-db-deployer#flowable-async-job-executor-thread-7834#
[PollExecuteTaskStatusExecution] 282d6190-5c64-4101-ab50-6e41f87acfff [2026-06-19T13:11:11.277370] Adding "src/gen/localized.SalesOrderService.SalesOrderStatuses.hdbview" for deploy... (STDOUT, APP/TASK/deploy)#
#2026 06 19 13:11:15.410#Z#DEBUG#1ab74262-6be0-11f1-9c60-eeee0a944cb1.sales-order-backend-db-deployer#flowable-async-job-executor-thread-7834#
[PollExecuteTaskStatusExecution] 282d6190-5c64-4101-ab50-6e41f87acfff [2026-06-19T13:11:11.277379] Adding "src/gen/localized.SalesOrderService.SalesOrderStatuses.hdbview" for deploy... ok (0s 0ms) (STDOUT, APP/TASK/deploy)#
#2026 06 19 13:11:15.410#Z#DEBUG#1ab74262-6be0-11f1-9c60-eeee0a944cb1.sales-order-backend-db-deployer#flowable-async-job-executor-thread-7834#
[PollExecuteTaskStatusExecution] 282d6190-5c64-4101-ab50-6e41f87acfff [2026-06-19T13:11:11.277415] Adding "src/gen/localized.sales.SalesOrderStatuses.hdbview" for deploy... (STDOUT, APP/TASK/deploy)#
#2026 06 19 13:11:15.410#Z#DEBUG#1ab74262-6be0-11f1-9c60-eeee0a944cb1.sales-order-backend-db-deployer#flowable-async-job-executor-thread-7834#
[PollExecuteTaskStatusExecution] 282d6190-5c64-4101-ab50-6e41f87acfff [2026-06-19T13:11:11.277424] Adding "src/gen/localized.sales.SalesOrderStatuses.hdbview" for deploy... ok (0s 0ms) (STDOUT, APP/TASK/deploy)#
#2026 06 19 13:11:15.410#Z#DEBUG#1ab74262-6be0-11f1-9c60-eeee0a944cb1.sales-order-backend-db-deployer#flowable-async-job-executor-thread-7834#
[PollExecuteTaskStatusExecution] 282d6190-5c64-4101-ab50-6e41f87acfff [2026-06-19T13:11:11.278432] Adding "src/gen/sales.SalesOrderHeaders.hdbtable" for deploy... (STDOUT, APP/TASK/deploy)#
#2026 06 19 13:11:15.410#Z#DEBUG#1ab74262-6be0-11f1-9c60-eeee0a944cb1.sales-order-backend-db-deployer#flowable-async-job-executor-thread-7834#
[PollExecuteTaskStatusExecution] 282d6190-5c64-4101-ab50-6e41f87acfff [2026-06-19T13:11:11.278449] Adding "src/gen/sales.SalesOrderHeaders.hdbtable" for deploy... ok (0s 0ms) (STDOUT, APP/TASK/deploy)#
#2026 06 19 13:11:15.410#Z#DEBUG#1ab74262-6be0-11f1-9c60-eeee0a944cb1.sales-order-backend-db-deployer#flowable-async-job-executor-thread-7834#
[PollExecuteTaskStatusExecution] 282d6190-5c64-4101-ab50-6e41f87acfff [2026-06-19T13:11:11.278457] Adding "src/gen/sales.SalesOrderItems.hdbtable" for deploy... (STDOUT, APP/TASK/deploy)#
#2026 06 19 13:11:15.410#Z#DEBUG#1ab74262-6be0-11f1-9c60-eeee0a944cb1.sales-order-backend-db-deployer#flowable-async-job-executor-thread-7834#
[PollExecuteTaskStatusExecution] 282d6190-5c64-4101-ab50-6e41f87acfff [2026-06-19T13:11:11.278562] Adding "src/gen/sales.SalesOrderItems.hdbtable" for deploy... ok (0s 0ms) (STDOUT, APP/TASK/deploy)#
#2026 06 19 13:11:15.410#Z#DEBUG#1ab74262-6be0-11f1-9c60-eeee0a944cb1.sales-order-backend-db-deployer#flowable-async-job-executor-thread-7834#
[PollExecuteTaskStatusExecution] 282d6190-5c64-4101-ab50-6e41f87acfff [2026-06-19T13:11:11.278646] Adding "src/gen/sales.SalesOrderLog.hdbtable" for deploy... (STDOUT, APP/TASK/deploy)#
#2026 06 19 13:11:15.410#Z#DEBUG#1ab74262-6be0-11f1-9c60-eeee0a944cb1.sales-order-backend-db-deployer#flowable-async-job-executor-thread-7834#
[PollExecuteTaskStatusExecution] 282d6190-5c64-4101-ab50-6e41f87acfff [2026-06-19T13:11:11.278713] Adding "src/gen/sales.SalesOrderLog.hdbtable" for deploy... ok (0s 0ms) (STDOUT, APP/TASK/deploy)#
#2026 06 19 13:11:15.410#Z#DEBUG#1ab74262-6be0-11f1-9c60-eeee0a944cb1.sales-order-backend-db-deployer#flowable-async-job-executor-thread-7834#
[PollExecuteTaskStatusExecution] 282d6190-5c64-4101-ab50-6e41f87acfff [2026-06-19T13:11:11.278806] Adding "src/gen/sales.SalesOrderStatuses.hdbtable" for deploy... (STDOUT, APP/TASK/deploy)#
#2026 06 19 13:11:15.410#Z#DEBUG#1ab74262-6be0-11f1-9c60-eeee0a944cb1.sales-order-backend-db-deployer#flowable-async-job-executor-thread-7834#
[PollExecuteTaskStatusExecution] 282d6190-5c64-4101-ab50-6e41f87acfff [2026-06-19T13:11:11.278857] Adding "src/gen/sales.SalesOrderStatuses.hdbtable" for deploy... ok (0s 0ms) (STDOUT, APP/TASK/deploy)#
#2026 06 19 13:11:15.410#Z#DEBUG#1ab74262-6be0-11f1-9c60-eeee0a944cb1.sales-order-backend-db-deployer#flowable-async-job-executor-thread-7834#
[PollExecuteTaskStatusExecution] 282d6190-5c64-4101-ab50-6e41f87acfff [2026-06-19T13:11:11.278928] Adding "src/gen/sales.SalesOrderStatuses_texts.hdbtable" for deploy... (STDOUT, APP/TASK/deploy)#
#2026 06 19 13:11:15.410#Z#DEBUG#1ab74262-6be0-11f1-9c60-eeee0a944cb1.sales-order-backend-db-deployer#flowable-async-job-executor-thread-7834#
[PollExecuteTaskStatusExecution] 282d6190-5c64-4101-ab50-6e41f87acfff [2026-06-19T13:11:11.279] Adding "src/gen/sales.SalesOrderStatuses_texts.hdbtable" for deploy... ok (0s 0ms) (STDOUT, APP/TASK/deploy)#
#2026 06 19 13:11:15.410#Z#DEBUG#1ab74262-6be0-11f1-9c60-eeee0a944cb1.sales-order-backend-db-deployer#flowable-async-job-executor-thread-7834#
[PollExecuteTaskStatusExecution] 282d6190-5c64-4101-ab50-6e41f87acfff [2026-06-19T13:11:11.279079] Adding "src/gen/sales.customers.hdbtable" for deploy... (STDOUT, APP/TASK/deploy)#
#2026 06 19 13:11:15.410#Z#DEBUG#1ab74262-6be0-11f1-9c60-eeee0a944cb1.sales-order-backend-db-deployer#flowable-async-job-executor-thread-7834#
[PollExecuteTaskStatusExecution] 282d6190-5c64-4101-ab50-6e41f87acfff [2026-06-19T13:11:11.279150] Adding "src/gen/sales.customers.hdbtable" for deploy... ok (0s 0ms) (STDOUT, APP/TASK/deploy)#
#2026 06 19 13:11:15.410#Z#DEBUG#1ab74262-6be0-11f1-9c60-eeee0a944cb1.sales-order-backend-db-deployer#flowable-async-job-executor-thread-7834#
[PollExecuteTaskStatusExecution] 282d6190-5c64-4101-ab50-6e41f87acfff [2026-06-19T13:11:11.279242] Adding "src/gen/sales.products.hdbtable" for deploy... (STDOUT, APP/TASK/deploy)#
#2026 06 19 13:11:15.410#Z#DEBUG#1ab74262-6be0-11f1-9c60-eeee0a944cb1.sales-order-backend-db-deployer#flowable-async-job-executor-thread-7834#
[PollExecuteTaskStatusExecution] 282d6190-5c64-4101-ab50-6e41f87acfff [2026-06-19T13:11:11.279289] Adding "src/gen/sales.products.hdbtable" for deploy... ok (0s 0ms) (STDOUT, APP/TASK/deploy)#
#2026 06 19 13:11:15.410#Z#DEBUG#1ab74262-6be0-11f1-9c60-eeee0a944cb1.sales-order-backend-db-deployer#flowable-async-job-executor-thread-7834#
[PollExecuteTaskStatusExecution] 282d6190-5c64-4101-ab50-6e41f87acfff [2026-06-19T13:11:11.279369] Preparing... ok (1s 11ms) (STDOUT, APP/TASK/deploy)#
#2026 06 19 13:11:15.410#Z#DEBUG#1ab74262-6be0-11f1-9c60-eeee0a944cb1.sales-order-backend-db-deployer#flowable-async-job-executor-thread-7834#
[PollExecuteTaskStatusExecution] 282d6190-5c64-4101-ab50-6e41f87acfff [2026-06-19T13:11:11.279439] Calculating dependencies... (STDOUT, APP/TASK/deploy)#
#2026 06 19 13:11:15.410#Z#DEBUG#1ab74262-6be0-11f1-9c60-eeee0a944cb1.sales-order-backend-db-deployer#flowable-async-job-executor-thread-7834#
[PollExecuteTaskStatusExecution] 282d6190-5c64-4101-ab50-6e41f87acfff [2026-06-19T13:11:11.279516] Expanding... (STDOUT, APP/TASK/deploy)#
#2026 06 19 13:11:15.410#Z#DEBUG#1ab74262-6be0-11f1-9c60-eeee0a944cb1.sales-order-backend-db-deployer#flowable-async-job-executor-thread-7834#
[PollExecuteTaskStatusExecution] 282d6190-5c64-4101-ab50-6e41f87acfff [2026-06-19T13:11:11.279590] Expanding "src/gen/SalesOrderService.SalesOrderItems.hdbview"... (STDOUT, APP/TASK/deploy)#
#2026 06 19 13:11:15.410#Z#DEBUG#1ab74262-6be0-11f1-9c60-eeee0a944cb1.sales-order-backend-db-deployer#flowable-async-job-executor-thread-7834#
[PollExecuteTaskStatusExecution] 282d6190-5c64-4101-ab50-6e41f87acfff [2026-06-19T13:11:11.279671] Expanding "src/gen/SalesOrderService.SalesOrderLog.hdbview"... (STDOUT, APP/TASK/deploy)#
#2026 06 19 13:11:15.410#Z#DEBUG#1ab74262-6be0-11f1-9c60-eeee0a944cb1.sales-order-backend-db-deployer#flowable-async-job-executor-thread-7834#
[PollExecuteTaskStatusExecution] 282d6190-5c64-4101-ab50-6e41f87acfff [2026-06-19T13:11:11.279741] Expanding "src/gen/SalesOrderService.SalesOrderStatuses.hdbview"... (STDOUT, APP/TASK/deploy)#
#2026 06 19 13:11:15.410#Z#DEBUG#1ab74262-6be0-11f1-9c60-eeee0a944cb1.sales-order-backend-db-deployer#flowable-async-job-executor-thread-7834#
[PollExecuteTaskStatusExecution] 282d6190-5c64-4101-ab50-6e41f87acfff [2026-06-19T13:11:11.279819] Expanding "src/gen/SalesOrderService.SalesOrderStatuses_texts.hdbview"... (STDOUT, APP/TASK/deploy)#
#2026 06 19 13:11:15.410#Z#DEBUG#1ab74262-6be0-11f1-9c60-eeee0a944cb1.sales-order-backend-db-deployer#flowable-async-job-executor-thread-7834#
[PollExecuteTaskStatusExecution] 282d6190-5c64-4101-ab50-6e41f87acfff [2026-06-19T13:11:11.279899] Expanding "src/gen/SalesOrderService.SalesOrderLog.hdbview"... ok (0s 23ms) (STDOUT, APP/TASK/deploy)#
#2026 06 19 13:11:15.410#Z#DEBUG#1ab74262-6be0-11f1-9c60-eeee0a944cb1.sales-order-backend-db-deployer#flowable-async-job-executor-thread-7834#
[PollExecuteTaskStatusExecution] 282d6190-5c64-4101-ab50-6e41f87acfff [2026-06-19T13:11:11.279987] Expanding "src/gen/SalesOrderService.SalesOrderStatuses_texts.hdbview"... ok (0s 21ms) (STDOUT, APP/TASK/deploy)#
#2026 06 19 13:11:15.410#Z#DEBUG#1ab74262-6be0-11f1-9c60-eeee0a944cb1.sales-order-backend-db-deployer#flowable-async-job-executor-thread-7834#
[PollExecuteTaskStatusExecution] 282d6190-5c64-4101-ab50-6e41f87acfff [2026-06-19T13:11:11.280060] Expanding "src/gen/SalesOrderService.SalesOrderItems.hdbview"... ok (0s 23ms) (STDOUT, APP/TASK/deploy)#
#2026 06 19 13:11:15.410#Z#DEBUG#1ab74262-6be0-11f1-9c60-eeee0a944cb1.sales-order-backend-db-deployer#flowable-async-job-executor-thread-7834#
[PollExecuteTaskStatusExecution] 282d6190-5c64-4101-ab50-6e41f87acfff [2026-06-19T13:11:11.280142] Expanding "src/gen/SalesOrderService.SalesOrderStatuses.hdbview"... ok (0s 22ms) (STDOUT, APP/TASK/deploy)#
#2026 06 19 13:11:15.410#Z#DEBUG#1ab74262-6be0-11f1-9c60-eeee0a944cb1.sales-order-backend-db-deployer#flowable-async-job-executor-thread-7834#
[PollExecuteTaskStatusExecution] 282d6190-5c64-4101-ab50-6e41f87acfff [2026-06-19T13:11:11.280222] Expanding "src/gen/SalesOrderService.SalesOrdersHeaders.hdbview"... (STDOUT, APP/TASK/deploy)#
#2026 06 19 13:11:15.410#Z#DEBUG#1ab74262-6be0-11f1-9c60-eeee0a944cb1.sales-order-backend-db-deployer#flowable-async-job-executor-thread-7834#
[PollExecuteTaskStatusExecution] 282d6190-5c64-4101-ab50-6e41f87acfff [2026-06-19T13:11:11.280303] Expanding "src/gen/cds.outbox.Messages.hdbtable"... (STDOUT, APP/TASK/deploy)#
#2026 06 19 13:11:15.410#Z#DEBUG#1ab74262-6be0-11f1-9c60-eeee0a944cb1.sales-order-backend-db-deployer#flowable-async-job-executor-thread-7834#
[PollExecuteTaskStatusExecution] 282d6190-5c64-4101-ab50-6e41f87acfff [2026-06-19T13:11:11.280380] Expanding "src/gen/SalesOrderService.products.hdbview"... (STDOUT, APP/TASK/deploy)#
#2026 06 19 13:11:15.410#Z#DEBUG#1ab74262-6be0-11f1-9c60-eeee0a944cb1.sales-order-backend-db-deployer#flowable-async-job-executor-thread-7834#
[PollExecuteTaskStatusExecution] 282d6190-5c64-4101-ab50-6e41f87acfff [2026-06-19T13:11:11.280465] Expanding "src/gen/SalesOrderService.customers.hdbview"... (STDOUT, APP/TASK/deploy)#
#2026 06 19 13:11:15.410#Z#DEBUG#1ab74262-6be0-11f1-9c60-eeee0a944cb1.sales-order-backend-db-deployer#flowable-async-job-executor-thread-7834#
[PollExecuteTaskStatusExecution] 282d6190-5c64-4101-ab50-6e41f87acfff [2026-06-19T13:11:11.280539] Expanding "src/gen/SalesOrderService.SalesOrdersHeaders.hdbview"... ok (0s 9ms) (STDOUT, APP/TASK/deploy)#
#2026 06 19 13:11:15.410#Z#DEBUG#1ab74262-6be0-11f1-9c60-eeee0a944cb1.sales-order-backend-db-deployer#flowable-async-job-executor-thread-7834#
[PollExecuteTaskStatusExecution] 282d6190-5c64-4101-ab50-6e41f87acfff [2026-06-19T13:11:11.280621] Expanding "src/gen/localized.SalesOrderService.SalesOrderStatuses.hdbview"... (STDOUT, APP/TASK/deploy)#
#2026 06 19 13:11:15.410#Z#DEBUG#1ab74262-6be0-11f1-9c60-eeee0a944cb1.sales-order-backend-db-deployer#flowable-async-job-executor-thread-7834#
[PollExecuteTaskStatusExecution] 282d6190-5c64-4101-ab50-6e41f87acfff [2026-06-19T13:11:11.280702] Expanding "src/gen/SalesOrderService.customers.hdbview"... ok (0s 10ms) (STDOUT, APP/TASK/deploy)#
#2026 06 19 13:11:15.410#Z#DEBUG#1ab74262-6be0-11f1-9c60-eeee0a944cb1.sales-order-backend-db-deployer#flowable-async-job-executor-thread-7834#
[PollExecuteTaskStatusExecution] 282d6190-5c64-4101-ab50-6e41f87acfff [2026-06-19T13:11:11.280784] Expanding "src/gen/localized.sales.SalesOrderStatuses.hdbview"... (STDOUT, APP/TASK/deploy)#
#2026 06 19 13:11:15.410#Z#DEBUG#1ab74262-6be0-11f1-9c60-eeee0a944cb1.sales-order-backend-db-deployer#flowable-async-job-executor-thread-7834#
[PollExecuteTaskStatusExecution] 282d6190-5c64-4101-ab50-6e41f87acfff [2026-06-19T13:11:11.280862] Expanding "src/gen/SalesOrderService.products.hdbview"... ok (0s 10ms) (STDOUT, APP/TASK/deploy)#
#2026 06 19 13:11:15.410#Z#DEBUG#1ab74262-6be0-11f1-9c60-eeee0a944cb1.sales-order-backend-db-deployer#flowable-async-job-executor-thread-7834#
[PollExecuteTaskStatusExecution] 282d6190-5c64-4101-ab50-6e41f87acfff [2026-06-19T13:11:11.280948] Expanding "src/gen/sales.SalesOrderHeaders.hdbtable"... (STDOUT, APP/TASK/deploy)#
#2026 06 19 13:11:15.410#Z#DEBUG#1ab74262-6be0-11f1-9c60-eeee0a944cb1.sales-order-backend-db-deployer#flowable-async-job-executor-thread-7834#
[PollExecuteTaskStatusExecution] 282d6190-5c64-4101-ab50-6e41f87acfff [2026-06-19T13:11:11.281022] Expanding "src/gen/cds.outbox.Messages.hdbtable"... ok (0s 11ms) (STDOUT, APP/TASK/deploy)#
#2026 06 19 13:11:15.410#Z#DEBUG#1ab74262-6be0-11f1-9c60-eeee0a944cb1.sales-order-backend-db-deployer#flowable-async-job-executor-thread-7834#
[PollExecuteTaskStatusExecution] 282d6190-5c64-4101-ab50-6e41f87acfff [2026-06-19T13:11:11.281102] Expanding "src/gen/sales.SalesOrderItems.hdbtable"... (STDOUT, APP/TASK/deploy)#
#2026 06 19 13:11:15.410#Z#DEBUG#1ab74262-6be0-11f1-9c60-eeee0a944cb1.sales-order-backend-db-deployer#flowable-async-job-executor-thread-7834#
[PollExecuteTaskStatusExecution] 282d6190-5c64-4101-ab50-6e41f87acfff [2026-06-19T13:11:11.281183] Expanding "src/gen/localized.SalesOrderService.SalesOrderStatuses.hdbview"... ok (0s 8ms) (STDOUT, APP/TASK/deploy)#
#2026 06 19 13:11:15.410#Z#DEBUG#1ab74262-6be0-11f1-9c60-eeee0a944cb1.sales-order-backend-db-deployer#flowable-async-job-executor-thread-7834#
[PollExecuteTaskStatusExecution] 282d6190-5c64-4101-ab50-6e41f87acfff [2026-06-19T13:11:11.281261] Expanding "src/gen/sales.SalesOrderLog.hdbtable"... (STDOUT, APP/TASK/deploy)#
#2026 06 19 13:11:15.410#Z#DEBUG#1ab74262-6be0-11f1-9c60-eeee0a944cb1.sales-order-backend-db-deployer#flowable-async-job-executor-thread-7834#
[PollExecuteTaskStatusExecution] 282d6190-5c64-4101-ab50-6e41f87acfff [2026-06-19T13:11:11.281338] Expanding "src/gen/localized.sales.SalesOrderStatuses.hdbview"... ok (0s 10ms) (STDOUT, APP/TASK/deploy)#
#2026 06 19 13:11:15.410#Z#DEBUG#1ab74262-6be0-11f1-9c60-eeee0a944cb1.sales-order-backend-db-deployer#flowable-async-job-executor-thread-7834#
[PollExecuteTaskStatusExecution] 282d6190-5c64-4101-ab50-6e41f87acfff [2026-06-19T13:11:11.281423] Expanding "src/gen/sales.SalesOrderStatuses.hdbtable"... (STDOUT, APP/TASK/deploy)#
#2026 06 19 13:11:15.410#Z#DEBUG#1ab74262-6be0-11f1-9c60-eeee0a944cb1.sales-order-backend-db-deployer#flowable-async-job-executor-thread-7834#
[PollExecuteTaskStatusExecution] 282d6190-5c64-4101-ab50-6e41f87acfff [2026-06-19T13:11:11.281519] Expanding "src/gen/sales.SalesOrderHeaders.hdbtable"... ok (0s 12ms) (STDOUT, APP/TASK/deploy)#
#2026 06 19 13:11:15.410#Z#DEBUG#1ab74262-6be0-11f1-9c60-eeee0a944cb1.sales-order-backend-db-deployer#flowable-async-job-executor-thread-7834#
[PollExecuteTaskStatusExecution] 282d6190-5c64-4101-ab50-6e41f87acfff [2026-06-19T13:11:11.281602] Expanding "src/gen/sales.SalesOrderStatuses_texts.hdbtable"... (STDOUT, APP/TASK/deploy)#
#2026 06 19 13:11:15.410#Z#DEBUG#1ab74262-6be0-11f1-9c60-eeee0a944cb1.sales-order-backend-db-deployer#flowable-async-job-executor-thread-7834#
[PollExecuteTaskStatusExecution] 282d6190-5c64-4101-ab50-6e41f87acfff [2026-06-19T13:11:11.281684] Expanding "src/gen/sales.SalesOrderItems.hdbtable"... ok (0s 13ms) (STDOUT, APP/TASK/deploy)#
#2026 06 19 13:11:15.410#Z#DEBUG#1ab74262-6be0-11f1-9c60-eeee0a944cb1.sales-order-backend-db-deployer#flowable-async-job-executor-thread-7834#
[PollExecuteTaskStatusExecution] 282d6190-5c64-4101-ab50-6e41f87acfff [2026-06-19T13:11:11.281760] Expanding "src/gen/sales.customers.hdbtable"... (STDOUT, APP/TASK/deploy)#
#2026 06 19 13:11:15.410#Z#DEBUG#1ab74262-6be0-11f1-9c60-eeee0a944cb1.sales-order-backend-db-deployer#flowable-async-job-executor-thread-7834#
[PollExecuteTaskStatusExecution] 282d6190-5c64-4101-ab50-6e41f87acfff [2026-06-19T13:11:11.281839] Expanding "src/gen/sales.SalesOrderLog.hdbtable"... ok (0s 10ms) (STDOUT, APP/TASK/deploy)#
#2026 06 19 13:11:15.410#Z#DEBUG#1ab74262-6be0-11f1-9c60-eeee0a944cb1.sales-order-backend-db-deployer#flowable-async-job-executor-thread-7834#
[PollExecuteTaskStatusExecution] 282d6190-5c64-4101-ab50-6e41f87acfff [2026-06-19T13:11:11.281915] Expanding "src/gen/sales.products.hdbtable"... (STDOUT, APP/TASK/deploy)#
#2026 06 19 13:11:15.410#Z#DEBUG#1ab74262-6be0-11f1-9c60-eeee0a944cb1.sales-order-backend-db-deployer#flowable-async-job-executor-thread-7834#
[PollExecuteTaskStatusExecution] 282d6190-5c64-4101-ab50-6e41f87acfff [2026-06-19T13:11:11.281997] Expanding "src/gen/sales.SalesOrderStatuses.hdbtable"... ok (0s 10ms) (STDOUT, APP/TASK/deploy)#
#2026 06 19 13:11:15.410#Z#DEBUG#1ab74262-6be0-11f1-9c60-eeee0a944cb1.sales-order-backend-db-deployer#flowable-async-job-executor-thread-7834#
[PollExecuteTaskStatusExecution] 282d6190-5c64-4101-ab50-6e41f87acfff [2026-06-19T13:11:11.282070] Expanding "src/gen/sales.SalesOrderStatuses_texts.hdbtable"... ok (0s 11ms) (STDOUT, APP/TASK/deploy)#
#2026 06 19 13:11:15.410#Z#DEBUG#1ab74262-6be0-11f1-9c60-eeee0a944cb1.sales-order-backend-db-deployer#flowable-async-job-executor-thread-7834#
[PollExecuteTaskStatusExecution] 282d6190-5c64-4101-ab50-6e41f87acfff [2026-06-19T13:11:11.282146] Expanding "src/gen/sales.customers.hdbtable"... ok (0s 9ms) (STDOUT, APP/TASK/deploy)#
#2026 06 19 13:11:15.410#Z#DEBUG#1ab74262-6be0-11f1-9c60-eeee0a944cb1.sales-order-backend-db-deployer#flowable-async-job-executor-thread-7834#
[PollExecuteTaskStatusExecution] 282d6190-5c64-4101-ab50-6e41f87acfff [2026-06-19T13:11:11.282225] Expanding "src/gen/sales.products.hdbtable"... ok (0s 9ms) (STDOUT, APP/TASK/deploy)#
#2026 06 19 13:11:15.410#Z#DEBUG#1ab74262-6be0-11f1-9c60-eeee0a944cb1.sales-order-backend-db-deployer#flowable-async-job-executor-thread-7834#
[PollExecuteTaskStatusExecution] 282d6190-5c64-4101-ab50-6e41f87acfff [2026-06-19T13:11:11.282311] Expanding... ok (0s 111ms) (STDOUT, APP/TASK/deploy)#
#2026 06 19 13:11:15.410#Z#DEBUG#1ab74262-6be0-11f1-9c60-eeee0a944cb1.sales-order-backend-db-deployer#flowable-async-job-executor-thread-7834#
[PollExecuteTaskStatusExecution] 282d6190-5c64-4101-ab50-6e41f87acfff [2026-06-19T13:11:11.282381] Precompiling... (STDOUT, APP/TASK/deploy)#
#2026 06 19 13:11:15.410#Z#DEBUG#1ab74262-6be0-11f1-9c60-eeee0a944cb1.sales-order-backend-db-deployer#flowable-async-job-executor-thread-7834#
[PollExecuteTaskStatusExecution] 282d6190-5c64-4101-ab50-6e41f87acfff [2026-06-19T13:11:11.282457] Precompiling "src/gen/SalesOrderService.SalesOrderItems.hdbview"... (STDOUT, APP/TASK/deploy)#
#2026 06 19 13:11:15.410#Z#DEBUG#1ab74262-6be0-11f1-9c60-eeee0a944cb1.sales-order-backend-db-deployer#flowable-async-job-executor-thread-7834#
[PollExecuteTaskStatusExecution] 282d6190-5c64-4101-ab50-6e41f87acfff [2026-06-19T13:11:11.282555] Precompiling "src/gen/SalesOrderService.SalesOrderLog.hdbview"... (STDOUT, APP/TASK/deploy)#
#2026 06 19 13:11:15.410#Z#DEBUG#1ab74262-6be0-11f1-9c60-eeee0a944cb1.sales-order-backend-db-deployer#flowable-async-job-executor-thread-7834#
[PollExecuteTaskStatusExecution] 282d6190-5c64-4101-ab50-6e41f87acfff [2026-06-19T13:11:11.283041] Precompiling "src/gen/SalesOrderService.SalesOrderStatuses.hdbview"... (STDOUT, APP/TASK/deploy)#
#2026 06 19 13:11:15.410#Z#DEBUG#1ab74262-6be0-11f1-9c60-eeee0a944cb1.sales-order-backend-db-deployer#flowable-async-job-executor-thread-7834#
[PollExecuteTaskStatusExecution] 282d6190-5c64-4101-ab50-6e41f87acfff [2026-06-19T13:11:11.283129] Precompiling "src/gen/SalesOrderService.SalesOrderStatuses_texts.hdbview"... (STDOUT, APP/TASK/deploy)#
#2026 06 19 13:11:15.410#Z#DEBUG#1ab74262-6be0-11f1-9c60-eeee0a944cb1.sales-order-backend-db-deployer#flowable-async-job-executor-thread-7834#
[PollExecuteTaskStatusExecution] 282d6190-5c64-4101-ab50-6e41f87acfff [2026-06-19T13:11:11.283210] Precompiling "src/gen/SalesOrderService.SalesOrderLog.hdbview"... ok (0s 13ms) (STDOUT, APP/TASK/deploy)#
#2026 06 19 13:11:15.410#Z#DEBUG#1ab74262-6be0-11f1-9c60-eeee0a944cb1.sales-order-backend-db-deployer#flowable-async-job-executor-thread-7834#
[PollExecuteTaskStatusExecution] 282d6190-5c64-4101-ab50-6e41f87acfff [2026-06-19T13:11:11.283290] Precompiling "src/gen/SalesOrderService.SalesOrderItems.hdbview"... ok (0s 14ms) (STDOUT, APP/TASK/deploy)#
#2026 06 19 13:11:15.410#Z#DEBUG#1ab74262-6be0-11f1-9c60-eeee0a944cb1.sales-order-backend-db-deployer#flowable-async-job-executor-thread-7834#
[PollExecuteTaskStatusExecution] 282d6190-5c64-4101-ab50-6e41f87acfff [2026-06-19T13:11:11.283368] Precompiling "src/gen/SalesOrderService.SalesOrderStatuses_texts.hdbview"... ok (0s 10ms) (STDOUT, APP/TASK/deploy)#
#2026 06 19 13:11:15.410#Z#DEBUG#1ab74262-6be0-11f1-9c60-eeee0a944cb1.sales-order-backend-db-deployer#flowable-async-job-executor-thread-7834#
[PollExecuteTaskStatusExecution] 282d6190-5c64-4101-ab50-6e41f87acfff [2026-06-19T13:11:11.283447] Precompiling "src/gen/SalesOrderService.SalesOrderStatuses.hdbview"... ok (0s 11ms) (STDOUT, APP/TASK/deploy)#
#2026 06 19 13:11:15.410#Z#DEBUG#1ab74262-6be0-11f1-9c60-eeee0a944cb1.sales-order-backend-db-deployer#flowable-async-job-executor-thread-7834#
[PollExecuteTaskStatusExecution] 282d6190-5c64-4101-ab50-6e41f87acfff [2026-06-19T13:11:11.283524] Precompiling "src/gen/SalesOrderService.SalesOrdersHeaders.hdbview"... (STDOUT, APP/TASK/deploy)#
#2026 06 19 13:11:15.410#Z#DEBUG#1ab74262-6be0-11f1-9c60-eeee0a944cb1.sales-order-backend-db-deployer#flowable-async-job-executor-thread-7834#
[PollExecuteTaskStatusExecution] 282d6190-5c64-4101-ab50-6e41f87acfff [2026-06-19T13:11:11.283600] Precompiling "src/gen/cds.outbox.Messages.hdbtable"... (STDOUT, APP/TASK/deploy)#
#2026 06 19 13:11:15.410#Z#DEBUG#1ab74262-6be0-11f1-9c60-eeee0a944cb1.sales-order-backend-db-deployer#flowable-async-job-executor-thread-7834#
[PollExecuteTaskStatusExecution] 282d6190-5c64-4101-ab50-6e41f87acfff [2026-06-19T13:11:11.283680] Precompiling "src/gen/SalesOrderService.customers.hdbview"... (STDOUT, APP/TASK/deploy)#
#2026 06 19 13:11:15.410#Z#DEBUG#1ab74262-6be0-11f1-9c60-eeee0a944cb1.sales-order-backend-db-deployer#flowable-async-job-executor-thread-7834#
[PollExecuteTaskStatusExecution] 282d6190-5c64-4101-ab50-6e41f87acfff [2026-06-19T13:11:11.283749] Precompiling "src/gen/SalesOrderService.products.hdbview"... (STDOUT, APP/TASK/deploy)#
#2026 06 19 13:11:15.410#Z#DEBUG#1ab74262-6be0-11f1-9c60-eeee0a944cb1.sales-order-backend-db-deployer#flowable-async-job-executor-thread-7834#
[PollExecuteTaskStatusExecution] 282d6190-5c64-4101-ab50-6e41f87acfff [2026-06-19T13:11:11.283827] Precompiling "src/gen/SalesOrderService.SalesOrdersHeaders.hdbview"... ok (0s 9ms) (STDOUT, APP/TASK/deploy)#
#2026 06 19 13:11:15.410#Z#DEBUG#1ab74262-6be0-11f1-9c60-eeee0a944cb1.sales-order-backend-db-deployer#flowable-async-job-executor-thread-7834#
[PollExecuteTaskStatusExecution] 282d6190-5c64-4101-ab50-6e41f87acfff [2026-06-19T13:11:11.283906] Precompiling "src/gen/localized.SalesOrderService.SalesOrderStatuses.hdbview"... (STDOUT, APP/TASK/deploy)#
#2026 06 19 13:11:15.410#Z#DEBUG#1ab74262-6be0-11f1-9c60-eeee0a944cb1.sales-order-backend-db-deployer#flowable-async-job-executor-thread-7834#
[PollExecuteTaskStatusExecution] 282d6190-5c64-4101-ab50-6e41f87acfff [2026-06-19T13:11:11.283983] Precompiling "src/gen/SalesOrderService.products.hdbview"... ok (0s 10ms) (STDOUT, APP/TASK/deploy)#
#2026 06 19 13:11:15.410#Z#DEBUG#1ab74262-6be0-11f1-9c60-eeee0a944cb1.sales-order-backend-db-deployer#flowable-async-job-executor-thread-7834#
[PollExecuteTaskStatusExecution] 282d6190-5c64-4101-ab50-6e41f87acfff [2026-06-19T13:11:11.284153] Precompiling "src/gen/localized.sales.SalesOrderStatuses.hdbview"... (STDOUT, APP/TASK/deploy)#
#2026 06 19 13:11:15.410#Z#DEBUG#1ab74262-6be0-11f1-9c60-eeee0a944cb1.sales-order-backend-db-deployer#flowable-async-job-executor-thread-7834#
[PollExecuteTaskStatusExecution] 282d6190-5c64-4101-ab50-6e41f87acfff [2026-06-19T13:11:11.284168] Precompiling "src/gen/SalesOrderService.customers.hdbview"... ok (0s 10ms) (STDOUT, APP/TASK/deploy)#
#2026 06 19 13:11:15.410#Z#DEBUG#1ab74262-6be0-11f1-9c60-eeee0a944cb1.sales-order-backend-db-deployer#flowable-async-job-executor-thread-7834#
[PollExecuteTaskStatusExecution] 282d6190-5c64-4101-ab50-6e41f87acfff [2026-06-19T13:11:11.284512] Precompiling "src/gen/sales.SalesOrderHeaders.hdbtable"... (STDOUT, APP/TASK/deploy)#
#2026 06 19 13:11:15.410#Z#DEBUG#1ab74262-6be0-11f1-9c60-eeee0a944cb1.sales-order-backend-db-deployer#flowable-async-job-executor-thread-7834#
[PollExecuteTaskStatusExecution] 282d6190-5c64-4101-ab50-6e41f87acfff [2026-06-19T13:11:11.284534] Precompiling "src/gen/cds.outbox.Messages.hdbtable"... ok (0s 11ms) (STDOUT, APP/TASK/deploy)#
#2026 06 19 13:11:15.410#Z#DEBUG#1ab74262-6be0-11f1-9c60-eeee0a944cb1.sales-order-backend-db-deployer#flowable-async-job-executor-thread-7834#
[PollExecuteTaskStatusExecution] 282d6190-5c64-4101-ab50-6e41f87acfff [2026-06-19T13:11:11.284591] Precompiling "src/gen/sales.SalesOrderItems.hdbtable"... (STDOUT, APP/TASK/deploy)#
#2026 06 19 13:11:15.410#Z#DEBUG#1ab74262-6be0-11f1-9c60-eeee0a944cb1.sales-order-backend-db-deployer#flowable-async-job-executor-thread-7834#
[PollExecuteTaskStatusExecution] 282d6190-5c64-4101-ab50-6e41f87acfff [2026-06-19T13:11:11.284654] Precompiling "src/gen/localized.SalesOrderService.SalesOrderStatuses.hdbview"... ok (0s 9ms) (STDOUT, APP/TASK/deploy)#
#2026 06 19 13:11:15.410#Z#DEBUG#1ab74262-6be0-11f1-9c60-eeee0a944cb1.sales-order-backend-db-deployer#flowable-async-job-executor-thread-7834#
[PollExecuteTaskStatusExecution] 282d6190-5c64-4101-ab50-6e41f87acfff [2026-06-19T13:11:11.284689] Precompiling "src/gen/sales.SalesOrderLog.hdbtable"... (STDOUT, APP/TASK/deploy)#
#2026 06 19 13:11:15.410#Z#DEBUG#1ab74262-6be0-11f1-9c60-eeee0a944cb1.sales-order-backend-db-deployer#flowable-async-job-executor-thread-7834#
[PollExecuteTaskStatusExecution] 282d6190-5c64-4101-ab50-6e41f87acfff [2026-06-19T13:11:11.284777] Precompiling "src/gen/sales.SalesOrderHeaders.hdbtable"... ok (0s 8ms) (STDOUT, APP/TASK/deploy)#
#2026 06 19 13:11:15.410#Z#DEBUG#1ab74262-6be0-11f1-9c60-eeee0a944cb1.sales-order-backend-db-deployer#flowable-async-job-executor-thread-7834#
[PollExecuteTaskStatusExecution] 282d6190-5c64-4101-ab50-6e41f87acfff [2026-06-19T13:11:11.284816] Precompiling "src/gen/sales.SalesOrderStatuses.hdbtable"... (STDOUT, APP/TASK/deploy)#
#2026 06 19 13:11:15.410#Z#DEBUG#1ab74262-6be0-11f1-9c60-eeee0a944cb1.sales-order-backend-db-deployer#flowable-async-job-executor-thread-7834#
[PollExecuteTaskStatusExecution] 282d6190-5c64-4101-ab50-6e41f87acfff [2026-06-19T13:11:11.284924] Precompiling "src/gen/localized.sales.SalesOrderStatuses.hdbview"... ok (0s 9ms) (STDOUT, APP/TASK/deploy)#
#2026 06 19 13:11:15.410#Z#DEBUG#1ab74262-6be0-11f1-9c60-eeee0a944cb1.sales-order-backend-db-deployer#flowable-async-job-executor-thread-7834#
[PollExecuteTaskStatusExecution] 282d6190-5c64-4101-ab50-6e41f87acfff [2026-06-19T13:11:11.284928] Precompiling "src/gen/sales.SalesOrderStatuses_texts.hdbtable"... (STDOUT, APP/TASK/deploy)#
#2026 06 19 13:11:15.410#Z#DEBUG#1ab74262-6be0-11f1-9c60-eeee0a944cb1.sales-order-backend-db-deployer#flowable-async-job-executor-thread-7834#
[PollExecuteTaskStatusExecution] 282d6190-5c64-4101-ab50-6e41f87acfff [2026-06-19T13:11:11.285017] Precompiling "src/gen/sales.SalesOrderItems.hdbtable"... ok (0s 9ms) (STDOUT, APP/TASK/deploy)#
#2026 06 19 13:11:15.410#Z#DEBUG#1ab74262-6be0-11f1-9c60-eeee0a944cb1.sales-order-backend-db-deployer#flowable-async-job-executor-thread-7834#
[PollExecuteTaskStatusExecution] 282d6190-5c64-4101-ab50-6e41f87acfff [2026-06-19T13:11:11.285037] Precompiling "src/gen/sales.customers.hdbtable"... (STDOUT, APP/TASK/deploy)#
#2026 06 19 13:11:15.410#Z#DEBUG#1ab74262-6be0-11f1-9c60-eeee0a944cb1.sales-order-backend-db-deployer#flowable-async-job-executor-thread-7834#
[PollExecuteTaskStatusExecution] 282d6190-5c64-4101-ab50-6e41f87acfff [2026-06-19T13:11:11.285110] Precompiling "src/gen/sales.SalesOrderStatuses.hdbtable"... ok (0s 9ms) (STDOUT, APP/TASK/deploy)#
#2026 06 19 13:11:15.410#Z#DEBUG#1ab74262-6be0-11f1-9c60-eeee0a944cb1.sales-order-backend-db-deployer#flowable-async-job-executor-thread-7834#
[PollExecuteTaskStatusExecution] 282d6190-5c64-4101-ab50-6e41f87acfff [2026-06-19T13:11:11.285147] Precompiling "src/gen/sales.products.hdbtable"... (STDOUT, APP/TASK/deploy)#
#2026 06 19 13:11:15.410#Z#DEBUG#1ab74262-6be0-11f1-9c60-eeee0a944cb1.sales-order-backend-db-deployer#flowable-async-job-executor-thread-7834#
[PollExecuteTaskStatusExecution] 282d6190-5c64-4101-ab50-6e41f87acfff [2026-06-19T13:11:11.285232] Precompiling "src/gen/sales.SalesOrderLog.hdbtable"... ok (0s 10ms) (STDOUT, APP/TASK/deploy)#
#2026 06 19 13:11:15.410#Z#DEBUG#1ab74262-6be0-11f1-9c60-eeee0a944cb1.sales-order-backend-db-deployer#flowable-async-job-executor-thread-7834#
[PollExecuteTaskStatusExecution] 282d6190-5c64-4101-ab50-6e41f87acfff [2026-06-19T13:11:11.285261] Precompiling "src/gen/sales.customers.hdbtable"... ok (0s 8ms) (STDOUT, APP/TASK/deploy)#
#2026 06 19 13:11:15.410#Z#DEBUG#1ab74262-6be0-11f1-9c60-eeee0a944cb1.sales-order-backend-db-deployer#flowable-async-job-executor-thread-7834#
[PollExecuteTaskStatusExecution] 282d6190-5c64-4101-ab50-6e41f87acfff [2026-06-19T13:11:11.285329] Precompiling "src/gen/sales.SalesOrderStatuses_texts.hdbtable"... ok (0s 9ms) (STDOUT, APP/TASK/deploy)#
#2026 06 19 13:11:15.410#Z#DEBUG#1ab74262-6be0-11f1-9c60-eeee0a944cb1.sales-order-backend-db-deployer#flowable-async-job-executor-thread-7834#
[PollExecuteTaskStatusExecution] 282d6190-5c64-4101-ab50-6e41f87acfff [2026-06-19T13:11:11.285346] Precompiling "src/gen/sales.products.hdbtable"... ok (0s 5ms) (STDOUT, APP/TASK/deploy)#
#2026 06 19 13:11:15.410#Z#DEBUG#1ab74262-6be0-11f1-9c60-eeee0a944cb1.sales-order-backend-db-deployer#flowable-async-job-executor-thread-7834#
[PollExecuteTaskStatusExecution] 282d6190-5c64-4101-ab50-6e41f87acfff [2026-06-19T13:11:11.285473] Precompiling... ok (0s 69ms) (STDOUT, APP/TASK/deploy)#
#2026 06 19 13:11:15.410#Z#DEBUG#1ab74262-6be0-11f1-9c60-eeee0a944cb1.sales-order-backend-db-deployer#flowable-async-job-executor-thread-7834#
[PollExecuteTaskStatusExecution] 282d6190-5c64-4101-ab50-6e41f87acfff [2026-06-19T13:11:11.285533] Merging... (STDOUT, APP/TASK/deploy)#
#2026 06 19 13:11:15.410#Z#DEBUG#1ab74262-6be0-11f1-9c60-eeee0a944cb1.sales-order-backend-db-deployer#flowable-async-job-executor-thread-7834#
[PollExecuteTaskStatusExecution] 282d6190-5c64-4101-ab50-6e41f87acfff [2026-06-19T13:11:11.285598] Merging... ok (0s 24ms) (STDOUT, APP/TASK/deploy)#
#2026 06 19 13:11:15.410#Z#DEBUG#1ab74262-6be0-11f1-9c60-eeee0a944cb1.sales-order-backend-db-deployer#flowable-async-job-executor-thread-7834#
[PollExecuteTaskStatusExecution] 282d6190-5c64-4101-ab50-6e41f87acfff [2026-06-19T13:11:11.285631] Calculating dependencies... ok (0s 204ms) (STDOUT, APP/TASK/deploy)#
#2026 06 19 13:11:15.410#Z#DEBUG#1ab74262-6be0-11f1-9c60-eeee0a944cb1.sales-order-backend-db-deployer#flowable-async-job-executor-thread-7834#
[PollExecuteTaskStatusExecution] 282d6190-5c64-4101-ab50-6e41f87acfff [2026-06-19T13:11:11.285713] Processing work list... (STDOUT, APP/TASK/deploy)#
#2026 06 19 13:11:15.410#Z#DEBUG#1ab74262-6be0-11f1-9c60-eeee0a944cb1.sales-order-backend-db-deployer#flowable-async-job-executor-thread-7834#
[PollExecuteTaskStatusExecution] 282d6190-5c64-4101-ab50-6e41f87acfff [2026-06-19T13:11:11.285767] Deploying "src/gen/cds.outbox.Messages.hdbtable"... (STDOUT, APP/TASK/deploy)#
#2026 06 19 13:11:15.410#Z#DEBUG#1ab74262-6be0-11f1-9c60-eeee0a944cb1.sales-order-backend-db-deployer#flowable-async-job-executor-thread-7834#
[PollExecuteTaskStatusExecution] 282d6190-5c64-4101-ab50-6e41f87acfff [2026-06-19T13:11:11.285843] Deploying "src/gen/sales.SalesOrderHeaders.hdbtable"... (STDOUT, APP/TASK/deploy)#
#2026 06 19 13:11:15.410#Z#DEBUG#1ab74262-6be0-11f1-9c60-eeee0a944cb1.sales-order-backend-db-deployer#flowable-async-job-executor-thread-7834#
[PollExecuteTaskStatusExecution] 282d6190-5c64-4101-ab50-6e41f87acfff [2026-06-19T13:11:11.285921] Deploying "src/gen/sales.SalesOrderItems.hdbtable"... (STDOUT, APP/TASK/deploy)#
#2026 06 19 13:11:15.410#Z#DEBUG#1ab74262-6be0-11f1-9c60-eeee0a944cb1.sales-order-backend-db-deployer#flowable-async-job-executor-thread-7834#
[PollExecuteTaskStatusExecution] 282d6190-5c64-4101-ab50-6e41f87acfff [2026-06-19T13:11:11.762399] Deploying "src/gen/cds.outbox.Messages.hdbtable"... ok (0s 207ms) (STDOUT, APP/TASK/deploy)#
#2026 06 19 13:11:15.410#Z#DEBUG#1ab74262-6be0-11f1-9c60-eeee0a944cb1.sales-order-backend-db-deployer#flowable-async-job-executor-thread-7834#
[PollExecuteTaskStatusExecution] 282d6190-5c64-4101-ab50-6e41f87acfff [2026-06-19T13:11:11.762443] Deploying "src/gen/sales.SalesOrderLog.hdbtable"... (STDOUT, APP/TASK/deploy)#
#2026 06 19 13:11:15.410#Z#DEBUG#1ab74262-6be0-11f1-9c60-eeee0a944cb1.sales-order-backend-db-deployer#flowable-async-job-executor-thread-7834#
[PollExecuteTaskStatusExecution] 282d6190-5c64-4101-ab50-6e41f87acfff [2026-06-19T13:11:11.762542] Deploying "src/gen/sales.SalesOrderHeaders.hdbtable"... ok (0s 212ms) (STDOUT, APP/TASK/deploy)#
#2026 06 19 13:11:15.410#Z#DEBUG#1ab74262-6be0-11f1-9c60-eeee0a944cb1.sales-order-backend-db-deployer#flowable-async-job-executor-thread-7834#
[PollExecuteTaskStatusExecution] 282d6190-5c64-4101-ab50-6e41f87acfff [2026-06-19T13:11:11.762606] Deploying "src/gen/sales.SalesOrderStatuses.hdbtable"... (STDOUT, APP/TASK/deploy)#
#2026 06 19 13:11:15.410#Z#DEBUG#1ab74262-6be0-11f1-9c60-eeee0a944cb1.sales-order-backend-db-deployer#flowable-async-job-executor-thread-7834#
[PollExecuteTaskStatusExecution] 282d6190-5c64-4101-ab50-6e41f87acfff [2026-06-19T13:11:11.763551] Deploying "src/gen/sales.SalesOrderItems.hdbtable"... ok (0s 213ms) (STDOUT, APP/TASK/deploy)#
#2026 06 19 13:11:15.410#Z#DEBUG#1ab74262-6be0-11f1-9c60-eeee0a944cb1.sales-order-backend-db-deployer#flowable-async-job-executor-thread-7834#
[PollExecuteTaskStatusExecution] 282d6190-5c64-4101-ab50-6e41f87acfff [2026-06-19T13:11:11.763655] Deploying "src/gen/sales.SalesOrderStatuses_texts.hdbtable"... (STDOUT, APP/TASK/deploy)#
#2026 06 19 13:11:15.410#Z#DEBUG#1ab74262-6be0-11f1-9c60-eeee0a944cb1.sales-order-backend-db-deployer#flowable-async-job-executor-thread-7834#
[PollExecuteTaskStatusExecution] 282d6190-5c64-4101-ab50-6e41f87acfff [2026-06-19T13:11:11.763709] Deploying "src/gen/sales.SalesOrderLog.hdbtable"... ok (0s 22ms) (STDOUT, APP/TASK/deploy)#
#2026 06 19 13:11:15.410#Z#DEBUG#1ab74262-6be0-11f1-9c60-eeee0a944cb1.sales-order-backend-db-deployer#flowable-async-job-executor-thread-7834#
[PollExecuteTaskStatusExecution] 282d6190-5c64-4101-ab50-6e41f87acfff [2026-06-19T13:11:11.763817] Deploying "src/gen/sales.customers.hdbtable"... (STDOUT, APP/TASK/deploy)#
#2026 06 19 13:11:15.410#Z#DEBUG#1ab74262-6be0-11f1-9c60-eeee0a944cb1.sales-order-backend-db-deployer#flowable-async-job-executor-thread-7834#
[PollExecuteTaskStatusExecution] 282d6190-5c64-4101-ab50-6e41f87acfff [2026-06-19T13:11:11.763955] Deploying "src/gen/sales.SalesOrderStatuses.hdbtable"... ok (0s 21ms) (STDOUT, APP/TASK/deploy)#
#2026 06 19 13:11:15.410#Z#DEBUG#1ab74262-6be0-11f1-9c60-eeee0a944cb1.sales-order-backend-db-deployer#flowable-async-job-executor-thread-7834#
[PollExecuteTaskStatusExecution] 282d6190-5c64-4101-ab50-6e41f87acfff [2026-06-19T13:11:11.763999] Deploying "src/gen/sales.products.hdbtable"... (STDOUT, APP/TASK/deploy)#
#2026 06 19 13:11:15.410#Z#DEBUG#1ab74262-6be0-11f1-9c60-eeee0a944cb1.sales-order-backend-db-deployer#flowable-async-job-executor-thread-7834#
[PollExecuteTaskStatusExecution] 282d6190-5c64-4101-ab50-6e41f87acfff [2026-06-19T13:11:11.764136] Deploying "src/gen/sales.SalesOrderStatuses_texts.hdbtable"... ok (0s 21ms) (STDOUT, APP/TASK/deploy)#
#2026 06 19 13:11:15.410#Z#DEBUG#1ab74262-6be0-11f1-9c60-eeee0a944cb1.sales-order-backend-db-deployer#flowable-async-job-executor-thread-7834#
[PollExecuteTaskStatusExecution] 282d6190-5c64-4101-ab50-6e41f87acfff [2026-06-19T13:11:11.764183] Deploying "src/gen/SalesOrderService.SalesOrdersHeaders.hdbview"... (STDOUT, APP/TASK/deploy)#
#2026 06 19 13:11:15.410#Z#DEBUG#1ab74262-6be0-11f1-9c60-eeee0a944cb1.sales-order-backend-db-deployer#flowable-async-job-executor-thread-7834#
[PollExecuteTaskStatusExecution] 282d6190-5c64-4101-ab50-6e41f87acfff [2026-06-19T13:11:11.764308] Deploying "src/gen/sales.customers.hdbtable"... ok (0s 24ms) (STDOUT, APP/TASK/deploy)#
#2026 06 19 13:11:15.410#Z#DEBUG#1ab74262-6be0-11f1-9c60-eeee0a944cb1.sales-order-backend-db-deployer#flowable-async-job-executor-thread-7834#
[PollExecuteTaskStatusExecution] 282d6190-5c64-4101-ab50-6e41f87acfff [2026-06-19T13:11:11.764353] Deploying "src/gen/SalesOrderService.SalesOrderItems.hdbview"... (STDOUT, APP/TASK/deploy)#
#2026 06 19 13:11:15.410#Z#DEBUG#1ab74262-6be0-11f1-9c60-eeee0a944cb1.sales-order-backend-db-deployer#flowable-async-job-executor-thread-7834#
[PollExecuteTaskStatusExecution] 282d6190-5c64-4101-ab50-6e41f87acfff [2026-06-19T13:11:11.764461] Deploying "src/gen/sales.products.hdbtable"... ok (0s 52ms) (STDOUT, APP/TASK/deploy)#
#2026 06 19 13:11:15.410#Z#DEBUG#1ab74262-6be0-11f1-9c60-eeee0a944cb1.sales-order-backend-db-deployer#flowable-async-job-executor-thread-7834#
[PollExecuteTaskStatusExecution] 282d6190-5c64-4101-ab50-6e41f87acfff [2026-06-19T13:11:11.764489] Deploying "src/gen/SalesOrderService.SalesOrderLog.hdbview"... (STDOUT, APP/TASK/deploy)#
#2026 06 19 13:11:15.410#Z#DEBUG#1ab74262-6be0-11f1-9c60-eeee0a944cb1.sales-order-backend-db-deployer#flowable-async-job-executor-thread-7834#
[PollExecuteTaskStatusExecution] 282d6190-5c64-4101-ab50-6e41f87acfff [2026-06-19T13:11:11.764644] Deploying "src/gen/SalesOrderService.SalesOrdersHeaders.hdbview"... ok (0s 51ms) (STDOUT, APP/TASK/deploy)#
#2026 06 19 13:11:15.410#Z#DEBUG#1ab74262-6be0-11f1-9c60-eeee0a944cb1.sales-order-backend-db-deployer#flowable-async-job-executor-thread-7834#
[PollExecuteTaskStatusExecution] 282d6190-5c64-4101-ab50-6e41f87acfff [2026-06-19T13:11:11.764687] Deploying "src/gen/SalesOrderService.SalesOrderStatuses.hdbview"... (STDOUT, APP/TASK/deploy)#
#2026 06 19 13:11:15.410#Z#DEBUG#1ab74262-6be0-11f1-9c60-eeee0a944cb1.sales-order-backend-db-deployer#flowable-async-job-executor-thread-7834#
[PollExecuteTaskStatusExecution] 282d6190-5c64-4101-ab50-6e41f87acfff [2026-06-19T13:11:11.764729] Deploying "src/gen/SalesOrderService.SalesOrderItems.hdbview"... ok (0s 65ms) (STDOUT, APP/TASK/deploy)#
#2026 06 19 13:11:15.410#Z#DEBUG#1ab74262-6be0-11f1-9c60-eeee0a944cb1.sales-order-backend-db-deployer#flowable-async-job-executor-thread-7834#
[PollExecuteTaskStatusExecution] 282d6190-5c64-4101-ab50-6e41f87acfff [2026-06-19T13:11:11.764732] Deploying "src/gen/SalesOrderService.SalesOrderStatuses_texts.hdbview"... (STDOUT, APP/TASK/deploy)#
#2026 06 19 13:11:15.410#Z#DEBUG#1ab74262-6be0-11f1-9c60-eeee0a944cb1.sales-order-backend-db-deployer#flowable-async-job-executor-thread-7834#
[PollExecuteTaskStatusExecution] 282d6190-5c64-4101-ab50-6e41f87acfff [2026-06-19T13:11:11.764852] Deploying "src/gen/SalesOrderService.SalesOrderStatuses.hdbview"... ok (0s 33ms) (STDOUT, APP/TASK/deploy)#
#2026 06 19 13:11:15.410#Z#DEBUG#1ab74262-6be0-11f1-9c60-eeee0a944cb1.sales-order-backend-db-deployer#flowable-async-job-executor-thread-7834#
[PollExecuteTaskStatusExecution] 282d6190-5c64-4101-ab50-6e41f87acfff [2026-06-19T13:11:11.764880] Deploying "src/gen/localized.sales.SalesOrderStatuses.hdbview"... (STDOUT, APP/TASK/deploy)#
#2026 06 19 13:11:15.410#Z#DEBUG#1ab74262-6be0-11f1-9c60-eeee0a944cb1.sales-order-backend-db-deployer#flowable-async-job-executor-thread-7834#
[PollExecuteTaskStatusExecution] 282d6190-5c64-4101-ab50-6e41f87acfff [2026-06-19T13:11:11.764897] Deploying "src/gen/SalesOrderService.SalesOrderLog.hdbview"... ok (0s 34ms) (STDOUT, APP/TASK/deploy)#
#2026 06 19 13:11:15.410#Z#DEBUG#1ab74262-6be0-11f1-9c60-eeee0a944cb1.sales-order-backend-db-deployer#flowable-async-job-executor-thread-7834#
[PollExecuteTaskStatusExecution] 282d6190-5c64-4101-ab50-6e41f87acfff [2026-06-19T13:11:11.764953] Deploying "src/gen/SalesOrderService.customers.hdbview"... (STDOUT, APP/TASK/deploy)#
#2026 06 19 13:11:15.410#Z#DEBUG#1ab74262-6be0-11f1-9c60-eeee0a944cb1.sales-order-backend-db-deployer#flowable-async-job-executor-thread-7834#
[PollExecuteTaskStatusExecution] 282d6190-5c64-4101-ab50-6e41f87acfff [2026-06-19T13:11:11.765030] Deploying "src/gen/SalesOrderService.SalesOrderStatuses_texts.hdbview"... ok (0s 32ms) (STDOUT, APP/TASK/deploy)#
#2026 06 19 13:11:15.410#Z#DEBUG#1ab74262-6be0-11f1-9c60-eeee0a944cb1.sales-order-backend-db-deployer#flowable-async-job-executor-thread-7834#
[PollExecuteTaskStatusExecution] 282d6190-5c64-4101-ab50-6e41f87acfff [2026-06-19T13:11:11.765083] Deploying "src/gen/SalesOrderService.products.hdbview"... (STDOUT, APP/TASK/deploy)#
#2026 06 19 13:11:15.410#Z#DEBUG#1ab74262-6be0-11f1-9c60-eeee0a944cb1.sales-order-backend-db-deployer#flowable-async-job-executor-thread-7834#
[PollExecuteTaskStatusExecution] 282d6190-5c64-4101-ab50-6e41f87acfff [2026-06-19T13:11:11.765125] Deploying "src/gen/localized.sales.SalesOrderStatuses.hdbview"... ok (0s 32ms) (STDOUT, APP/TASK/deploy)#
#2026 06 19 13:11:15.410#Z#DEBUG#1ab74262-6be0-11f1-9c60-eeee0a944cb1.sales-order-backend-db-deployer#flowable-async-job-executor-thread-7834#
[PollExecuteTaskStatusExecution] 282d6190-5c64-4101-ab50-6e41f87acfff [2026-06-19T13:11:11.765158] Deploying "src/gen/localized.SalesOrderService.SalesOrderStatuses.hdbview"... (STDOUT, APP/TASK/deploy)#
#2026 06 19 13:11:15.410#Z#DEBUG#1ab74262-6be0-11f1-9c60-eeee0a944cb1.sales-order-backend-db-deployer#flowable-async-job-executor-thread-7834#
[PollExecuteTaskStatusExecution] 282d6190-5c64-4101-ab50-6e41f87acfff [2026-06-19T13:11:11.765194] Deploying "src/gen/SalesOrderService.customers.hdbview"... ok (0s 32ms) (STDOUT, APP/TASK/deploy)#
#2026 06 19 13:11:15.410#Z#DEBUG#1ab74262-6be0-11f1-9c60-eeee0a944cb1.sales-order-backend-db-deployer#flowable-async-job-executor-thread-7834#
[PollExecuteTaskStatusExecution] 282d6190-5c64-4101-ab50-6e41f87acfff [2026-06-19T13:11:11.765231] Deploying "src/gen/localized.SalesOrderService.SalesOrderStatuses.hdbview"... ok (0s 27ms) (STDOUT, APP/TASK/deploy)#
#2026 06 19 13:11:15.410#Z#DEBUG#1ab74262-6be0-11f1-9c60-eeee0a944cb1.sales-order-backend-db-deployer#flowable-async-job-executor-thread-7834#
[PollExecuteTaskStatusExecution] 282d6190-5c64-4101-ab50-6e41f87acfff [2026-06-19T13:11:11.765270] Deploying "src/gen/SalesOrderService.products.hdbview"... ok (0s 29ms) (STDOUT, APP/TASK/deploy)#
#2026 06 19 13:11:15.410#Z#DEBUG#1ab74262-6be0-11f1-9c60-eeee0a944cb1.sales-order-backend-db-deployer#flowable-async-job-executor-thread-7834#
[PollExecuteTaskStatusExecution] 282d6190-5c64-4101-ab50-6e41f87acfff [2026-06-19T13:11:11.765302] Processing work list... ok (0s 402ms) (STDOUT, APP/TASK/deploy)#
#2026 06 19 13:11:15.410#Z#DEBUG#1ab74262-6be0-11f1-9c60-eeee0a944cb1.sales-order-backend-db-deployer#flowable-async-job-executor-thread-7834#
[PollExecuteTaskStatusExecution] 282d6190-5c64-4101-ab50-6e41f87acfff [2026-06-19T13:11:11.765375] Finalizing... (STDOUT, APP/TASK/deploy)#
#2026 06 19 13:11:15.410#Z#DEBUG#1ab74262-6be0-11f1-9c60-eeee0a944cb1.sales-order-backend-db-deployer#flowable-async-job-executor-thread-7834#
[PollExecuteTaskStatusExecution] 282d6190-5c64-4101-ab50-6e41f87acfff [2026-06-19T13:11:11.765427] Finalizing... ok (0s 64ms) (STDOUT, APP/TASK/deploy)#
#2026 06 19 13:11:15.410#Z#DEBUG#1ab74262-6be0-11f1-9c60-eeee0a944cb1.sales-order-backend-db-deployer#flowable-async-job-executor-thread-7834#
[PollExecuteTaskStatusExecution] 282d6190-5c64-4101-ab50-6e41f87acfff [2026-06-19T13:11:11.765470] Make succeeded (1 warnings): 20 files deployed (effective 20), 0 files undeployed (effective 0), 0 dependent files redeployed (STDOUT, APP/TASK/deploy)#
#2026 06 19 13:11:15.410#Z#DEBUG#1ab74262-6be0-11f1-9c60-eeee0a944cb1.sales-order-backend-db-deployer#flowable-async-job-executor-thread-7834#
[PollExecuteTaskStatusExecution] 282d6190-5c64-4101-ab50-6e41f87acfff [2026-06-19T13:11:11.765562] Making... ok (1s 863ms) (STDOUT, APP/TASK/deploy)#
#2026 06 19 13:11:15.410#Z#DEBUG#1ab74262-6be0-11f1-9c60-eeee0a944cb1.sales-order-backend-db-deployer#flowable-async-job-executor-thread-7834#
[PollExecuteTaskStatusExecution] 282d6190-5c64-4101-ab50-6e41f87acfff [2026-06-19T13:11:11.765609] Enabling table replication for the container schema "SALESORDERDB"... (STDOUT, APP/TASK/deploy)#
#2026 06 19 13:11:15.410#Z#DEBUG#1ab74262-6be0-11f1-9c60-eeee0a944cb1.sales-order-backend-db-deployer#flowable-async-job-executor-thread-7834#
[PollExecuteTaskStatusExecution] 282d6190-5c64-4101-ab50-6e41f87acfff [2026-06-19T13:11:11.765657] Enabling table replication for the container schema "SALESORDERDB"... ok (0s 9ms) (STDOUT, APP/TASK/deploy)#
#2026 06 19 13:11:15.410#Z#DEBUG#1ab74262-6be0-11f1-9c60-eeee0a944cb1.sales-order-backend-db-deployer#flowable-async-job-executor-thread-7834#
[PollExecuteTaskStatusExecution] 282d6190-5c64-4101-ab50-6e41f87acfff [2026-06-19T13:11:11.765717] Starting make in the container "SALESORDERDB" with 20 files to deploy, 0 files to undeploy... ok (2s 19ms) (STDOUT, APP/TASK/deploy)#
#2026 06 19 13:11:15.410#Z#DEBUG#1ab74262-6be0-11f1-9c60-eeee0a944cb1.sales-order-backend-db-deployer#flowable-async-job-executor-thread-7834#
[PollExecuteTaskStatusExecution] 282d6190-5c64-4101-ab50-6e41f87acfff [2026-06-19T13:11:11.765755] Deploying to the container "SALESORDERDB"... ok (2s 323ms) (STDOUT, APP/TASK/deploy)#
#2026 06 19 13:11:15.410#Z#DEBUG#1ab74262-6be0-11f1-9c60-eeee0a944cb1.sales-order-backend-db-deployer#flowable-async-job-executor-thread-7834#
[PollExecuteTaskStatusExecution] 282d6190-5c64-4101-ab50-6e41f87acfff [2026-06-19T13:11:11.766257] No default-access-role handling needed; global role "SALESORDERDB::access_role" will not be adapted (STDOUT, APP/TASK/deploy)#
#2026 06 19 13:11:15.410#Z#DEBUG#1ab74262-6be0-11f1-9c60-eeee0a944cb1.sales-order-backend-db-deployer#flowable-async-job-executor-thread-7834#
[PollExecuteTaskStatusExecution] 282d6190-5c64-4101-ab50-6e41f87acfff [2026-06-19T13:11:11.766458] Unlocking the container "SALESORDERDB"... (STDOUT, APP/TASK/deploy)#
#2026 06 19 13:11:15.410#Z#DEBUG#1ab74262-6be0-11f1-9c60-eeee0a944cb1.sales-order-backend-db-deployer#flowable-async-job-executor-thread-7834#
[PollExecuteTaskStatusExecution] 282d6190-5c64-4101-ab50-6e41f87acfff [2026-06-19T13:11:11.768173] Unlocking the container "SALESORDERDB"... ok (0s 2ms) (STDOUT, APP/TASK/deploy)#
#2026 06 19 13:11:15.410#Z#DEBUG#1ab74262-6be0-11f1-9c60-eeee0a944cb1.sales-order-backend-db-deployer#flowable-async-job-executor-thread-7834#
[PollExecuteTaskStatusExecution] 282d6190-5c64-4101-ab50-6e41f87acfff [2026-06-19T13:11:11.768774] Deployment to container SALESORDERDB done [Deployment ID: none]. (STDOUT, APP/TASK/deploy)#
#2026 06 19 13:11:15.410#Z#DEBUG#1ab74262-6be0-11f1-9c60-eeee0a944cb1.sales-order-backend-db-deployer#flowable-async-job-executor-thread-7834#
[PollExecuteTaskStatusExecution] 282d6190-5c64-4101-ab50-6e41f87acfff [2026-06-19T13:11:11.770634] Deployment ended at 2026-06-19 13:11:11 (STDOUT, APP/TASK/deploy)#
#2026 06 19 13:11:15.410#Z#DEBUG#1ab74262-6be0-11f1-9c60-eeee0a944cb1.sales-order-backend-db-deployer#flowable-async-job-executor-thread-7834#
[PollExecuteTaskStatusExecution] 282d6190-5c64-4101-ab50-6e41f87acfff [2026-06-19T13:11:11.770907] (4s 561ms) (STDOUT, APP/TASK/deploy)#
#2026 06 19 13:11:15.410#Z#DEBUG#1ab74262-6be0-11f1-9c60-eeee0a944cb1.sales-order-backend-db-deployer#flowable-async-job-executor-thread-7834#
[PollExecuteTaskStatusExecution] 282d6190-5c64-4101-ab50-6e41f87acfff [2026-06-19T13:11:11.789499] npm notice (STDERR, APP/TASK/deploy)#
#2026 06 19 13:11:15.410#Z#DEBUG#1ab74262-6be0-11f1-9c60-eeee0a944cb1.sales-order-backend-db-deployer#flowable-async-job-executor-thread-7834#
[PollExecuteTaskStatusExecution] 282d6190-5c64-4101-ab50-6e41f87acfff [2026-06-19T13:11:11.789521] npm notice New minor version of npm available! 11.12.1 -> 11.17.0 (STDERR, APP/TASK/deploy)#
#2026 06 19 13:11:15.410#Z#DEBUG#1ab74262-6be0-11f1-9c60-eeee0a944cb1.sales-order-backend-db-deployer#flowable-async-job-executor-thread-7834#
[PollExecuteTaskStatusExecution] 282d6190-5c64-4101-ab50-6e41f87acfff [2026-06-19T13:11:11.789524] npm notice Changelog: https://github.com/npm/cli/releases/tag/v11.17.0 (STDERR, APP/TASK/deploy)#
#2026 06 19 13:11:15.410#Z#DEBUG#1ab74262-6be0-11f1-9c60-eeee0a944cb1.sales-order-backend-db-deployer#flowable-async-job-executor-thread-7834#
[PollExecuteTaskStatusExecution] 282d6190-5c64-4101-ab50-6e41f87acfff [2026-06-19T13:11:11.789527] npm notice To update run: npm install -g npm@11.17.0 (STDERR, APP/TASK/deploy)#
#2026 06 19 13:11:15.410#Z#DEBUG#1ab74262-6be0-11f1-9c60-eeee0a944cb1.sales-order-backend-db-deployer#flowable-async-job-executor-thread-7834#
[PollExecuteTaskStatusExecution] 282d6190-5c64-4101-ab50-6e41f87acfff [2026-06-19T13:11:11.789530] npm notice (STDERR, APP/TASK/deploy)#
#2026 06 19 13:11:15.410#Z#DEBUG#1ab74262-6be0-11f1-9c60-eeee0a944cb1.sales-order-backend-db-deployer#flowable-async-job-executor-thread-7834#
[PollExecuteTaskStatusExecution] 282d6190-5c64-4101-ab50-6e41f87acfff [2026-06-19T13:11:11.968072] Exit status 0 (STDOUT, APP/TASK/deploy)#
#2026 06 19 13:11:15.410#Z#DEBUG#1ab74262-6be0-11f1-9c60-eeee0a944cb1.sales-order-backend-db-deployer#flowable-async-job-executor-thread-7834#
[PollExecuteTaskStatusExecution] 282d6190-5c64-4101-ab50-6e41f87acfff [2026-06-19T13:11:12.278686] Cell 684caff8-89cd-492b-be01-b3d0835f1763 stopping instance 626ece13-961c-40b5-8e1e-afed8522b0d1 (STDOUT, CELL)#
#2026 06 19 13:11:15.410#Z#DEBUG#1ab74262-6be0-11f1-9c60-eeee0a944cb1.sales-order-backend-db-deployer#flowable-async-job-executor-thread-7834#
[PollExecuteTaskStatusExecution] 282d6190-5c64-4101-ab50-6e41f87acfff [2026-06-19T13:11:12.278743] Cell 684caff8-89cd-492b-be01-b3d0835f1763 destroying container for instance 626ece13-961c-40b5-8e1e-afed8522b0d1 (STDOUT, CELL)#
#2026 06 19 13:11:15.410#Z#DEBUG#1ab74262-6be0-11f1-9c60-eeee0a944cb1.sales-order-backend-db-deployer#flowable-async-job-executor-thread-7834#
[PollExecuteTaskStatusExecution] 282d6190-5c64-4101-ab50-6e41f87acfff [2026-06-19T13:11:14.667671] Cell 684caff8-89cd-492b-be01-b3d0835f1763 successfully destroyed container for instance 626ece13-961c-40b5-8e1e-afed8522b0d1 (STDOUT, CELL)#
